id_commande_client,date_reception,code_article,libelle_produit,quantite_commandee,chaine_froid_requise,site_livraison
FM-000821,06-04-2025,SKU-20011,Yaourt nature 4x125g,28,OUI,OMG-MAR
FM-000241,17/01/2025,SKU-20018,Pizza surgelee,9,OUI,OMG-LYO
FM-000074,2025-07-17,SKU-20018,Pizza surgelee,19,OUI,OMG-MAR
FM-000137,2026-05-24,SKU-20013,Filet de poulet 500g,17,OUI,OMG-MAR
FM-001032,14/05/2025,SKU-20016,Fromage rape 200g,5,OUI,OMG-LYO
FM-000812,21/02/2025,SKU-20017,Pommes Gala 1kg,26,OUI,OMG-LYO
FM-001201,05/04/2025,SKU-20012,Lait demi-ecreme 1L,31,OUI,OMG-LIL
FM-000401,26-05-2026,SKU-20019,Beurre doux 250g,40,OUI,OMG-LIL
FM-001201,05-04-2025,SKU-20012,Lait demi-ecreme 1L,23,OUI,OMG-LIL
FM-001209,22-05-2025,SKU-20019,Beurre doux 250g,37,OUI,OMG-LYO
FM-000505,14/08/2025,SKU-20019,Beurre doux 250g,13,OUI,OMG-LYO
FM-000524,10-06-2026,SKU-20011,Yaourt nature 4x125g,9,OUI,OMG-MAR
FM-000203,14/01/2026,SKU-20018,Pizza surgelee,19,OUI,OMG-LYO
FM-000348,21-09-2025,SKU-20012,Lait demi-ecreme 1L,17,OUI,OMG-LYO
FM-000266,11/12/2025,SKU-20015,Jus d'orange 1L,27,OUI,OMG-MAR
FM-000453,24/10/2025,SKU-20019,Beurre doux 250g,23,OUI,OMG-LIL
FM-000556,01-04-2025,SKU-20018,Pizza surgelee,30,OUI,OMG-LIL
FM-000802,2026-06-19,SKU-20013,Filet de poulet 500g,21,OUI,OMG-LIL
FM-000218,21/08/2025,SKU-20019,Beurre doux 250g,37,OUI,OMG-LIL
FM-000313,2025-06-15,SKU-20016,Fromage rape 200g,19,OUI,OMG-LYO
FM-000080,2025-11-03,SKU-20012,Lait demi-ecreme 1L,30,OUI,OMG-LYO
FM-001384,2026-02-22,SKU-20017,Pommes Gala 1kg,9,OUI,OMG-LIL
FM-000272,10/06/2026,SKU-20017,Pommes Gala 1kg,38,OUI,OMG-LIL
FM-001049,21-06-2026,SKU-20011,Yaourt nature 4x125g,26,OUI,OMG-LIL
FM-000378,2025-12-30,SKU-20013,Filet de poulet 500g,29,OUI,OMG-MAR
FM-001032,14-05-2025,SKU-20019,Beurre doux 250g,4,OUI,OMG-LYO
FM-001076,25/06/2026,SKU-20016,Fromage rape 200g,24,OUI,OMG-LYO
FM-000845,2026-02-20,SKU-20019,Beurre doux 250g,8,OUI,OMG-LYO
FM-000137,24/05/2026,SKU-20012,Lait demi-ecreme 1L,28,OUI,OMG-MAR
FM-000436,28-04-2026,SKU-20012,Lait demi-ecreme 1L,22,OUI,OMG-LYO
FM-000092,2025-02-09,SKU-20014,Epinards surgeles 1kg,7,OUI,OMG-MAR
FM-000799,22/08/2025,SKU-20019,Beurre doux 250g,21,OUI,OMG-MAR
FM-000142,2026-06-08,SKU-20018,Pizza surgelee,17,OUI,OMG-LIL
FM-000821,06/04/2025,SKU-20011,Yaourt nature 4x125g,17,OUI,OMG-MAR
FM-000480,15/01/2026,SKU-20018,Pizza surgelee,18,OUI,OMG-MAR
FM-000602,2026-06-12,SKU-20016,Fromage rape 200g,12,OUI,OMG-LIL
FM-000788,08/05/2026,SKU-20011,Yaourt nature 4x125g,12,OUI,OMG-LIL
FM-000887,15/08/2025,SKU-20018,Pizza surgelee,19,OUI,OMG-LYO
FM-000280,11-05-2025,SKU-20013,Filet de poulet 500g,40,OUI,OMG-LYO
FM-001251,17/01/2025,SKU-20015,Jus d'orange 1L,17,OUI,OMG-LYO
FM-001393,24-04-2025,SKU-20012,Lait demi-ecreme 1L,9,OUI,OMG-MAR
FM-000368,2025-02-23,SKU-20012,Lait demi-ecreme 1L,30,OUI,OMG-LYO
FM-001350,08-11-2025,SKU-20011,Yaourt nature 4x125g,2,OUI,OMG-LYO
FM-000410,10-05-2025,SKU-20011,Yaourt nature 4x125g,34,OUI,OMG-LIL
FM-001203,30-09-2025,SKU-20014,Epinards surgeles 1kg,11,OUI,OMG-MAR
FM-000331,25-09-2025,SKU-20018,Pizza surgelee,11,OUI,OMG-LIL
FM-000331,25/09/2025,SKU-20014,Epinards surgeles 1kg,5,OUI,OMG-LIL
FM-001009,24-11-2025,SKU-20015,Jus d'orange 1L,1,OUI,OMG-MAR
FM-000632,11-04-2026,SKU-20020,Compote pomme 4x100g,13,OUI,OMG-LIL
FM-000726,24-04-2025,SKU-20017,Pommes Gala 1kg,34,OUI,OMG-LYO
FM-000614,27/06/2025,SKU-20015,Jus d'orange 1L,36,OUI,OMG-MAR
FM-000281,30-11-2025,SKU-20011,Yaourt nature 4x125g,35,OUI,OMG-MAR
FM-000707,14/04/2026,SKU-20012,Lait demi-ecreme 1L,36,OUI,OMG-LYO
FM-000410,10-05-2025,SKU-20013,Filet de poulet 500g,38,OUI,OMG-LIL
FM-000090,20-11-2025,SKU-20013,Filet de poulet 500g,31,OUI,OMG-LIL
FM-001384,22/02/2026,SKU-20020,Compote pomme 4x100g,2,OUI,OMG-LIL
FM-000957,24/01/2025,SKU-20014,Epinards surgeles 1kg,12,OUI,OMG-LYO
FM-001313,08/07/2026,SKU-20020,Compote pomme 4x100g,8,OUI,OMG-LIL
FM-000136,17-06-2025,SKU-20011,Yaourt nature 4x125g,19,OUI,OMG-LYO
FM-001048,2025-10-16,SKU-20014,Epinards surgeles 1kg,40,OUI,OMG-LYO
FM-001085,2025-11-10,SKU-20017,Pommes Gala 1kg,2,OUI,OMG-LIL
FM-000625,01-06-2025,SKU-20012,Lait demi-ecreme 1L,22,OUI,OMG-LIL
FM-000374,03-04-2025,SKU-20011,Yaourt nature 4x125g,3,OUI,OMG-MAR
FM-001041,14/04/2026,SKU-20016,Fromage rape 200g,16,OUI,OMG-LYO
FM-000103,27/03/2026,SKU-20020,Compote pomme 4x100g,21,OUI,OMG-MAR
FM-000041,2025-07-15,SKU-20014,Epinards surgeles 1kg,5,OUI,OMG-LIL
FM-000528,26/01/2026,SKU-20015,Jus d'orange 1L,24,OUI,OMG-LIL
FM-000356,15-04-2025,SKU-20017,Pommes Gala 1kg,7,OUI,OMG-LIL
FM-000345,2025-10-02,SKU-20019,Beurre doux 250g,19,OUI,OMG-LIL
FM-001398,14-05-2025,SKU-20011,Yaourt nature 4x125g,35,OUI,OMG-LIL
FM-001313,08-07-2026,SKU-20013,Filet de poulet 500g,20,OUI,OMG-LIL
FM-000050,23-08-2025,SKU-20013,Filet de poulet 500g,18,OUI,OMG-LYO
FM-000651,26-02-2025,SKU-20017,Pommes Gala 1kg,3,OUI,OMG-LYO
FM-000886,23/10/2025,SKU-20019,Beurre doux 250g,12,OUI,OMG-MAR
FM-000573,2026-07-09,SKU-20017,Pommes Gala 1kg,37,OUI,OMG-LYO
FM-000458,2025-09-16,SKU-20018,Pizza surgelee,13,OUI,OMG-LIL
FM-000532,25-04-2025,SKU-20014,Epinards surgeles 1kg,27,OUI,OMG-LIL
FM-000025,30-07-2026,SKU-20013,Filet de poulet 500g,35,OUI,OMG-LYO
FM-000555,2025-05-09,SKU-20018,Pizza surgelee,4,OUI,OMG-LIL
FM-000092,09-02-2025,SKU-20015,Jus d'orange 1L,23,OUI,OMG-MAR
FM-000082,16-10-2025,SKU-20020,Compote pomme 4x100g,27,OUI,OMG-LIL
FM-000037,11-05-2026,SKU-20015,Jus d'orange 1L,29,OUI,OMG-LYO
FM-000831,2025-07-02,SKU-20013,Filet de poulet 500g,10,OUI,OMG-LYO
FM-000984,13-01-2026,SKU-20020,Compote pomme 4x100g,28,OUI,OMG-LIL
FM-001366,2025-10-03,SKU-20015,Jus d'orange 1L,36,OUI,OMG-LYO
FM-001032,14-05-2025,SKU-20016,Fromage rape 200g,31,OUI,OMG-LYO
FM-000766,08/11/2025,SKU-20020,Compote pomme 4x100g,21,OUI,OMG-LIL
FM-000891,2025-06-20,SKU-20015,Jus d'orange 1L,29,OUI,OMG-MAR
FM-001024,2025-12-07,SKU-20011,Yaourt nature 4x125g,8,OUI,OMG-LIL
FM-000920,25/06/2026,SKU-20012,Lait demi-ecreme 1L,12,OUI,OMG-MAR
FM-000944,04-02-2026,SKU-20011,Yaourt nature 4x125g,24,OUI,OMG-MAR
FM-000398,16-02-2025,SKU-20015,Jus d'orange 1L,4,OUI,OMG-LYO
FM-000503,21-02-2025,SKU-20020,Compote pomme 4x100g,28,OUI,OMG-LIL
FM-000814,23-02-2025,SKU-20011,Yaourt nature 4x125g,31,OUI,OMG-MAR
FM-001063,29/10/2025,SKU-20013,Filet de poulet 500g,34,OUI,OMG-LIL
FM-000253,22/10/2025,SKU-20012,Lait demi-ecreme 1L,3,OUI,OMG-LIL
FM-000765,10-12-2025,SKU-20018,Pizza surgelee,3,OUI,OMG-LIL
FM-001396,02/02/2025,SKU-20011,Yaourt nature 4x125g,25,OUI,OMG-LYO
FM-000845,2026-02-20,SKU-20020,Compote pomme 4x100g,4,OUI,OMG-LYO
FM-001288,03/07/2025,SKU-20018,Pizza surgelee,35,OUI,OMG-LYO
FM-000076,2025-08-18,SKU-20011,Yaourt nature 4x125g,26,OUI,OMG-MAR
FM-000719,24/04/2026,SKU-20013,Filet de poulet 500g,26,OUI,OMG-LYO
FM-000142,2026-06-08,SKU-20011,Yaourt nature 4x125g,39,OUI,OMG-LIL
FM-001009,2025-11-24,SKU-20012,Lait demi-ecreme 1L,17,OUI,OMG-MAR
FM-001351,27/11/2025,SKU-20015,Jus d'orange 1L,32,OUI,OMG-LIL
FM-001102,2025-02-02,SKU-20013,Filet de poulet 500g,9,OUI,OMG-LYO
FM-001378,31/05/2026,SKU-20020,Compote pomme 4x100g,26,OUI,OMG-MAR
FM-000460,22/04/2026,SKU-20012,Lait demi-ecreme 1L,37,OUI,OMG-LYO
FM-001184,2025-08-15,SKU-20012,Lait demi-ecreme 1L,30,OUI,OMG-MAR
FM-001070,2026-03-13,SKU-20015,Jus d'orange 1L,16,OUI,OMG-LYO
FM-000468,2026-04-24,SKU-20017,Pommes Gala 1kg,21,OUI,OMG-MAR
FM-000100,2025-11-11,SKU-20018,Pizza surgelee,24,OUI,OMG-LYO
FM-001041,14/04/2026,SKU-20018,Pizza surgelee,8,OUI,OMG-LYO
FM-000397,15/09/2025,SKU-20014,Epinards surgeles 1kg,14,OUI,OMG-LYO
FM-000453,24-10-2025,SKU-20015,Jus d'orange 1L,22,OUI,OMG-LIL
FM-000672,13/04/2026,SKU-20011,Yaourt nature 4x125g,8,OUI,OMG-LYO
FM-000039,2025-11-22,SKU-20015,Jus d'orange 1L,28,OUI,OMG-LIL
FM-000353,18/06/2026,SKU-20018,Pizza surgelee,21,OUI,OMG-LIL
FM-000325,04/01/2025,SKU-20017,Pommes Gala 1kg,18,OUI,OMG-LYO
FM-000674,2025-11-28,SKU-20019,Beurre doux 250g,35,OUI,OMG-LYO
FM-001366,03-10-2025,SKU-20013,Filet de poulet 500g,32,OUI,OMG-LYO
FM-000600,2026-04-03,SKU-20016,Fromage rape 200g,28,OUI,OMG-LIL
FM-001244,2025-01-21,SKU-20011,Yaourt nature 4x125g,17,OUI,OMG-LIL
FM-001071,2025-10-22,SKU-20020,Compote pomme 4x100g,24,OUI,OMG-LIL
FM-001039,2025-05-14,SKU-20016,Fromage rape 200g,37,OUI,OMG-LYO
FM-001003,26-05-2025,SKU-20019,Beurre doux 250g,29,OUI,OMG-LIL
FM-000550,15-10-2025,SKU-20014,Epinards surgeles 1kg,25,OUI,OMG-LYO
FM-001292,17-02-2025,SKU-20014,Epinards surgeles 1kg,26,OUI,OMG-MAR
FM-001203,2025-09-30,SKU-20019,Beurre doux 250g,26,OUI,OMG-MAR
FM-000100,11/11/2025,SKU-20012,Lait demi-ecreme 1L,28,OUI,OMG-LYO
FM-000666,04-03-2025,SKU-20018,Pizza surgelee,28,OUI,OMG-LIL
FM-000481,27-03-2026,SKU-20011,Yaourt nature 4x125g,3,OUI,OMG-LIL
FM-000524,2026-06-10,SKU-20011,Yaourt nature 4x125g,38,OUI,OMG-MAR
FM-001261,23-02-2026,SKU-20017,Pommes Gala 1kg,34,OUI,OMG-LYO
FM-001003,26-05-2025,SKU-20012,Lait demi-ecreme 1L,18,OUI,OMG-LIL
FM-000119,2025-11-06,SKU-20011,Yaourt nature 4x125g,13,OUI,OMG-MAR
FM-000721,2025-12-07,SKU-20013,Filet de poulet 500g,9,OUI,OMG-LYO
FM-000681,2025-09-24,SKU-20016,Fromage rape 200g,26,OUI,OMG-MAR
FM-000340,2025-05-01,SKU-20015,Jus d'orange 1L,17,OUI,OMG-LYO
FM-000029,23-06-2025,SKU-20017,Pommes Gala 1kg,22,OUI,OMG-LYO
FM-000530,21-08-2025,SKU-20017,Pommes Gala 1kg,26,OUI,OMG-MAR
FM-001070,2026-03-13,SKU-20011,Yaourt nature 4x125g,9,OUI,OMG-LYO
FM-000192,30-03-2025,SKU-20013,Filet de poulet 500g,36,OUI,OMG-LIL
FM-000462,28-06-2026,SKU-20019,Beurre doux 250g,32,OUI,OMG-LYO
FM-000480,2026-01-15,SKU-20020,Compote pomme 4x100g,31,OUI,OMG-MAR
FM-000846,2025-01-24,SKU-20016,Fromage rape 200g,4,OUI,OMG-MAR
FM-000104,14/02/2025,SKU-20012,Lait demi-ecreme 1L,6,OUI,OMG-LYO
FM-000636,07-02-2026,SKU-20016,Fromage rape 200g,28,OUI,OMG-LIL
FM-000410,10/05/2025,SKU-20019,Beurre doux 250g,8,OUI,OMG-LIL
FM-000886,23-10-2025,SKU-20016,Fromage rape 200g,31,OUI,OMG-MAR
FM-000120,07-11-2025,SKU-20016,Fromage rape 200g,34,OUI,OMG-LIL
FM-001337,21-02-2026,SKU-20018,Pizza surgelee,20,OUI,OMG-LYO
FM-001174,28-11-2025,SKU-20014,Epinards surgeles 1kg,1,OUI,OMG-LYO
FM-000335,2025-04-21,SKU-20015,Jus d'orange 1L,11,OUI,OMG-MAR
FM-001251,17-01-2025,SKU-20019,Beurre doux 250g,28,OUI,OMG-LYO
FM-001295,2025-01-31,SKU-20017,Pommes Gala 1kg,40,OUI,OMG-MAR
FM-000516,2025-12-11,SKU-20014,Epinards surgeles 1kg,5,OUI,OMG-MAR
FM-000460,22-04-2026,SKU-20015,Jus d'orange 1L,7,OUI,OMG-LYO
FM-001233,21-08-2025,SKU-20013,Filet de poulet 500g,5,OUI,OMG-MAR
FM-000651,26/02/2025,SKU-20011,Yaourt nature 4x125g,17,OUI,OMG-LYO
FM-001127,06/03/2026,SKU-20014,Epinards surgeles 1kg,40,OUI,OMG-LIL
FM-000619,2025-02-20,SKU-20018,Pizza surgelee,4,OUI,OMG-MAR
FM-000765,2025-12-10,SKU-20012,Lait demi-ecreme 1L,37,OUI,OMG-LIL
FM-000960,28/03/2025,SKU-20017,Pommes Gala 1kg,22,OUI,OMG-MAR
FM-000633,30/01/2026,SKU-20014,Epinards surgeles 1kg,6,OUI,OMG-LYO
FM-001261,23/02/2026,SKU-20018,Pizza surgelee,22,OUI,OMG-LYO
FM-000191,06/11/2025,SKU-20014,Epinards surgeles 1kg,21,OUI,OMG-LYO
FM-000020,2026-06-05,SKU-20013,Filet de poulet 500g,20,OUI,OMG-LYO
FM-000726,24-04-2025,SKU-20015,Jus d'orange 1L,15,OUI,OMG-LYO
FM-000128,21-03-2026,SKU-20018,Pizza surgelee,34,OUI,OMG-MAR
FM-000446,06/02/2026,SKU-20012,Lait demi-ecreme 1L,16,OUI,OMG-LIL
FM-001087,2025-05-03,SKU-20013,Filet de poulet 500g,32,OUI,OMG-LIL
FM-000914,13-02-2026,SKU-20015,Jus d'orange 1L,3,OUI,OMG-LIL
FM-000061,31/03/2026,SKU-20016,Fromage rape 200g,27,OUI,OMG-LYO
FM-000665,08/05/2025,SKU-20020,Compote pomme 4x100g,16,OUI,OMG-LIL
FM-000126,21-04-2026,SKU-20018,Pizza surgelee,12,OUI,OMG-LYO
FM-000873,10-05-2025,SKU-20019,Beurre doux 250g,31,OUI,OMG-LYO
FM-000912,04/09/2025,SKU-20017,Pommes Gala 1kg,36,OUI,OMG-MAR
FM-001102,2025-02-02,SKU-20019,Beurre doux 250g,21,OUI,OMG-LYO
FM-000058,2025-12-31,SKU-20015,Jus d'orange 1L,,OUI,OMG-LYO
FM-001153,2025-06-15,SKU-20017,Pommes Gala 1kg,29,OUI,OMG-LIL
FM-000093,13-10-2025,SKU-20020,Compote pomme 4x100g,40,OUI,OMG-MAR
FM-000717,13-05-2025,SKU-20016,Fromage rape 200g,16,OUI,OMG-LIL
FM-001388,15/07/2025,SKU-20018,Pizza surgelee,38,OUI,OMG-MAR
FM-001041,14/04/2026,SKU-20019,Beurre doux 250g,5,OUI,OMG-LYO
FM-000410,10-05-2025,SKU-20018,Pizza surgelee,6,OUI,OMG-LIL
FM-000050,23-08-2025,SKU-20013,Filet de poulet 500g,32,OUI,OMG-LYO
FM-000583,2025-11-08,SKU-20017,Pommes Gala 1kg,3,OUI,OMG-LIL
FM-000690,2026-06-12,SKU-20019,Beurre doux 250g,39,OUI,OMG-LIL
FM-000092,09-02-2025,SKU-20012,Lait demi-ecreme 1L,37,OUI,OMG-MAR
FM-000494,2025-10-15,SKU-20019,Beurre doux 250g,20,OUI,OMG-LIL
FM-001294,2026-03-19,SKU-20019,Beurre doux 250g,12,OUI,OMG-LIL
FM-001322,2026-04-26,SKU-20017,Pommes Gala 1kg,36,OUI,OMG-LYO
FM-001147,30-03-2026,SKU-20018,Pizza surgelee,39,OUI,OMG-MAR
FM-000960,28-03-2025,SKU-20013,Filet de poulet 500g,16,OUI,OMG-MAR
FM-000398,16/02/2025,SKU-20012,Lait demi-ecreme 1L,2,OUI,OMG-LYO
FM-000543,24/06/2026,SKU-20013,Filet de poulet 500g,29,OUI,OMG-LIL
FM-000921,05/03/2025,SKU-20015,Jus d'orange 1L,13,OUI,OMG-LIL
FM-000214,08/09/2025,SKU-20013,Filet de poulet 500g,37,OUI,OMG-LIL
FM-000401,2026-05-26,SKU-20014,Epinards surgeles 1kg,37,OUI,OMG-LIL
FM-001009,24-11-2025,SKU-20016,Fromage rape 200g,9,OUI,OMG-MAR
FM-000581,2025-05-14,SKU-20014,Epinards surgeles 1kg,10,OUI,OMG-MAR
FM-000155,12-07-2025,SKU-20015,Jus d'orange 1L,22,OUI,OMG-LIL
FM-001334,2026-04-18,SKU-20017,Pommes Gala 1kg,4,OUI,OMG-LYO
FM-001147,30/03/2026,SKU-20014,Epinards surgeles 1kg,18,OUI,OMG-MAR
FM-000067,2026-01-12,SKU-20020,Compote pomme 4x100g,25,OUI,OMG-MAR
FM-000175,14/05/2026,SKU-20013,Filet de poulet 500g,9,OUI,OMG-MAR
FM-001292,17-02-2025,SKU-20019,Beurre doux 250g,10,OUI,OMG-MAR
FM-000341,08-03-2026,SKU-20020,Compote pomme 4x100g,23,OUI,OMG-MAR
FM-000721,07/12/2025,SKU-20016,Fromage rape 200g,28,OUI,OMG-LYO
FM-001342,2025-05-06,SKU-20011,Yaourt nature 4x125g,29,OUI,OMG-MAR
FM-000198,26/03/2025,SKU-20013,Filet de poulet 500g,36,OUI,OMG-MAR
FM-000201,2026-01-16,SKU-20020,Compote pomme 4x100g,8,OUI,OMG-MAR
FM-000401,26/05/2026,SKU-20013,Filet de poulet 500g,28,OUI,OMG-LIL
FM-000191,2025-11-06,SKU-20018,Pizza surgelee,37,OUI,OMG-LYO
FM-001005,2025-10-11,SKU-20019,Beurre doux 250g,9,OUI,OMG-LYO
FM-001299,22-01-2026,SKU-20019,Beurre doux 250g,37,OUI,OMG-MAR
FM-000486,2025-03-28,SKU-20012,Lait demi-ecreme 1L,36,OUI,OMG-LYO
FM-000400,01-10-2025,SKU-20015,Jus d'orange 1L,4,OUI,OMG-MAR
FM-000067,2026-01-12,SKU-20019,Beurre doux 250g,25,OUI,OMG-MAR
FM-001021,2026-05-09,SKU-20019,Beurre doux 250g,21,OUI,OMG-MAR
FM-000997,07/09/2025,SKU-20016,Fromage rape 200g,2,OUI,OMG-MAR
FM-000929,09-07-2025,SKU-20018,Pizza surgelee,26,OUI,OMG-LIL
FM-000398,2025-02-16,SKU-20015,Jus d'orange 1L,24,OUI,OMG-LYO
FM-000741,2025-11-09,SKU-20017,Pommes Gala 1kg,25,OUI,OMG-MAR
FM-001127,06/03/2026,SKU-20017,Pommes Gala 1kg,7,OUI,OMG-LIL
FM-001093,2026-07-20,SKU-20018,Pizza surgelee,16,OUI,OMG-MAR
FM-000313,15-06-2025,SKU-20019,Beurre doux 250g,31,OUI,OMG-LYO
FM-000473,2026-03-10,SKU-20019,Beurre doux 250g,7,OUI,OMG-LYO
FM-000812,2025-02-21,SKU-20017,Pommes Gala 1kg,7,OUI,OMG-LYO
FM-000729,08/10/2025,SKU-20020,Compote pomme 4x100g,25,OUI,OMG-MAR
FM-000262,29/06/2026,SKU-20020,Compote pomme 4x100g,38,OUI,OMG-LYO
FM-001315,11-06-2025,SKU-20019,Beurre doux 250g,14,OUI,OMG-LYO
FM-000194,29/01/2026,SKU-20016,Fromage rape 200g,35,OUI,OMG-MAR
FM-000936,08-05-2025,SKU-20011,Yaourt nature 4x125g,11,OUI,OMG-LYO
FM-000658,2025-05-15,SKU-20011,Yaourt nature 4x125g,25,OUI,OMG-LIL
FM-000350,07-03-2026,SKU-20014,Epinards surgeles 1kg,37,OUI,OMG-LYO
FM-001184,2025-08-15,SKU-20013,Filet de poulet 500g,33,OUI,OMG-MAR
FM-000777,01/10/2025,SKU-20017,Pommes Gala 1kg,24,OUI,OMG-LIL
FM-000788,08-05-2026,SKU-20013,Filet de poulet 500g,20,OUI,OMG-LIL
FM-000883,29/01/2026,SKU-20016,Fromage rape 200g,3,OUI,OMG-LYO
FM-001075,2025-07-31,SKU-20013,Filet de poulet 500g,40,OUI,OMG-LYO
FM-000623,09-01-2026,SKU-20013,Filet de poulet 500g,3,OUI,OMG-LIL
FM-000674,2025-11-28,SKU-20017,Pommes Gala 1kg,38,OUI,OMG-LYO
FM-000080,03-11-2025,SKU-20014,Epinards surgeles 1kg,31,OUI,OMG-LYO
FM-000587,18/07/2026,SKU-20015,Jus d'orange 1L,14,OUI,OMG-LIL
FM-000148,26/03/2025,SKU-20011,Yaourt nature 4x125g,34,OUI,OMG-LYO
FM-000326,26-03-2025,SKU-20013,Filet de poulet 500g,35,OUI,OMG-MAR
FM-000315,17/07/2026,SKU-20016,Fromage rape 200g,33,OUI,OMG-MAR
FM-000281,30-11-2025,SKU-20014,Epinards surgeles 1kg,24,OUI,OMG-MAR
FM-000791,21/01/2026,SKU-20012,Lait demi-ecreme 1L,38,OUI,OMG-MAR
FM-000111,07-08-2025,SKU-20013,Filet de poulet 500g,13,OUI,OMG-LIL
FM-000923,2025-10-10,SKU-20019,Beurre doux 250g,37,OUI,OMG-MAR
FM-000132,13/06/2025,SKU-20015,Jus d'orange 1L,20,OUI,OMG-MAR
FM-001290,21-03-2026,SKU-20014,Epinards surgeles 1kg,28,OUI,OMG-LYO
FM-000564,12/04/2026,SKU-20017,Pommes Gala 1kg,6,OUI,OMG-MAR
FM-000377,30/05/2025,SKU-20015,Jus d'orange 1L,3,OUI,OMG-MAR
FM-000168,22/02/2026,SKU-20018,Pizza surgelee,4,OUI,OMG-LYO
FM-000293,2025-02-05,SKU-20011,Yaourt nature 4x125g,34,OUI,OMG-LIL
FM-000614,27/06/2025,SKU-20019,Beurre doux 250g,40,OUI,OMG-MAR
FM-001094,24/04/2025,SKU-20014,Epinards surgeles 1kg,13,OUI,OMG-MAR
FM-000128,2026-03-21,SKU-20017,Pommes Gala 1kg,27,OUI,OMG-MAR
FM-000665,08-05-2025,SKU-20017,Pommes Gala 1kg,12,OUI,OMG-LIL
FM-000602,12/06/2026,SKU-20013,Filet de poulet 500g,27,OUI,OMG-LIL
FM-000507,2025-05-07,SKU-20014,Epinards surgeles 1kg,36,OUI,OMG-LIL
FM-001398,14-05-2025,SKU-20016,Fromage rape 200g,17,OUI,OMG-LIL
FM-000924,27/01/2026,SKU-20014,Epinards surgeles 1kg,30,OUI,OMG-MAR
FM-000564,12-04-2026,SKU-20013,Filet de poulet 500g,28,OUI,OMG-MAR
FM-000802,2026-06-19,SKU-20018,Pizza surgelee,8,OUI,OMG-LIL
FM-000353,18/06/2026,SKU-20012,Lait demi-ecreme 1L,34,OUI,OMG-LIL
FM-000931,09/05/2025,SKU-20014,Epinards surgeles 1kg,12,OUI,OMG-LIL
FM-001010,22/04/2025,SKU-20014,Epinards surgeles 1kg,26,OUI,OMG-LYO
FM-000368,23/02/2025,SKU-20020,Compote pomme 4x100g,29,OUI,OMG-LYO
FM-000055,2026-04-07,SKU-20014,Epinards surgeles 1kg,19,OUI,OMG-MAR
FM-000157,2026-03-03,SKU-20019,Beurre doux 250g,29,OUI,OMG-MAR
FM-001147,30/03/2026,SKU-20012,Lait demi-ecreme 1L,31,OUI,OMG-MAR
FM-000067,12/01/2026,SKU-20014,Epinards surgeles 1kg,27,OUI,OMG-MAR
FM-000266,11/12/2025,SKU-20020,Compote pomme 4x100g,6,OUI,OMG-MAR
FM-000421,17-09-2025,SKU-20015,Jus d'orange 1L,17,OUI,OMG-LYO
FM-000768,20/02/2026,SKU-20014,Epinards surgeles 1kg,26,OUI,OMG-MAR
FM-000377,30-05-2025,SKU-20019,Beurre doux 250g,19,OUI,OMG-MAR
FM-000340,01/05/2025,SKU-20020,Compote pomme 4x100g,18,OUI,OMG-LYO
FM-001062,2026-07-07,SKU-20016,Fromage rape 200g,14,OUI,OMG-LIL
FM-001362,2026-02-23,SKU-20015,Jus d'orange 1L,35,OUI,OMG-LYO
FM-001049,2026-06-21,SKU-20017,Pommes Gala 1kg,18,OUI,OMG-LIL
FM-000655,10/04/2026,SKU-20014,Epinards surgeles 1kg,6,OUI,OMG-LYO
FM-000791,21-01-2026,SKU-20013,Filet de poulet 500g,13,OUI,OMG-MAR
FM-001089,2025-08-30,SKU-20019,Beurre doux 250g,19,OUI,OMG-MAR
FM-000729,08-10-2025,SKU-20016,Fromage rape 200g,16,OUI,OMG-MAR
FM-000157,2026-03-03,SKU-20014,Epinards surgeles 1kg,16,OUI,OMG-MAR
FM-000453,2025-10-24,SKU-20017,Pommes Gala 1kg,40,OUI,OMG-LIL
FM-000253,22/10/2025,SKU-20020,Compote pomme 4x100g,15,OUI,OMG-LIL
FM-001156,2025-07-13,SKU-20018,Pizza surgelee,2,OUI,OMG-LIL
FM-001188,16/05/2026,SKU-20011,Yaourt nature 4x125g,24,OUI,OMG-LYO
FM-000494,15/10/2025,SKU-20011,Yaourt nature 4x125g,21,OUI,OMG-LIL
FM-000147,24-04-2025,SKU-20018,Pizza surgelee,17,OUI,OMG-LIL
FM-001282,15-02-2025,SKU-20013,Filet de poulet 500g,26,OUI,OMG-LYO
FM-000107,15/07/2025,SKU-20015,Jus d'orange 1L,26,OUI,OMG-LIL
FM-001027,24/06/2026,SKU-20014,Epinards surgeles 1kg,29,OUI,OMG-LYO
FM-000446,2026-02-06,SKU-20018,Pizza surgelee,5,OUI,OMG-LIL
FM-000155,12-07-2025,SKU-20014,Epinards surgeles 1kg,29,OUI,OMG-LIL
FM-001111,17/10/2025,SKU-20011,Yaourt nature 4x125g,8,OUI,OMG-MAR
FM-000507,07-05-2025,SKU-20019,Beurre doux 250g,15,OUI,OMG-LIL
FM-001283,06/05/2025,SKU-20011,Yaourt nature 4x125g,26,OUI,OMG-LYO
FM-001353,25/01/2025,SKU-20017,Pommes Gala 1kg,27,OUI,OMG-LYO
FM-001154,25/02/2026,SKU-20018,Pizza surgelee,28,OUI,OMG-LYO
FM-001111,17-10-2025,SKU-20011,Yaourt nature 4x125g,20,OUI,OMG-MAR
FM-000338,26-06-2026,SKU-20016,Fromage rape 200g,38,OUI,OMG-LYO
FM-000846,24-01-2025,SKU-20013,Filet de poulet 500g,14,OUI,OMG-MAR
FM-001388,15-07-2025,SKU-20011,Yaourt nature 4x125g,7,OUI,OMG-MAR
FM-000791,21/01/2026,SKU-20014,Epinards surgeles 1kg,17,OUI,OMG-MAR
FM-001379,2025-03-12,SKU-20015,Jus d'orange 1L,21,OUI,OMG-MAR
FM-000776,2025-05-29,SKU-20018,Pizza surgelee,30,OUI,OMG-LYO
FM-000500,06-01-2025,SKU-20020,Compote pomme 4x100g,9,OUI,OMG-LYO
FM-000350,07-03-2026,SKU-20016,Fromage rape 200g,23,OUI,OMG-LYO
FM-000773,20/02/2026,SKU-20020,Compote pomme 4x100g,25,OUI,OMG-LIL
FM-001281,18/05/2025,SKU-20018,Pizza surgelee,27,OUI,OMG-LIL
FM-001312,2026-02-23,SKU-20018,Pizza surgelee,22,OUI,OMG-LIL
FM-000237,04/04/2025,SKU-20018,Pizza surgelee,20,OUI,OMG-LIL
FM-000035,2026-03-24,SKU-20011,Yaourt nature 4x125g,7,OUI,OMG-MAR
FM-000506,17-06-2026,SKU-20019,Beurre doux 250g,38,OUI,OMG-LIL
FM-001378,31-05-2026,SKU-20020,Compote pomme 4x100g,36,OUI,OMG-MAR
FM-000814,23/02/2025,SKU-20018,Pizza surgelee,10,OUI,OMG-MAR
FM-001076,25/06/2026,SKU-20017,Pommes Gala 1kg,22,OUI,OMG-LYO
FM-001308,03-11-2025,SKU-20015,Jus d'orange 1L,30,OUI,OMG-LYO
FM-001233,21/08/2025,SKU-20013,Filet de poulet 500g,24,OUI,OMG-MAR
FM-000681,2025-09-24,SKU-20017,Pommes Gala 1kg,40,OUI,OMG-MAR
FM-000080,03-11-2025,SKU-20016,Fromage rape 200g,17,OUI,OMG-LYO
FM-000121,2025-03-21,SKU-20013,Filet de poulet 500g,29,OUI,OMG-LIL
FM-000927,19/09/2025,SKU-20013,Filet de poulet 500g,23,OUI,OMG-LIL
FM-000486,2025-03-28,SKU-20013,Filet de poulet 500g,36,OUI,OMG-LYO
FM-000749,2026-01-19,SKU-20013,Filet de poulet 500g,16,OUI,OMG-LIL
FM-000377,30/05/2025,SKU-20018,Pizza surgelee,29,OUI,OMG-MAR
FM-001190,2026-06-28,SKU-20015,Jus d'orange 1L,27,OUI,OMG-MAR
FM-000434,2025-01-24,SKU-20016,Fromage rape 200g,31,OUI,OMG-LIL
FM-000075,26/11/2025,SKU-20017,Pommes Gala 1kg,37,OUI,OMG-MAR
FM-000591,05-03-2025,SKU-20013,Filet de poulet 500g,31,OUI,OMG-LIL
FM-000776,29-05-2025,SKU-20019,Beurre doux 250g,8,OUI,OMG-LYO
FM-000082,2025-10-16,SKU-20013,Filet de poulet 500g,27,OUI,OMG-LIL
FM-001351,27-11-2025,SKU-20014,Epinards surgeles 1kg,13,OUI,OMG-LIL
FM-001306,12/08/2025,SKU-20015,Jus d'orange 1L,40,OUI,OMG-MAR
FM-001044,2026-06-16,SKU-20012,Lait demi-ecreme 1L,20,OUI,OMG-LIL
FM-000107,15-07-2025,SKU-20012,Lait demi-ecreme 1L,38,OUI,OMG-LIL
FM-000100,11-11-2025,SKU-20013,Filet de poulet 500g,40,OUI,OMG-LYO
FM-001379,2025-03-12,SKU-20011,Yaourt nature 4x125g,8,OUI,OMG-MAR
FM-000272,10/06/2026,SKU-20012,Lait demi-ecreme 1L,1,OUI,OMG-LIL
FM-000460,22/04/2026,SKU-20015,Jus d'orange 1L,29,OUI,OMG-LYO
FM-000294,10/06/2026,SKU-20019,Beurre doux 250g,40,OUI,OMG-MAR
FM-001039,14-05-2025,SKU-20019,Beurre doux 250g,14,OUI,OMG-LYO
FM-000387,16/06/2025,SKU-20015,Jus d'orange 1L,36,OUI,OMG-LYO
FM-000502,2026-05-23,SKU-20017,Pommes Gala 1kg,12,OUI,OMG-LYO
FM-000675,12-06-2025,SKU-20012,Lait demi-ecreme 1L,27,OUI,OMG-MAR
FM-000325,04/01/2025,SKU-20016,Fromage rape 200g,9,OUI,OMG-LYO
FM-000253,22-10-2025,SKU-20012,Lait demi-ecreme 1L,31,OUI,OMG-LIL
FM-000281,2025-11-30,SKU-20011,Yaourt nature 4x125g,21,OUI,OMG-MAR
FM-000262,29/06/2026,SKU-20013,Filet de poulet 500g,37,OUI,OMG-LYO
FM-001048,16/10/2025,SKU-20015,Jus d'orange 1L,28,OUI,OMG-LYO
FM-000719,24/04/2026,SKU-20016,Fromage rape 200g,7,OUI,OMG-LYO
FM-000550,2025-10-15,SKU-20012,Lait demi-ecreme 1L,1,OUI,OMG-LYO
FM-000047,29-06-2026,SKU-20011,Yaourt nature 4x125g,34,OUI,OMG-MAR
FM-001379,12/03/2025,SKU-20013,Filet de poulet 500g,4,OUI,OMG-MAR
FM-001188,2026-05-16,SKU-20020,Compote pomme 4x100g,20,OUI,OMG-LYO
FM-000925,31/03/2025,SKU-20018,Pizza surgelee,9,OUI,OMG-LYO
FM-001089,2025-08-30,SKU-20016,Fromage rape 200g,24,OUI,OMG-MAR
FM-000723,2026-07-18,SKU-20013,Filet de poulet 500g,8,OUI,OMG-MAR
FM-000977,14/03/2026,SKU-20011,Yaourt nature 4x125g,26,OUI,OMG-LIL
FM-000092,09/02/2025,SKU-20019,Beurre doux 250g,14,OUI,OMG-MAR
FM-000121,21/03/2025,SKU-20015,Jus d'orange 1L,29,OUI,OMG-LIL
FM-000501,2025-08-23,SKU-20018,Pizza surgelee,36,OUI,OMG-LYO
FM-000175,14/05/2026,SKU-20013,Filet de poulet 500g,35,OUI,OMG-MAR
FM-000062,29-01-2025,SKU-20019,Beurre doux 250g,1,OUI,OMG-MAR
FM-000572,2025-09-17,SKU-20020,Compote pomme 4x100g,39,OUI,OMG-LYO
FM-001217,23-09-2025,SKU-20013,Filet de poulet 500g,8,OUI,OMG-LYO
FM-000345,02/10/2025,SKU-20012,Lait demi-ecreme 1L,6,OUI,OMG-LIL
FM-000285,2025-07-18,SKU-20011,Yaourt nature 4x125g,4,OUI,OMG-MAR
FM-000397,15-09-2025,SKU-20015,Jus d'orange 1L,36,OUI,OMG-LYO
FM-001283,2025-05-06,SKU-20019,Beurre doux 250g,35,OUI,OMG-LYO
FM-000501,2025-08-23,SKU-20018,Pizza surgelee,15,OUI,OMG-LYO
FM-001093,2026-07-20,SKU-20017,Pommes Gala 1kg,13,OUI,OMG-MAR
FM-000726,24-04-2025,SKU-20014,Epinards surgeles 1kg,6,OUI,OMG-LYO
FM-000364,31/07/2025,SKU-20019,Beurre doux 250g,12,OUI,OMG-MAR
FM-000283,09/02/2026,SKU-20016,Fromage rape 200g,32,OUI,OMG-MAR
FM-001003,26-05-2025,SKU-20017,Pommes Gala 1kg,29,OUI,OMG-LIL
FM-001387,26/05/2026,SKU-20020,Compote pomme 4x100g,5,OUI,OMG-MAR
FM-000516,11/12/2025,SKU-20018,Pizza surgelee,24,OUI,OMG-MAR
FM-000403,25/05/2026,SKU-20019,Beurre doux 250g,35,OUI,OMG-LYO
FM-000729,08-10-2025,SKU-20015,Jus d'orange 1L,14,OUI,OMG-MAR
FM-001048,2025-10-16,SKU-20011,Yaourt nature 4x125g,10,OUI,OMG-LYO
FM-000039,2025-11-22,SKU-20020,Compote pomme 4x100g,15,OUI,OMG-LIL
FM-001134,2026-03-11,SKU-20013,Filet de poulet 500g,26,OUI,OMG-LYO
FM-000729,2025-10-08,SKU-20012,Lait demi-ecreme 1L,7,OUI,OMG-MAR
FM-001313,2026-07-08,SKU-20013,Filet de poulet 500g,33,OUI,OMG-LIL
FM-001337,21/02/2026,SKU-20019,Beurre doux 250g,7,OUI,OMG-LYO
FM-000280,11/05/2025,SKU-20018,Pizza surgelee,6,OUI,OMG-LYO
FM-000607,14-07-2025,SKU-20020,Compote pomme 4x100g,33,OUI,OMG-MAR
FM-000925,31/03/2025,SKU-20018,Pizza surgelee,38,OUI,OMG-LYO
FM-000845,20/02/2026,SKU-20020,Compote pomme 4x100g,33,OUI,OMG-LYO
FM-001123,03-04-2025,SKU-20016,Fromage rape 200g,25,OUI,OMG-LIL
FM-001180,2026-01-13,SKU-20014,Epinards surgeles 1kg,26,OUI,OMG-LYO
FM-000792,09/04/2026,SKU-20017,Pommes Gala 1kg,13,OUI,OMG-LIL
FM-000456,30-05-2025,SKU-20020,Compote pomme 4x100g,9,OUI,OMG-LIL
FM-000092,09/02/2025,SKU-20013,Filet de poulet 500g,31,OUI,OMG-MAR
FM-000241,17/01/2025,SKU-20012,Lait demi-ecreme 1L,22,OUI,OMG-LYO
FM-000738,2026-05-08,SKU-20016,Fromage rape 200g,18,OUI,OMG-MAR
FM-000873,10/05/2025,SKU-20011,Yaourt nature 4x125g,28,OUI,OMG-LYO
FM-000537,12/03/2025,SKU-20016,Fromage rape 200g,22,OUI,OMG-LIL
FM-001065,2025-05-02,SKU-20014,Epinards surgeles 1kg,25,OUI,OMG-MAR
FM-001388,2025-07-15,SKU-20017,Pommes Gala 1kg,4,OUI,OMG-MAR
FM-000532,25/04/2025,SKU-20017,Pommes Gala 1kg,27,OUI,OMG-LIL
FM-001124,23/04/2026,SKU-20018,Pizza surgelee,25,OUI,OMG-MAR
FM-000672,2026-04-13,SKU-20012,Lait demi-ecreme 1L,25,OUI,OMG-LYO
FM-001075,2025-07-31,SKU-20012,Lait demi-ecreme 1L,22,OUI,OMG-LYO
FM-000273,10-09-2025,SKU-20014,Epinards surgeles 1kg,4,OUI,OMG-MAR
FM-001084,09-01-2026,SKU-20018,Pizza surgelee,21,OUI,OMG-MAR
FM-000037,11/05/2026,SKU-20012,Lait demi-ecreme 1L,19,OUI,OMG-LYO
FM-000492,13-04-2025,SKU-20013,Filet de poulet 500g,17,OUI,OMG-MAR
FM-000175,2026-05-14,SKU-20013,Filet de poulet 500g,23,OUI,OMG-MAR
FM-001167,19/01/2025,SKU-20011,Yaourt nature 4x125g,14,OUI,OMG-LIL
FM-001084,2026-01-09,SKU-20014,Epinards surgeles 1kg,38,OUI,OMG-MAR
FM-001093,20/07/2026,SKU-20016,Fromage rape 200g,4,OUI,OMG-MAR
FM-000581,2025-05-14,SKU-20017,Pommes Gala 1kg,24,OUI,OMG-MAR
FM-001251,17-01-2025,SKU-20014,Epinards surgeles 1kg,7,OUI,OMG-LYO
FM-000315,17-07-2026,SKU-20015,Jus d'orange 1L,13,OUI,OMG-MAR
FM-000142,08-06-2026,SKU-20020,Compote pomme 4x100g,37,OUI,OMG-LIL
FM-000984,13/01/2026,SKU-20016,Fromage rape 200g,35,OUI,OMG-LIL
FM-000232,25/08/2025,SKU-20018,Pizza surgelee,24,OUI,OMG-MAR
FM-001024,07-12-2025,SKU-20013,Filet de poulet 500g,21,OUI,OMG-LIL
FM-000084,30/05/2026,SKU-20011,Yaourt nature 4x125g,4,OUI,OMG-LYO
FM-000168,22-02-2026,SKU-20015,Jus d'orange 1L,10,OUI,OMG-LYO
FM-001009,24-11-2025,SKU-20019,Beurre doux 250g,20,OUI,OMG-MAR
FM-000104,14-02-2025,SKU-20020,Compote pomme 4x100g,39,OUI,OMG-LYO
FM-001370,07-11-2025,SKU-20013,Filet de poulet 500g,34,OUI,OMG-MAR
FM-000421,17/09/2025,SKU-20011,Yaourt nature 4x125g,13,OUI,OMG-LYO
FM-000616,2025-01-05,SKU-20011,Yaourt nature 4x125g,15,OUI,OMG-LIL
FM-001283,06-05-2025,SKU-20015,Jus d'orange 1L,5,OUI,OMG-LYO
FM-000401,26/05/2026,SKU-20014,Epinards surgeles 1kg,27,OUI,OMG-LIL
FM-000185,04-10-2025,SKU-20015,Jus d'orange 1L,16,OUI,OMG-LYO
FM-000832,14-08-2025,SKU-20020,Compote pomme 4x100g,32,OUI,OMG-LIL
FM-001044,16/06/2026,SKU-20019,Beurre doux 250g,12,OUI,OMG-LIL
FM-001180,2026-01-13,SKU-20017,Pommes Gala 1kg,38,OUI,OMG-LYO
FM-000574,20-01-2026,SKU-20015,Jus d'orange 1L,13,OUI,OMG-LYO
FM-000061,31/03/2026,SKU-20012,Lait demi-ecreme 1L,11,OUI,OMG-LYO
FM-001370,2025-11-07,SKU-20014,Epinards surgeles 1kg,40,OUI,OMG-MAR
FM-000193,23/02/2025,SKU-20017,Pommes Gala 1kg,25,OUI,OMG-MAR
FM-001322,26-04-2026,SKU-20019,Beurre doux 250g,12,OUI,OMG-LYO
FM-000076,18/08/2025,SKU-20015,Jus d'orange 1L,1,OUI,OMG-MAR
FM-001086,15/05/2025,SKU-20014,Epinards surgeles 1kg,7,OUI,OMG-MAR
FM-000145,07/01/2026,SKU-20019,Beurre doux 250g,23,OUI,OMG-MAR
FM-001233,21/08/2025,SKU-20017,Pommes Gala 1kg,1,OUI,OMG-MAR
FM-000383,2025-02-01,SKU-20019,Beurre doux 250g,7,OUI,OMG-MAR
FM-001358,2025-06-13,SKU-20011,Yaourt nature 4x125g,,OUI,OMG-LYO
FM-000589,2026-03-21,SKU-20016,Fromage rape 200g,16,OUI,OMG-LIL
FM-000902,07-03-2026,SKU-20012,Lait demi-ecreme 1L,28,OUI,OMG-MAR
FM-000516,11/12/2025,SKU-20013,Filet de poulet 500g,1,OUI,OMG-MAR
FM-000336,2025-04-13,SKU-20019,Beurre doux 250g,33,OUI,OMG-LIL
FM-000633,30/01/2026,SKU-20012,Lait demi-ecreme 1L,11,OUI,OMG-LYO
FM-001342,2025-05-06,SKU-20012,Lait demi-ecreme 1L,28,OUI,OMG-MAR
FM-000214,08/09/2025,SKU-20018,Pizza surgelee,22,OUI,OMG-LIL
FM-001346,14-05-2025,SKU-20013,Filet de poulet 500g,17,OUI,OMG-LIL
FM-000983,04/06/2025,SKU-20015,Jus d'orange 1L,39,OUI,OMG-LIL
FM-000460,22/04/2026,SKU-20011,Yaourt nature 4x125g,5,OUI,OMG-LYO
FM-000492,13/04/2025,SKU-20014,Epinards surgeles 1kg,31,OUI,OMG-MAR
FM-000348,2025-09-21,SKU-20011,Yaourt nature 4x125g,31,OUI,OMG-LYO
FM-000611,18/05/2025,SKU-20012,Lait demi-ecreme 1L,30,OUI,OMG-LIL
FM-000563,14/04/2026,SKU-20016,Fromage rape 200g,33,OUI,OMG-MAR
FM-001156,2025-07-13,SKU-20017,Pommes Gala 1kg,39,OUI,OMG-LIL
FM-000023,23/05/2026,SKU-20012,Lait demi-ecreme 1L,7,OUI,OMG-MAR
FM-000400,2025-10-01,SKU-20014,Epinards surgeles 1kg,33,OUI,OMG-MAR
FM-000923,10-10-2025,SKU-20014,Epinards surgeles 1kg,28,OUI,OMG-MAR
FM-001072,17-03-2026,SKU-20012,Lait demi-ecreme 1L,24,OUI,OMG-MAR
FM-000638,18/03/2025,SKU-20014,Epinards surgeles 1kg,22,OUI,OMG-LYO
FM-001179,08-07-2025,SKU-20011,Yaourt nature 4x125g,28,OUI,OMG-LYO
FM-000684,21/04/2026,SKU-20015,Jus d'orange 1L,39,OUI,OMG-MAR
FM-000123,12-06-2026,SKU-20013,Filet de poulet 500g,39,OUI,OMG-MAR
FM-000633,2026-01-30,SKU-20018,Pizza surgelee,40,OUI,OMG-LYO
FM-001387,26-05-2026,SKU-20013,Filet de poulet 500g,21,OUI,OMG-MAR
FM-000313,2025-06-15,SKU-20014,Epinards surgeles 1kg,40,OUI,OMG-LYO
FM-000530,2025-08-21,SKU-20016,Fromage rape 200g,13,OUI,OMG-MAR
FM-000749,2026-01-19,SKU-20019,Beurre doux 250g,32,OUI,OMG-LIL
FM-000978,07-09-2025,SKU-20019,Beurre doux 250g,29,OUI,OMG-LYO
FM-000768,20-02-2026,SKU-20017,Pommes Gala 1kg,28,OUI,OMG-MAR
FM-000494,15/10/2025,SKU-20019,Beurre doux 250g,11,OUI,OMG-LIL
FM-001039,14/05/2025,SKU-20018,Pizza surgelee,12,OUI,OMG-LYO
FM-000544,05-03-2025,SKU-20019,Beurre doux 250g,9,OUI,OMG-MAR
FM-001312,23-02-2026,SKU-20019,Beurre doux 250g,22,OUI,OMG-LIL
FM-000658,15/05/2025,SKU-20014,Epinards surgeles 1kg,30,OUI,OMG-LIL
FM-001104,2025-05-08,SKU-20020,Compote pomme 4x100g,19,OUI,OMG-MAR
FM-001065,02-05-2025,SKU-20017,Pommes Gala 1kg,12,OUI,OMG-MAR
FM-001282,2025-02-15,SKU-20016,Fromage rape 200g,2,OUI,OMG-LYO
FM-000003,13/05/2026,SKU-20014,Epinards surgeles 1kg,3,OUI,OMG-LIL
FM-001209,22/05/2025,SKU-20019,Beurre doux 250g,6,OUI,OMG-LYO
FM-000912,04/09/2025,SKU-20018,Pizza surgelee,32,OUI,OMG-MAR
FM-000462,28-06-2026,SKU-20018,Pizza surgelee,28,OUI,OMG-LYO
FM-000020,05-06-2026,SKU-20015,Jus d'orange 1L,26,OUI,OMG-LYO
FM-001143,05/07/2025,SKU-20015,Jus d'orange 1L,13,OUI,OMG-LIL
FM-000705,2025-04-10,SKU-20017,Pommes Gala 1kg,11,OUI,OMG-LIL
FM-000531,29-05-2026,SKU-20015,Jus d'orange 1L,35,OUI,OMG-LYO
FM-001321,2025-10-10,SKU-20020,Compote pomme 4x100g,3,OUI,OMG-LIL
FM-001299,22/01/2026,SKU-20013,Filet de poulet 500g,21,OUI,OMG-MAR
FM-001107,2025-02-12,SKU-20020,Compote pomme 4x100g,17,OUI,OMG-LIL
FM-001003,2025-05-26,SKU-20014,Epinards surgeles 1kg,30,OUI,OMG-LIL
FM-000023,23-05-2026,SKU-20015,Jus d'orange 1L,7,OUI,OMG-MAR
FM-000986,22-05-2025,SKU-20018,Pizza surgelee,34,OUI,OMG-LYO
FM-000766,08-11-2025,SKU-20016,Fromage rape 200g,33,OUI,OMG-LIL
FM-000231,09-03-2025,SKU-20016,Fromage rape 200g,13,OUI,OMG-LIL
FM-000353,18-06-2026,SKU-20011,Yaourt nature 4x125g,1,OUI,OMG-LIL
FM-001168,09/07/2025,SKU-20018,Pizza surgelee,17,OUI,OMG-LIL
FM-000175,2026-05-14,SKU-20019,Beurre doux 250g,32,OUI,OMG-MAR
FM-000037,2026-05-11,SKU-20016,Fromage rape 200g,21,OUI,OMG-LYO
FM-000479,28/03/2025,SKU-20015,Jus d'orange 1L,39,OUI,OMG-LYO
FM-000089,2026-04-16,SKU-20019,Beurre doux 250g,14,OUI,OMG-MAR
FM-000190,27-04-2026,SKU-20013,Filet de poulet 500g,20,OUI,OMG-LIL
FM-000501,23/08/2025,SKU-20011,Yaourt nature 4x125g,,OUI,OMG-LYO
FM-001144,2025-11-26,SKU-20020,Compote pomme 4x100g,9,OUI,OMG-MAR
FM-000456,30/05/2025,SKU-20020,Compote pomme 4x100g,14,OUI,OMG-LIL
FM-000792,09/04/2026,SKU-20020,Compote pomme 4x100g,25,OUI,OMG-LIL
FM-000107,2025-07-15,SKU-20013,Filet de poulet 500g,39,OUI,OMG-LIL
FM-000122,12/05/2026,SKU-20012,Lait demi-ecreme 1L,26,OUI,OMG-LIL
FM-000589,2026-03-21,SKU-20014,Epinards surgeles 1kg,23,OUI,OMG-LIL
FM-000147,2025-04-24,SKU-20012,Lait demi-ecreme 1L,23,OUI,OMG-LIL
FM-000126,21/04/2026,SKU-20013,Filet de poulet 500g,5,OUI,OMG-LYO
FM-001305,20-01-2025,SKU-20019,Beurre doux 250g,17,OUI,OMG-LIL
FM-000658,15-05-2025,SKU-20014,Epinards surgeles 1kg,5,OUI,OMG-LIL
FM-000273,2025-09-10,SKU-20015,Jus d'orange 1L,,OUI,OMG-MAR
FM-000908,2026-03-30,SKU-20015,Jus d'orange 1L,36,OUI,OMG-LIL
FM-000004,2025-07-27,SKU-20018,Pizza surgelee,26,OUI,OMG-LIL
FM-000035,24/03/2026,SKU-20018,Pizza surgelee,26,OUI,OMG-MAR
FM-000776,29/05/2025,SKU-20011,Yaourt nature 4x125g,24,OUI,OMG-LYO
FM-000191,06-11-2025,SKU-20017,Pommes Gala 1kg,18,OUI,OMG-LYO
FM-000165,2025-07-02,SKU-20013,Filet de poulet 500g,33,OUI,OMG-LIL
FM-000062,29-01-2025,SKU-20015,Jus d'orange 1L,21,OUI,OMG-MAR
FM-000441,08/08/2025,SKU-20017,Pommes Gala 1kg,21,OUI,OMG-LYO
FM-000321,02-03-2026,SKU-20019,Beurre doux 250g,10,OUI,OMG-MAR
FM-000451,04-07-2025,SKU-20016,Fromage rape 200g,4,OUI,OMG-LIL
FM-000984,13-01-2026,SKU-20016,Fromage rape 200g,2,OUI,OMG-LIL
FM-000766,08/11/2025,SKU-20017,Pommes Gala 1kg,33,OUI,OMG-LIL
FM-000107,2025-07-15,SKU-20013,Filet de poulet 500g,23,OUI,OMG-LIL
FM-000340,01/05/2025,SKU-20019,Beurre doux 250g,28,OUI,OMG-LYO
FM-000253,2025-10-22,SKU-20013,Filet de poulet 500g,29,OUI,OMG-LIL
FM-000326,2025-03-26,SKU-20014,Epinards surgeles 1kg,17,OUI,OMG-MAR
FM-000076,18/08/2025,SKU-20020,Compote pomme 4x100g,4,OUI,OMG-MAR
FM-001124,23-04-2026,SKU-20011,Yaourt nature 4x125g,17,OUI,OMG-MAR
FM-000331,25-09-2025,SKU-20020,Compote pomme 4x100g,1,OUI,OMG-LIL
FM-001072,17-03-2026,SKU-20013,Filet de poulet 500g,40,OUI,OMG-MAR
FM-001370,07/11/2025,SKU-20013,Filet de poulet 500g,17,OUI,OMG-MAR
FM-001186,02/07/2025,SKU-20014,Epinards surgeles 1kg,30,OUI,OMG-LIL
FM-000771,2026-05-09,SKU-20017,Pommes Gala 1kg,6,OUI,OMG-LIL
FM-001085,10-11-2025,SKU-20013,Filet de poulet 500g,21,OUI,OMG-LIL
FM-000616,05/01/2025,SKU-20012,Lait demi-ecreme 1L,37,OUI,OMG-LIL
FM-000285,18/07/2025,SKU-20011,Yaourt nature 4x125g,7,OUI,OMG-MAR
FM-000583,08/11/2025,SKU-20017,Pommes Gala 1kg,4,OUI,OMG-LIL
FM-000923,10/10/2025,SKU-20011,Yaourt nature 4x125g,38,OUI,OMG-MAR
FM-001257,15/04/2025,SKU-20017,Pommes Gala 1kg,3,OUI,OMG-LYO
FM-000986,22-05-2025,SKU-20017,Pommes Gala 1kg,37,OUI,OMG-LYO
FM-000512,12-03-2025,SKU-20019,Beurre doux 250g,40,OUI,OMG-LYO
FM-000142,08-06-2026,SKU-20020,Compote pomme 4x100g,20,OUI,OMG-LIL
FM-000194,29-01-2026,SKU-20019,Beurre doux 250g,3,OUI,OMG-MAR
FM-000148,26/03/2025,SKU-20014,Epinards surgeles 1kg,15,OUI,OMG-LYO
FM-000675,2025-06-12,SKU-20015,Jus d'orange 1L,1,OUI,OMG-MAR
FM-000059,08/09/2025,SKU-20012,Lait demi-ecreme 1L,15,OUI,OMG-MAR
FM-001209,22/05/2025,SKU-20011,Yaourt nature 4x125g,18,OUI,OMG-LYO
FM-000226,11/02/2026,SKU-20013,Filet de poulet 500g,18,OUI,OMG-LIL
FM-001398,14/05/2025,SKU-20015,Jus d'orange 1L,28,OUI,OMG-LIL
FM-000025,30/07/2026,SKU-20019,Beurre doux 250g,1,OUI,OMG-LYO
FM-000145,2026-01-07,SKU-20019,Beurre doux 250g,22,OUI,OMG-MAR
FM-000904,2026-06-10,SKU-20020,Compote pomme 4x100g,24,OUI,OMG-MAR
FM-000114,27-04-2025,SKU-20014,Epinards surgeles 1kg,20,OUI,OMG-LYO
FM-000041,2025-07-15,SKU-20011,Yaourt nature 4x125g,2,OUI,OMG-LIL
FM-001358,2025-06-13,SKU-20020,Compote pomme 4x100g,39,OUI,OMG-LYO
FM-001041,14-04-2026,SKU-20019,Beurre doux 250g,25,OUI,OMG-LYO
FM-000920,25/06/2026,SKU-20012,Lait demi-ecreme 1L,12,OUI,OMG-MAR
FM-000193,23-02-2025,SKU-20018,Pizza surgelee,9,OUI,OMG-MAR
FM-000128,21/03/2026,SKU-20015,Jus d'orange 1L,26,OUI,OMG-MAR
FM-001366,2025-10-03,SKU-20019,Beurre doux 250g,16,OUI,OMG-LYO
FM-001094,24-04-2025,SKU-20018,Pizza surgelee,21,OUI,OMG-MAR
FM-000446,06/02/2026,SKU-20019,Beurre doux 250g,38,OUI,OMG-LIL
FM-000132,2025-06-13,SKU-20018,Pizza surgelee,35,OUI,OMG-MAR
FM-000239,2026-03-08,SKU-20012,Lait demi-ecreme 1L,30,OUI,OMG-LIL
FM-000810,09-12-2025,SKU-20011,Yaourt nature 4x125g,,OUI,OMG-LYO
FM-000371,30-05-2025,SKU-20017,Pommes Gala 1kg,29,OUI,OMG-LYO
FM-001361,2025-04-18,SKU-20018,Pizza surgelee,23,OUI,OMG-MAR
FM-000389,2025-05-15,SKU-20012,Lait demi-ecreme 1L,39,OUI,OMG-LIL
FM-000591,05-03-2025,SKU-20012,Lait demi-ecreme 1L,24,OUI,OMG-LIL
FM-000207,19-06-2025,SKU-20014,Epinards surgeles 1kg,20,OUI,OMG-MAR
FM-000831,2025-07-02,SKU-20018,Pizza surgelee,40,OUI,OMG-LYO
FM-000802,19/06/2026,SKU-20015,Jus d'orange 1L,11,OUI,OMG-LIL
FM-000771,09/05/2026,SKU-20012,Lait demi-ecreme 1L,18,OUI,OMG-LIL
FM-000866,2026-05-14,SKU-20013,Filet de poulet 500g,2,OUI,OMG-LYO
FM-000039,22/11/2025,SKU-20018,Pizza surgelee,15,OUI,OMG-LIL
FM-000239,08-03-2026,SKU-20012,Lait demi-ecreme 1L,9,OUI,OMG-LIL
FM-000960,28/03/2025,SKU-20018,Pizza surgelee,14,OUI,OMG-MAR
FM-000632,11/04/2026,SKU-20011,Yaourt nature 4x125g,40,OUI,OMG-LIL
FM-000571,2025-01-17,SKU-20018,Pizza surgelee,2,OUI,OMG-LIL
FM-000179,23-12-2025,SKU-20011,Yaourt nature 4x125g,6,OUI,OMG-LIL
FM-000795,13/03/2026,SKU-20019,Beurre doux 250g,14,OUI,OMG-LYO
FM-000185,2025-10-04,SKU-20017,Pommes Gala 1kg,12,OUI,OMG-LYO
FM-000486,2025-03-28,SKU-20020,Compote pomme 4x100g,3,OUI,OMG-LYO
FM-000120,07-11-2025,SKU-20016,Fromage rape 200g,12,OUI,OMG-LIL
FM-001089,30/08/2025,SKU-20020,Compote pomme 4x100g,9,OUI,OMG-MAR
FM-000190,27-04-2026,SKU-20017,Pommes Gala 1kg,39,OUI,OMG-LIL
FM-000209,20-04-2026,SKU-20014,Epinards surgeles 1kg,14,OUI,OMG-MAR
FM-000494,2025-10-15,SKU-20016,Fromage rape 200g,29,OUI,OMG-LIL
FM-001321,10-10-2025,SKU-20018,Pizza surgelee,9,OUI,OMG-LIL
FM-000350,2026-03-07,SKU-20014,Epinards surgeles 1kg,32,OUI,OMG-LYO
FM-001358,2025-06-13,SKU-20015,Jus d'orange 1L,38,OUI,OMG-LYO
FM-000129,13/06/2026,SKU-20013,Filet de poulet 500g,9,OUI,OMG-LIL
FM-000602,12-06-2026,SKU-20012,Lait demi-ecreme 1L,21,OUI,OMG-LIL
FM-000564,12/04/2026,SKU-20011,Yaourt nature 4x125g,33,OUI,OMG-MAR
FM-001042,06-10-2025,SKU-20016,Fromage rape 200g,34,OUI,OMG-LYO
FM-001265,16/06/2026,SKU-20014,Epinards surgeles 1kg,7,OUI,OMG-LYO
FM-000212,05/08/2025,SKU-20011,Yaourt nature 4x125g,6,OUI,OMG-MAR
FM-000655,10/04/2026,SKU-20014,Epinards surgeles 1kg,16,OUI,OMG-LYO
FM-001295,31-01-2025,SKU-20011,Yaourt nature 4x125g,11,OUI,OMG-MAR
FM-000080,03-11-2025,SKU-20016,Fromage rape 200g,7,OUI,OMG-LYO
FM-000481,2026-03-27,SKU-20011,Yaourt nature 4x125g,27,OUI,OMG-LIL
FM-001184,15/08/2025,SKU-20020,Compote pomme 4x100g,17,OUI,OMG-MAR
FM-001387,26/05/2026,SKU-20012,Lait demi-ecreme 1L,6,OUI,OMG-MAR
FM-001396,02-02-2025,SKU-20020,Compote pomme 4x100g,15,OUI,OMG-LYO
FM-001154,2026-02-25,SKU-20019,Beurre doux 250g,22,OUI,OMG-LYO
FM-001087,03-05-2025,SKU-20017,Pommes Gala 1kg,28,OUI,OMG-LIL
FM-000702,27/02/2026,SKU-20014,Epinards surgeles 1kg,20,OUI,OMG-LIL
FM-001002,07-02-2025,SKU-20011,Yaourt nature 4x125g,10,OUI,OMG-MAR
FM-000550,15-10-2025,SKU-20018,Pizza surgelee,9,OUI,OMG-LYO
FM-000904,10-06-2026,SKU-20020,Compote pomme 4x100g,11,OUI,OMG-MAR
FM-000636,2026-02-07,SKU-20017,Pommes Gala 1kg,27,OUI,OMG-LIL
FM-000562,16-01-2025,SKU-20015,Jus d'orange 1L,10,OUI,OMG-LYO
FM-001109,12-03-2026,SKU-20012,Lait demi-ecreme 1L,40,OUI,OMG-LIL
FM-000741,09-11-2025,SKU-20013,Filet de poulet 500g,1,OUI,OMG-MAR
FM-000607,2025-07-14,SKU-20015,Jus d'orange 1L,3,OUI,OMG-MAR
FM-000321,02-03-2026,SKU-20014,Epinards surgeles 1kg,27,OUI,OMG-MAR
FM-000155,12/07/2025,SKU-20020,Compote pomme 4x100g,1,OUI,OMG-LIL
FM-001310,21/12/2025,SKU-20012,Lait demi-ecreme 1L,38,OUI,OMG-LYO
FM-000556,2025-04-01,SKU-20011,Yaourt nature 4x125g,29,OUI,OMG-LIL
FM-000883,29-01-2026,SKU-20019,Beurre doux 250g,21,OUI,OMG-LYO
FM-000913,26-09-2025,SKU-20020,Compote pomme 4x100g,36,OUI,OMG-MAR
FM-000759,2026-07-18,SKU-20012,Lait demi-ecreme 1L,22,OUI,OMG-LIL
FM-001201,05-04-2025,SKU-20012,Lait demi-ecreme 1L,23,OUI,OMG-LIL
FM-000185,04/10/2025,SKU-20012,Lait demi-ecreme 1L,,OUI,OMG-LYO
FM-001292,17-02-2025,SKU-20011,Yaourt nature 4x125g,25,OUI,OMG-MAR
FM-000397,15/09/2025,SKU-20018,Pizza surgelee,40,OUI,OMG-LYO
FM-001087,03/05/2025,SKU-20020,Compote pomme 4x100g,32,OUI,OMG-LIL
FM-001355,03/01/2025,SKU-20016,Fromage rape 200g,12,OUI,OMG-MAR
FM-000755,10-02-2026,SKU-20020,Compote pomme 4x100g,4,OUI,OMG-LYO
FM-000983,04/06/2025,SKU-20012,Lait demi-ecreme 1L,27,OUI,OMG-LIL
FM-000575,07/12/2025,SKU-20020,Compote pomme 4x100g,30,OUI,OMG-LIL
FM-000528,26/01/2026,SKU-20013,Filet de poulet 500g,40,OUI,OMG-LIL
FM-000977,2026-03-14,SKU-20018,Pizza surgelee,18,OUI,OMG-LIL
FM-000957,24/01/2025,SKU-20020,Compote pomme 4x100g,29,OUI,OMG-LYO
FM-000741,2025-11-09,SKU-20011,Yaourt nature 4x125g,8,OUI,OMG-MAR
FM-001109,12-03-2026,SKU-20012,Lait demi-ecreme 1L,1,OUI,OMG-LIL
FM-000977,14-03-2026,SKU-20011,Yaourt nature 4x125g,27,OUI,OMG-LIL
FM-000674,2025-11-28,SKU-20015,Jus d'orange 1L,27,OUI,OMG-LYO
FM-000587,18/07/2026,SKU-20019,Beurre doux 250g,35,OUI,OMG-LIL
FM-000821,06-04-2025,SKU-20016,Fromage rape 200g,1,OUI,OMG-MAR
FM-001342,06/05/2025,SKU-20018,Pizza surgelee,18,OUI,OMG-MAR
FM-000084,30/05/2026,SKU-20013,Filet de poulet 500g,37,OUI,OMG-LYO
FM-000185,2025-10-04,SKU-20020,Compote pomme 4x100g,25,OUI,OMG-LYO
FM-000707,14/04/2026,SKU-20012,Lait demi-ecreme 1L,35,OUI,OMG-LYO
FM-001093,20-07-2026,SKU-20015,Jus d'orange 1L,10,OUI,OMG-MAR
FM-000924,27/01/2026,SKU-20014,Epinards surgeles 1kg,17,OUI,OMG-MAR
FM-000050,23-08-2025,SKU-20011,Yaourt nature 4x125g,4,OUI,OMG-LYO
FM-001346,2025-05-14,SKU-20018,Pizza surgelee,28,OUI,OMG-LIL
FM-000572,17/09/2025,SKU-20017,Pommes Gala 1kg,32,OUI,OMG-LYO
FM-000451,04/07/2025,SKU-20014,Epinards surgeles 1kg,37,OUI,OMG-LIL
FM-000293,05/02/2025,SKU-20014,Epinards surgeles 1kg,22,OUI,OMG-LIL
FM-001351,27/11/2025,SKU-20011,Yaourt nature 4x125g,22,OUI,OMG-LIL
FM-000790,2025-06-20,SKU-20015,Jus d'orange 1L,18,OUI,OMG-LYO
FM-000214,2025-09-08,SKU-20019,Beurre doux 250g,37,OUI,OMG-LIL
FM-000179,23/12/2025,SKU-20015,Jus d'orange 1L,6,OUI,OMG-LIL
FM-000067,12-01-2026,SKU-20014,Epinards surgeles 1kg,16,OUI,OMG-MAR
FM-001323,17/06/2025,SKU-20013,Filet de poulet 500g,2,OUI,OMG-MAR
FM-000232,2025-08-25,SKU-20020,Compote pomme 4x100g,32,OUI,OMG-MAR
FM-001186,02/07/2025,SKU-20016,Fromage rape 200g,14,OUI,OMG-LIL
FM-000887,15/08/2025,SKU-20012,Lait demi-ecreme 1L,15,OUI,OMG-LYO
FM-000916,2026-04-22,SKU-20013,Filet de poulet 500g,9,OUI,OMG-LYO
FM-001321,10-10-2025,SKU-20017,Pommes Gala 1kg,10,OUI,OMG-LIL
FM-000574,20/01/2026,SKU-20018,Pizza surgelee,28,OUI,OMG-LYO
FM-000446,06-02-2026,SKU-20015,Jus d'orange 1L,40,OUI,OMG-LIL
FM-000528,26/01/2026,SKU-20017,Pommes Gala 1kg,13,OUI,OMG-LIL
FM-000341,08/03/2026,SKU-20017,Pommes Gala 1kg,9,OUI,OMG-MAR
FM-000047,29-06-2026,SKU-20014,Epinards surgeles 1kg,31,OUI,OMG-MAR
FM-000678,2025-08-03,SKU-20020,Compote pomme 4x100g,16,OUI,OMG-LYO
FM-000315,17-07-2026,SKU-20018,Pizza surgelee,3,OUI,OMG-MAR
FM-001384,22-02-2026,SKU-20014,Epinards surgeles 1kg,33,OUI,OMG-LIL
FM-000500,2025-01-06,SKU-20017,Pommes Gala 1kg,12,OUI,OMG-LYO
FM-000723,2026-07-18,SKU-20013,Filet de poulet 500g,10,OUI,OMG-MAR
FM-000920,2026-06-25,SKU-20016,Fromage rape 200g,38,OUI,OMG-MAR
FM-000638,18/03/2025,SKU-20011,Yaourt nature 4x125g,35,OUI,OMG-LYO
FM-000194,2026-01-29,SKU-20020,Compote pomme 4x100g,6,OUI,OMG-MAR
FM-000446,06/02/2026,SKU-20011,Yaourt nature 4x125g,22,OUI,OMG-LIL
FM-001186,02/07/2025,SKU-20013,Filet de poulet 500g,10,OUI,OMG-LIL
FM-000004,2025-07-27,SKU-20018,Pizza surgelee,10,OUI,OMG-LIL
FM-000157,03-03-2026,SKU-20019,Beurre doux 250g,,OUI,OMG-MAR
FM-001388,2025-07-15,SKU-20019,Beurre doux 250g,26,OUI,OMG-MAR
FM-000062,29/01/2025,SKU-20012,Lait demi-ecreme 1L,26,OUI,OMG-MAR
FM-000027,2025-05-01,SKU-20017,Pommes Gala 1kg,2,OUI,OMG-MAR
FM-000846,24-01-2025,SKU-20015,Jus d'orange 1L,13,OUI,OMG-MAR
FM-000502,23-05-2026,SKU-20011,Yaourt nature 4x125g,8,OUI,OMG-LYO
FM-001322,26-04-2026,SKU-20017,Pommes Gala 1kg,4,OUI,OMG-LYO
FM-000058,31-12-2025,SKU-20018,Pizza surgelee,6,OUI,OMG-LYO
FM-000348,2025-09-21,SKU-20018,Pizza surgelee,38,OUI,OMG-LYO
FM-000978,2025-09-07,SKU-20016,Fromage rape 200g,36,OUI,OMG-LYO
FM-001194,14/01/2025,SKU-20018,Pizza surgelee,27,OUI,OMG-LIL
FM-000773,2026-02-20,SKU-20017,Pommes Gala 1kg,23,OUI,OMG-LIL
FM-001075,31-07-2025,SKU-20011,Yaourt nature 4x125g,37,OUI,OMG-LYO
FM-000936,08/05/2025,SKU-20012,Lait demi-ecreme 1L,26,OUI,OMG-LYO
FM-000126,21/04/2026,SKU-20014,Epinards surgeles 1kg,8,OUI,OMG-LYO
FM-001310,2025-12-21,SKU-20018,Pizza surgelee,1,OUI,OMG-LYO
FM-001295,31/01/2025,SKU-20015,Jus d'orange 1L,16,OUI,OMG-MAR
FM-001203,30/09/2025,SKU-20014,Epinards surgeles 1kg,40,OUI,OMG-MAR
FM-001190,2026-06-28,SKU-20012,Lait demi-ecreme 1L,32,OUI,OMG-MAR
FM-000453,2025-10-24,SKU-20015,Jus d'orange 1L,18,OUI,OMG-LIL
FM-000035,24-03-2026,SKU-20014,Epinards surgeles 1kg,10,OUI,OMG-MAR
FM-000410,10-05-2025,SKU-20013,Filet de poulet 500g,30,OUI,OMG-LIL
FM-001209,22-05-2025,SKU-20012,Lait demi-ecreme 1L,15,OUI,OMG-LYO
FM-000311,06/07/2026,SKU-20013,Filet de poulet 500g,21,OUI,OMG-LIL
FM-000119,06/11/2025,SKU-20018,Pizza surgelee,17,OUI,OMG-MAR
FM-001245,05-02-2026,SKU-20017,Pommes Gala 1kg,25,OUI,OMG-MAR
FM-000090,20/11/2025,SKU-20017,Pommes Gala 1kg,21,OUI,OMG-LIL
FM-001352,06/12/2025,SKU-20016,Fromage rape 200g,38,OUI,OMG-LIL
FM-001143,05/07/2025,SKU-20016,Fromage rape 200g,34,OUI,OMG-LIL
FM-000010,09-05-2025,SKU-20019,Beurre doux 250g,29,OUI,OMG-MAR
FM-000377,30/05/2025,SKU-20016,Fromage rape 200g,9,OUI,OMG-MAR
FM-000984,2026-01-13,SKU-20011,Yaourt nature 4x125g,33,OUI,OMG-LIL
FM-001283,2025-05-06,SKU-20014,Epinards surgeles 1kg,13,OUI,OMG-LYO
FM-001107,2025-02-12,SKU-20014,Epinards surgeles 1kg,33,OUI,OMG-LIL
FM-000908,30/03/2026,SKU-20019,Beurre doux 250g,13,OUI,OMG-LIL
FM-000495,02-05-2025,SKU-20013,Filet de poulet 500g,37,OUI,OMG-LIL
FM-000622,30/05/2025,SKU-20020,Compote pomme 4x100g,5,OUI,OMG-MAR
FM-001383,01/08/2025,SKU-20015,Jus d'orange 1L,11,OUI,OMG-MAR
FM-000104,2025-02-14,SKU-20019,Beurre doux 250g,25,OUI,OMG-LYO
FM-000121,21-03-2025,SKU-20020,Compote pomme 4x100g,28,OUI,OMG-LIL
FM-000831,02/07/2025,SKU-20015,Jus d'orange 1L,40,OUI,OMG-LYO
FM-000714,2025-11-26,SKU-20019,Beurre doux 250g,35,OUI,OMG-LYO
FM-000814,23-02-2025,SKU-20017,Pommes Gala 1kg,22,OUI,OMG-MAR
FM-000132,13-06-2025,SKU-20018,Pizza surgelee,16,OUI,OMG-MAR
FM-001184,15/08/2025,SKU-20012,Lait demi-ecreme 1L,40,OUI,OMG-MAR
FM-000397,15-09-2025,SKU-20013,Filet de poulet 500g,2,OUI,OMG-LYO
FM-000389,2025-05-15,SKU-20012,Lait demi-ecreme 1L,4,OUI,OMG-LIL
FM-000912,04/09/2025,SKU-20015,Jus d'orange 1L,10,OUI,OMG-MAR
FM-000272,10/06/2026,SKU-20019,Beurre doux 250g,39,OUI,OMG-LIL
FM-000272,10/06/2026,SKU-20020,Compote pomme 4x100g,19,OUI,OMG-LIL
FM-000180,20-10-2025,SKU-20011,Yaourt nature 4x125g,11,OUI,OMG-LIL
FM-000530,21-08-2025,SKU-20015,Jus d'orange 1L,40,OUI,OMG-MAR
FM-000345,02/10/2025,SKU-20019,Beurre doux 250g,1,OUI,OMG-LIL
FM-001062,07-07-2026,SKU-20017,Pommes Gala 1kg,9,OUI,OMG-LIL
FM-000341,2026-03-08,SKU-20012,Lait demi-ecreme 1L,,OUI,OMG-MAR
FM-000382,2025-12-30,SKU-20016,Fromage rape 200g,36,OUI,OMG-LYO
FM-001366,03/10/2025,SKU-20019,Beurre doux 250g,15,OUI,OMG-LYO
FM-000550,15-10-2025,SKU-20016,Fromage rape 200g,26,OUI,OMG-LYO
FM-000749,19-01-2026,SKU-20017,Pommes Gala 1kg,27,OUI,OMG-LIL
FM-000873,10-05-2025,SKU-20012,Lait demi-ecreme 1L,9,OUI,OMG-LYO
FM-001041,14-04-2026,SKU-20016,Fromage rape 200g,30,OUI,OMG-LYO
FM-000790,2025-06-20,SKU-20018,Pizza surgelee,13,OUI,OMG-LYO
FM-000920,25-06-2026,SKU-20012,Lait demi-ecreme 1L,8,OUI,OMG-MAR
FM-000783,19-03-2025,SKU-20019,Beurre doux 250g,8,OUI,OMG-LYO
FM-001265,16/06/2026,SKU-20015,Jus d'orange 1L,22,OUI,OMG-LYO
FM-001257,15-04-2025,SKU-20012,Lait demi-ecreme 1L,6,OUI,OMG-LYO
FM-000512,12-03-2025,SKU-20020,Compote pomme 4x100g,23,OUI,OMG-LYO
FM-000193,23/02/2025,SKU-20015,Jus d'orange 1L,16,OUI,OMG-MAR
FM-000326,26/03/2025,SKU-20012,Lait demi-ecreme 1L,5,OUI,OMG-MAR
FM-000923,2025-10-10,SKU-20018,Pizza surgelee,11,OUI,OMG-MAR
FM-001184,2025-08-15,SKU-20015,Jus d'orange 1L,9,OUI,OMG-MAR
FM-001049,21-06-2026,SKU-20015,Jus d'orange 1L,39,OUI,OMG-LIL
FM-001075,2025-07-31,SKU-20019,Beurre doux 250g,3,OUI,OMG-LYO
FM-001123,2025-04-03,SKU-20017,Pommes Gala 1kg,1,OUI,OMG-LIL
FM-000777,01-10-2025,SKU-20013,Filet de poulet 500g,,OUI,OMG-LIL
FM-000273,2025-09-10,SKU-20013,Filet de poulet 500g,34,OUI,OMG-MAR
FM-000318,2026-05-05,SKU-20011,Yaourt nature 4x125g,25,OUI,OMG-LIL
FM-001104,2025-05-08,SKU-20019,Beurre doux 250g,1,OUI,OMG-MAR
FM-001111,2025-10-17,SKU-20015,Jus d'orange 1L,10,OUI,OMG-MAR
FM-000591,05/03/2025,SKU-20014,Epinards surgeles 1kg,29,OUI,OMG-LIL
FM-001201,05/04/2025,SKU-20018,Pizza surgelee,33,OUI,OMG-LIL
FM-001168,09-07-2025,SKU-20018,Pizza surgelee,26,OUI,OMG-LIL
FM-001379,12-03-2025,SKU-20012,Lait demi-ecreme 1L,40,OUI,OMG-MAR
FM-000321,2026-03-02,SKU-20014,Epinards surgeles 1kg,23,OUI,OMG-MAR
FM-000673,01-04-2026,SKU-20019,Beurre doux 250g,13,OUI,OMG-MAR
FM-001021,09-05-2026,SKU-20014,Epinards surgeles 1kg,36,OUI,OMG-MAR
FM-000495,2025-05-02,SKU-20015,Jus d'orange 1L,31,OUI,OMG-LIL
FM-000345,02/10/2025,SKU-20020,Compote pomme 4x100g,13,OUI,OMG-LIL
FM-000462,28/06/2026,SKU-20017,Pommes Gala 1kg,5,OUI,OMG-LYO
FM-001390,12-05-2026,SKU-20013,Filet de poulet 500g,8,OUI,OMG-LYO
FM-000866,2026-05-14,SKU-20016,Fromage rape 200g,39,OUI,OMG-LYO
FM-000431,2025-02-09,SKU-20012,Lait demi-ecreme 1L,28,OUI,OMG-MAR
FM-000531,2026-05-29,SKU-20020,Compote pomme 4x100g,28,OUI,OMG-LYO
FM-000749,2026-01-19,SKU-20020,Compote pomme 4x100g,22,OUI,OMG-LIL
FM-000879,13/01/2026,SKU-20020,Compote pomme 4x100g,7,OUI,OMG-LIL
FM-000045,22-07-2026,SKU-20014,Epinards surgeles 1kg,30,OUI,OMG-LIL
FM-000906,2025-05-26,SKU-20019,Beurre doux 250g,30,OUI,OMG-MAR
FM-000383,01-02-2025,SKU-20012,Lait demi-ecreme 1L,,OUI,OMG-MAR
FM-000148,2025-03-26,SKU-20014,Epinards surgeles 1kg,16,OUI,OMG-LYO
FM-000655,10/04/2026,SKU-20011,Yaourt nature 4x125g,27,OUI,OMG-LYO
FM-000575,07/12/2025,SKU-20020,Compote pomme 4x100g,22,OUI,OMG-LIL
FM-001027,24-06-2026,SKU-20014,Epinards surgeles 1kg,10,OUI,OMG-LYO
FM-000194,29-01-2026,SKU-20012,Lait demi-ecreme 1L,16,OUI,OMG-MAR
FM-000356,15-04-2025,SKU-20015,Jus d'orange 1L,36,OUI,OMG-LIL
FM-000597,04/11/2025,SKU-20018,Pizza surgelee,18,OUI,OMG-LYO
FM-000723,18-07-2026,SKU-20012,Lait demi-ecreme 1L,2,OUI,OMG-MAR
FM-001322,2026-04-26,SKU-20014,Epinards surgeles 1kg,7,OUI,OMG-LYO
FM-001358,13-06-2025,SKU-20020,Compote pomme 4x100g,8,OUI,OMG-LYO
FM-000898,2026-06-30,SKU-20017,Pommes Gala 1kg,2,OUI,OMG-LIL
FM-000791,21/01/2026,SKU-20015,Jus d'orange 1L,26,OUI,OMG-MAR
FM-000462,28-06-2026,SKU-20020,Compote pomme 4x100g,1,OUI,OMG-LYO
FM-001180,13/01/2026,SKU-20017,Pommes Gala 1kg,16,OUI,OMG-LYO
FM-001048,16/10/2025,SKU-20013,Filet de poulet 500g,39,OUI,OMG-LYO
FM-001175,04/03/2025,SKU-20018,Pizza surgelee,,OUI,OMG-LYO
FM-001174,2025-11-28,SKU-20011,Yaourt nature 4x125g,17,OUI,OMG-LYO
FM-000957,2025-01-24,SKU-20018,Pizza surgelee,16,OUI,OMG-LYO
FM-000245,20/05/2025,SKU-20014,Epinards surgeles 1kg,2,OUI,OMG-LIL
FM-000607,14/07/2025,SKU-20013,Filet de poulet 500g,35,OUI,OMG-MAR
FM-001147,2026-03-30,SKU-20011,Yaourt nature 4x125g,28,OUI,OMG-MAR
FM-000114,27-04-2025,SKU-20012,Lait demi-ecreme 1L,19,OUI,OMG-LYO
FM-000356,2025-04-15,SKU-20019,Beurre doux 250g,21,OUI,OMG-LIL
FM-001188,16-05-2026,SKU-20014,Epinards surgeles 1kg,31,OUI,OMG-LYO
FM-000029,23/06/2025,SKU-20015,Jus d'orange 1L,5,OUI,OMG-LYO
FM-000641,2025-11-30,SKU-20018,Pizza surgelee,,OUI,OMG-LYO
FM-000908,30-03-2026,SKU-20020,Compote pomme 4x100g,26,OUI,OMG-LIL
FM-000776,29/05/2025,SKU-20015,Jus d'orange 1L,20,OUI,OMG-LYO
FM-001370,07-11-2025,SKU-20017,Pommes Gala 1kg,31,OUI,OMG-MAR
FM-000132,13-06-2025,SKU-20020,Compote pomme 4x100g,2,OUI,OMG-MAR
FM-000103,27-03-2026,SKU-20018,Pizza surgelee,5,OUI,OMG-MAR
FM-000591,05/03/2025,SKU-20019,Beurre doux 250g,26,OUI,OMG-LIL
FM-000041,15-07-2025,SKU-20011,Yaourt nature 4x125g,35,OUI,OMG-LIL
FM-000589,21-03-2026,SKU-20020,Compote pomme 4x100g,37,OUI,OMG-LIL
FM-000913,26-09-2025,SKU-20014,Epinards surgeles 1kg,25,OUI,OMG-MAR
FM-000010,09-05-2025,SKU-20016,Fromage rape 200g,29,OUI,OMG-MAR
FM-000103,27/03/2026,SKU-20015,Jus d'orange 1L,18,OUI,OMG-MAR
FM-001217,23-09-2025,SKU-20016,Fromage rape 200g,21,OUI,OMG-LYO
FM-000544,05/03/2025,SKU-20020,Compote pomme 4x100g,27,OUI,OMG-MAR
FM-001143,05/07/2025,SKU-20017,Pommes Gala 1kg,18,OUI,OMG-LIL
FM-000957,24/01/2025,SKU-20018,Pizza surgelee,33,OUI,OMG-LYO
FM-000245,2025-05-20,SKU-20014,Epinards surgeles 1kg,11,OUI,OMG-LIL
FM-000425,2025-01-25,SKU-20018,Pizza surgelee,16,OUI,OMG-MAR
FM-000636,2026-02-07,SKU-20018,Pizza surgelee,30,OUI,OMG-LIL
FM-000655,2026-04-10,SKU-20016,Fromage rape 200g,16,OUI,OMG-LYO
FM-000080,2025-11-03,SKU-20020,Compote pomme 4x100g,25,OUI,OMG-LYO
FM-000641,2025-11-30,SKU-20013,Filet de poulet 500g,37,OUI,OMG-LYO
FM-000530,21/08/2025,SKU-20019,Beurre doux 250g,30,OUI,OMG-MAR
FM-000768,20/02/2026,SKU-20012,Lait demi-ecreme 1L,6,OUI,OMG-MAR
FM-000916,2026-04-22,SKU-20012,Lait demi-ecreme 1L,27,OUI,OMG-LYO
FM-000041,2025-07-15,SKU-20011,Yaourt nature 4x125g,23,OUI,OMG-LIL
FM-000364,31-07-2025,SKU-20020,Compote pomme 4x100g,39,OUI,OMG-MAR
FM-001308,2025-11-03,SKU-20012,Lait demi-ecreme 1L,21,OUI,OMG-LYO
FM-000437,24/06/2026,SKU-20020,Compote pomme 4x100g,32,OUI,OMG-MAR
FM-000206,01/02/2026,SKU-20015,Jus d'orange 1L,35,OUI,OMG-MAR
FM-001188,16-05-2026,SKU-20014,Epinards surgeles 1kg,23,OUI,OMG-LYO
FM-000389,2025-05-15,SKU-20015,Jus d'orange 1L,3,OUI,OMG-LIL
FM-001072,2026-03-17,SKU-20012,Lait demi-ecreme 1L,,OUI,OMG-MAR
FM-001383,01/08/2025,SKU-20020,Compote pomme 4x100g,28,OUI,OMG-MAR
FM-001281,18-05-2025,SKU-20015,Jus d'orange 1L,18,OUI,OMG-LIL
FM-000047,29/06/2026,SKU-20014,Epinards surgeles 1kg,27,OUI,OMG-MAR
FM-000914,13/02/2026,SKU-20011,Yaourt nature 4x125g,39,OUI,OMG-LIL
FM-000326,26-03-2025,SKU-20011,Yaourt nature 4x125g,33,OUI,OMG-MAR
FM-001127,2026-03-06,SKU-20011,Yaourt nature 4x125g,9,OUI,OMG-LIL
FM-000396,24/09/2025,SKU-20015,Jus d'orange 1L,29,OUI,OMG-LYO
FM-000516,2025-12-11,SKU-20015,Jus d'orange 1L,28,OUI,OMG-MAR
FM-001285,2025-06-09,SKU-20012,Lait demi-ecreme 1L,6,OUI,OMG-LYO
FM-000190,27-04-2026,SKU-20018,Pizza surgelee,22,OUI,OMG-LIL
FM-000004,27/07/2025,SKU-20014,Epinards surgeles 1kg,36,OUI,OMG-LIL
FM-000456,2025-05-30,SKU-20012,Lait demi-ecreme 1L,4,OUI,OMG-LIL
FM-000556,01-04-2025,SKU-20016,Fromage rape 200g,36,OUI,OMG-LIL
FM-000883,2026-01-29,SKU-20017,Pommes Gala 1kg,7,OUI,OMG-LYO
FM-000936,08-05-2025,SKU-20012,Lait demi-ecreme 1L,30,OUI,OMG-LYO
FM-000368,23-02-2025,SKU-20015,Jus d'orange 1L,40,OUI,OMG-LYO
FM-000111,07/08/2025,SKU-20019,Beurre doux 250g,27,OUI,OMG-LIL
FM-000021,2026-03-14,SKU-20019,Beurre doux 250g,14,OUI,OMG-MAR
FM-000289,08/02/2025,SKU-20011,Yaourt nature 4x125g,19,OUI,OMG-LIL
FM-000531,29/05/2026,SKU-20020,Compote pomme 4x100g,4,OUI,OMG-LYO
FM-001310,21/12/2025,SKU-20019,Beurre doux 250g,4,OUI,OMG-LYO
FM-000958,2025-02-24,SKU-20017,Pommes Gala 1kg,,OUI,OMG-MAR
FM-000378,2025-12-30,SKU-20019,Beurre doux 250g,11,OUI,OMG-MAR
FM-000783,19/03/2025,SKU-20020,Compote pomme 4x100g,26,OUI,OMG-LYO
FM-000114,2025-04-27,SKU-20014,Epinards surgeles 1kg,27,OUI,OMG-LYO
FM-001295,2025-01-31,SKU-20020,Compote pomme 4x100g,35,OUI,OMG-MAR
FM-000198,26/03/2025,SKU-20014,Epinards surgeles 1kg,34,OUI,OMG-MAR
FM-000993,03/10/2025,SKU-20012,Lait demi-ecreme 1L,28,OUI,OMG-LYO
FM-001175,04-03-2025,SKU-20020,Compote pomme 4x100g,36,OUI,OMG-LYO
FM-000371,30/05/2025,SKU-20012,Lait demi-ecreme 1L,16,OUI,OMG-LYO
FM-000936,08-05-2025,SKU-20016,Fromage rape 200g,9,OUI,OMG-LYO
FM-000792,09/04/2026,SKU-20020,Compote pomme 4x100g,7,OUI,OMG-LIL
FM-000726,24-04-2025,SKU-20014,Epinards surgeles 1kg,22,OUI,OMG-LYO
FM-001312,23/02/2026,SKU-20013,Filet de poulet 500g,9,OUI,OMG-LIL
FM-000218,21/08/2025,SKU-20013,Filet de poulet 500g,5,OUI,OMG-LIL
FM-000144,2025-04-28,SKU-20020,Compote pomme 4x100g,31,OUI,OMG-LIL
FM-001049,21/06/2026,SKU-20014,Epinards surgeles 1kg,32,OUI,OMG-LIL
FM-000111,07/08/2025,SKU-20015,Jus d'orange 1L,4,OUI,OMG-LIL
FM-001094,2025-04-24,SKU-20020,Compote pomme 4x100g,35,OUI,OMG-MAR
FM-001245,05-02-2026,SKU-20020,Compote pomme 4x100g,8,OUI,OMG-MAR
FM-001310,21-12-2025,SKU-20019,Beurre doux 250g,31,OUI,OMG-LYO
FM-000492,13/04/2025,SKU-20016,Fromage rape 200g,19,OUI,OMG-MAR
FM-000845,2026-02-20,SKU-20020,Compote pomme 4x100g,31,OUI,OMG-LYO
FM-000407,2026-07-31,SKU-20013,Filet de poulet 500g,29,OUI,OMG-LYO
FM-000262,29-06-2026,SKU-20017,Pommes Gala 1kg,8,OUI,OMG-LYO
FM-000577,02-07-2025,SKU-20011,Yaourt nature 4x125g,23,OUI,OMG-LIL
FM-000212,05/08/2025,SKU-20016,Fromage rape 200g,38,OUI,OMG-MAR
FM-001306,2025-08-12,SKU-20011,Yaourt nature 4x125g,13,OUI,OMG-MAR
FM-001281,18/05/2025,SKU-20016,Fromage rape 200g,15,OUI,OMG-LIL
FM-001209,22/05/2025,SKU-20015,Jus d'orange 1L,36,OUI,OMG-LYO
FM-000623,09/01/2026,SKU-20013,Filet de poulet 500g,16,OUI,OMG-LIL
FM-001063,29-10-2025,SKU-20016,Fromage rape 200g,26,OUI,OMG-LIL
FM-001179,2025-07-08,SKU-20013,Filet de poulet 500g,27,OUI,OMG-LYO
FM-000777,2025-10-01,SKU-20013,Filet de poulet 500g,30,OUI,OMG-LIL
FM-001044,16-06-2026,SKU-20011,Yaourt nature 4x125g,13,OUI,OMG-LIL
FM-000281,30-11-2025,SKU-20017,Pommes Gala 1kg,1,OUI,OMG-MAR
FM-000058,2025-12-31,SKU-20020,Compote pomme 4x100g,3,OUI,OMG-LYO
FM-000787,13/01/2026,SKU-20014,Epinards surgeles 1kg,27,OUI,OMG-LYO
FM-000453,2025-10-24,SKU-20011,Yaourt nature 4x125g,7,OUI,OMG-LIL
FM-001124,23/04/2026,SKU-20016,Fromage rape 200g,23,OUI,OMG-MAR
FM-000157,2026-03-03,SKU-20020,Compote pomme 4x100g,,OUI,OMG-MAR
FM-000641,30/11/2025,SKU-20011,Yaourt nature 4x125g,24,OUI,OMG-LYO
FM-000114,2025-04-27,SKU-20012,Lait demi-ecreme 1L,4,OUI,OMG-LYO
FM-000812,21/02/2025,SKU-20014,Epinards surgeles 1kg,40,OUI,OMG-LYO
FM-000983,04/06/2025,SKU-20011,Yaourt nature 4x125g,9,OUI,OMG-LIL
FM-001251,17/01/2025,SKU-20013,Filet de poulet 500g,24,OUI,OMG-LYO
FM-000530,21/08/2025,SKU-20019,Beurre doux 250g,12,OUI,OMG-MAR
FM-000929,09/07/2025,SKU-20020,Compote pomme 4x100g,22,OUI,OMG-LIL
FM-000050,23/08/2025,SKU-20019,Beurre doux 250g,19,OUI,OMG-LYO
FM-000845,2026-02-20,SKU-20015,Jus d'orange 1L,26,OUI,OMG-LYO
FM-000723,18-07-2026,SKU-20016,Fromage rape 200g,33,OUI,OMG-MAR
FM-000766,08/11/2025,SKU-20013,Filet de poulet 500g,29,OUI,OMG-LIL
FM-000486,2025-03-28,SKU-20016,Fromage rape 200g,24,OUI,OMG-LYO
FM-000285,2025-07-18,SKU-20011,Yaourt nature 4x125g,39,OUI,OMG-MAR
FM-000266,2025-12-11,SKU-20014,Epinards surgeles 1kg,29,OUI,OMG-MAR
FM-000741,09-11-2025,SKU-20020,Compote pomme 4x100g,7,OUI,OMG-MAR
FM-000353,18/06/2026,SKU-20014,Epinards surgeles 1kg,25,OUI,OMG-LIL
FM-000262,29-06-2026,SKU-20017,Pommes Gala 1kg,10,OUI,OMG-LYO
FM-001124,23-04-2026,SKU-20011,Yaourt nature 4x125g,32,OUI,OMG-MAR
FM-000481,27/03/2026,SKU-20018,Pizza surgelee,33,OUI,OMG-LIL
FM-000005,18-04-2025,SKU-20011,Yaourt nature 4x125g,8,OUI,OMG-LYO
FM-000705,2025-04-10,SKU-20012,Lait demi-ecreme 1L,36,OUI,OMG-LIL
FM-000479,28-03-2025,SKU-20013,Filet de poulet 500g,40,OUI,OMG-LYO
FM-000993,03-10-2025,SKU-20012,Lait demi-ecreme 1L,25,OUI,OMG-LYO
FM-001353,2025-01-25,SKU-20015,Jus d'orange 1L,22,OUI,OMG-LYO
FM-000193,23-02-2025,SKU-20015,Jus d'orange 1L,10,OUI,OMG-MAR
FM-000315,17-07-2026,SKU-20016,Fromage rape 200g,33,OUI,OMG-MAR
FM-000023,23-05-2026,SKU-20013,Filet de poulet 500g,17,OUI,OMG-MAR
FM-001179,08-07-2025,SKU-20017,Pommes Gala 1kg,28,OUI,OMG-LYO
FM-000128,21/03/2026,SKU-20012,Lait demi-ecreme 1L,5,OUI,OMG-MAR
FM-000684,21-04-2026,SKU-20017,Pommes Gala 1kg,31,OUI,OMG-MAR
FM-000707,2026-04-14,SKU-20017,Pommes Gala 1kg,5,OUI,OMG-LYO
FM-001123,03/04/2025,SKU-20020,Compote pomme 4x100g,20,OUI,OMG-LIL
FM-000458,16/09/2025,SKU-20018,Pizza surgelee,5,OUI,OMG-LIL
FM-000283,2026-02-09,SKU-20016,Fromage rape 200g,13,OUI,OMG-MAR
FM-000035,24/03/2026,SKU-20017,Pommes Gala 1kg,15,OUI,OMG-MAR
FM-000397,15/09/2025,SKU-20019,Beurre doux 250g,34,OUI,OMG-LYO
FM-000666,04-03-2025,SKU-20013,Filet de poulet 500g,31,OUI,OMG-LIL
FM-001342,06-05-2025,SKU-20011,Yaourt nature 4x125g,11,OUI,OMG-MAR
FM-000093,13/10/2025,SKU-20017,Pommes Gala 1kg,36,OUI,OMG-MAR
FM-000103,27/03/2026,SKU-20018,Pizza surgelee,29,OUI,OMG-MAR
FM-000671,2026-07-03,SKU-20015,Jus d'orange 1L,39,OUI,OMG-MAR
FM-000147,24/04/2025,SKU-20018,Pizza surgelee,14,OUI,OMG-LIL
FM-001290,2026-03-21,SKU-20020,Compote pomme 4x100g,29,OUI,OMG-LYO
FM-000389,15-05-2025,SKU-20016,Fromage rape 200g,23,OUI,OMG-LIL
FM-000858,2026-04-05,SKU-20016,Fromage rape 200g,40,OUI,OMG-LIL
FM-001127,2026-03-06,SKU-20020,Compote pomme 4x100g,2,OUI,OMG-LIL
FM-000340,01/05/2025,SKU-20020,Compote pomme 4x100g,24,OUI,OMG-LYO
FM-000045,2026-07-22,SKU-20014,Epinards surgeles 1kg,6,OUI,OMG-LIL
FM-000564,2026-04-12,SKU-20016,Fromage rape 200g,40,OUI,OMG-MAR
FM-000336,13/04/2025,SKU-20017,Pommes Gala 1kg,10,OUI,OMG-LIL
FM-000555,09/05/2025,SKU-20011,Yaourt nature 4x125g,15,OUI,OMG-LIL
FM-000262,29-06-2026,SKU-20012,Lait demi-ecreme 1L,7,OUI,OMG-LYO
FM-000532,2025-04-25,SKU-20016,Fromage rape 200g,5,OUI,OMG-LIL
FM-000335,21/04/2025,SKU-20020,Compote pomme 4x100g,33,OUI,OMG-MAR
FM-000084,30/05/2026,SKU-20016,Fromage rape 200g,16,OUI,OMG-LYO
FM-000088,04-03-2025,SKU-20012,Lait demi-ecreme 1L,9,OUI,OMG-LYO
FM-000374,03-04-2025,SKU-20020,Compote pomme 4x100g,31,OUI,OMG-MAR
FM-000383,01/02/2025,SKU-20012,Lait demi-ecreme 1L,14,OUI,OMG-MAR
FM-000883,2026-01-29,SKU-20019,Beurre doux 250g,5,OUI,OMG-LYO
FM-001285,09/06/2025,SKU-20020,Compote pomme 4x100g,11,OUI,OMG-LYO
FM-001003,2025-05-26,SKU-20020,Compote pomme 4x100g,17,OUI,OMG-LIL
FM-001315,11/06/2025,SKU-20018,Pizza surgelee,3,OUI,OMG-LYO
FM-000705,10-04-2025,SKU-20017,Pommes Gala 1kg,30,OUI,OMG-LIL
FM-000157,03/03/2026,SKU-20012,Lait demi-ecreme 1L,37,OUI,OMG-MAR
FM-001065,02/05/2025,SKU-20018,Pizza surgelee,2,OUI,OMG-MAR
FM-000075,26/11/2025,SKU-20015,Jus d'orange 1L,13,OUI,OMG-MAR
FM-000192,30-03-2025,SKU-20020,Compote pomme 4x100g,35,OUI,OMG-LIL
FM-000929,2025-07-09,SKU-20015,Jus d'orange 1L,3,OUI,OMG-LIL
FM-000272,2026-06-10,SKU-20019,Beurre doux 250g,24,OUI,OMG-LIL
FM-000977,14-03-2026,SKU-20016,Fromage rape 200g,9,OUI,OMG-LIL
FM-000633,2026-01-30,SKU-20019,Beurre doux 250g,25,OUI,OMG-LYO
FM-001175,04/03/2025,SKU-20020,Compote pomme 4x100g,24,OUI,OMG-LYO
FM-000898,30/06/2026,SKU-20018,Pizza surgelee,26,OUI,OMG-LIL
FM-000759,2026-07-18,SKU-20017,Pommes Gala 1kg,33,OUI,OMG-LIL
FM-000914,13/02/2026,SKU-20012,Lait demi-ecreme 1L,24,OUI,OMG-LIL
FM-000539,2026-06-15,SKU-20013,Filet de poulet 500g,24,OUI,OMG-LIL
FM-000082,16/10/2025,SKU-20012,Lait demi-ecreme 1L,32,OUI,OMG-LIL
FM-001290,21/03/2026,SKU-20014,Epinards surgeles 1kg,8,OUI,OMG-LYO
FM-001281,2025-05-18,SKU-20014,Epinards surgeles 1kg,38,OUI,OMG-LIL
FM-000601,2025-03-12,SKU-20019,Beurre doux 250g,11,OUI,OMG-LIL
FM-000103,2026-03-27,SKU-20016,Fromage rape 200g,10,OUI,OMG-MAR
FM-000744,2025-01-01,SKU-20014,Epinards surgeles 1kg,28,OUI,OMG-LYO
FM-000705,2025-04-10,SKU-20015,Jus d'orange 1L,17,OUI,OMG-LIL
FM-000039,22-11-2025,SKU-20018,Pizza surgelee,2,OUI,OMG-LIL
FM-000133,2026-01-12,SKU-20020,Compote pomme 4x100g,10,OUI,OMG-LIL
FM-001233,21/08/2025,SKU-20013,Filet de poulet 500g,31,OUI,OMG-MAR
FM-001282,15/02/2025,SKU-20017,Pommes Gala 1kg,9,OUI,OMG-LYO
FM-001315,11-06-2025,SKU-20017,Pommes Gala 1kg,36,OUI,OMG-LYO
FM-000490,23/11/2025,SKU-20015,Jus d'orange 1L,13,OUI,OMG-LIL
FM-000562,2025-01-16,SKU-20017,Pommes Gala 1kg,26,OUI,OMG-LYO
FM-001089,30/08/2025,SKU-20020,Compote pomme 4x100g,8,OUI,OMG-MAR
FM-001065,2025-05-02,SKU-20015,Jus d'orange 1L,37,OUI,OMG-MAR
FM-000755,10-02-2026,SKU-20014,Epinards surgeles 1kg,26,OUI,OMG-LYO
FM-000503,21/02/2025,SKU-20020,Compote pomme 4x100g,31,OUI,OMG-LIL
FM-001179,08/07/2025,SKU-20012,Lait demi-ecreme 1L,21,OUI,OMG-LYO
FM-000494,2025-10-15,SKU-20016,Fromage rape 200g,10,OUI,OMG-LIL
FM-000436,28/04/2026,SKU-20018,Pizza surgelee,25,OUI,OMG-LYO
FM-000914,2026-02-13,SKU-20015,Jus d'orange 1L,33,OUI,OMG-LIL
FM-000802,2026-06-19,SKU-20013,Filet de poulet 500g,38,OUI,OMG-LIL
FM-000795,13-03-2026,SKU-20020,Compote pomme 4x100g,,OUI,OMG-LYO
FM-000047,29-06-2026,SKU-20018,Pizza surgelee,36,OUI,OMG-MAR
FM-000986,22/05/2025,SKU-20017,Pommes Gala 1kg,2,OUI,OMG-LYO
FM-000503,21/02/2025,SKU-20015,Jus d'orange 1L,31,OUI,OMG-LIL
FM-001002,07/02/2025,SKU-20011,Yaourt nature 4x125g,16,OUI,OMG-MAR
FM-001384,2026-02-22,SKU-20016,Fromage rape 200g,15,OUI,OMG-LIL
FM-000023,23/05/2026,SKU-20015,Jus d'orange 1L,19,OUI,OMG-MAR
FM-000921,2025-03-05,SKU-20013,Filet de poulet 500g,20,OUI,OMG-LIL
FM-001308,03/11/2025,SKU-20016,Fromage rape 200g,13,OUI,OMG-LYO
FM-000285,2025-07-18,SKU-20018,Pizza surgelee,25,OUI,OMG-MAR
FM-000479,28/03/2025,SKU-20016,Fromage rape 200g,15,OUI,OMG-LYO
FM-001085,10/11/2025,SKU-20018,Pizza surgelee,10,OUI,OMG-LIL
FM-000607,14-07-2025,SKU-20016,Fromage rape 200g,14,OUI,OMG-MAR
FM-000148,26-03-2025,SKU-20011,Yaourt nature 4x125g,7,OUI,OMG-LYO
FM-001039,14-05-2025,SKU-20016,Fromage rape 200g,7,OUI,OMG-LYO
FM-001346,14-05-2025,SKU-20018,Pizza surgelee,7,OUI,OMG-LIL
FM-001383,2025-08-01,SKU-20017,Pommes Gala 1kg,32,OUI,OMG-MAR
FM-000245,20/05/2025,SKU-20018,Pizza surgelee,34,OUI,OMG-LIL
FM-000912,04/09/2025,SKU-20015,Jus d'orange 1L,,OUI,OMG-MAR
FM-000714,2025-11-26,SKU-20018,Pizza surgelee,32,OUI,OMG-LYO
FM-000481,2026-03-27,SKU-20013,Filet de poulet 500g,37,OUI,OMG-LIL
FM-000398,16/02/2025,SKU-20018,Pizza surgelee,1,OUI,OMG-LYO
FM-000400,01/10/2025,SKU-20015,Jus d'orange 1L,25,OUI,OMG-MAR
FM-000944,2026-02-04,SKU-20020,Compote pomme 4x100g,31,OUI,OMG-MAR
FM-000571,17-01-2025,SKU-20018,Pizza surgelee,32,OUI,OMG-LIL
FM-000795,13/03/2026,SKU-20012,Lait demi-ecreme 1L,36,OUI,OMG-LYO
FM-000145,2026-01-07,SKU-20013,Filet de poulet 500g,30,OUI,OMG-MAR
FM-000690,12/06/2026,SKU-20020,Compote pomme 4x100g,15,OUI,OMG-LIL
FM-000315,2026-07-17,SKU-20019,Beurre doux 250g,29,OUI,OMG-MAR
FM-001344,16/06/2026,SKU-20014,Epinards surgeles 1kg,19,OUI,OMG-LYO
FM-000831,02/07/2025,SKU-20012,Lait demi-ecreme 1L,28,OUI,OMG-LYO
FM-000291,2026-01-07,SKU-20012,Lait demi-ecreme 1L,9,OUI,OMG-MAR
FM-001147,30-03-2026,SKU-20020,Compote pomme 4x100g,27,OUI,OMG-MAR
FM-000978,07/09/2025,SKU-20014,Epinards surgeles 1kg,40,OUI,OMG-LYO
FM-000039,2025-11-22,SKU-20017,Pommes Gala 1kg,22,OUI,OMG-LIL
FM-000556,01-04-2025,SKU-20018,Pizza surgelee,8,OUI,OMG-LIL
FM-000857,2025-06-24,SKU-20017,Pommes Gala 1kg,35,OUI,OMG-LYO
FM-000777,01-10-2025,SKU-20017,Pommes Gala 1kg,34,OUI,OMG-LIL
FM-000481,2026-03-27,SKU-20011,Yaourt nature 4x125g,28,OUI,OMG-LIL
FM-000075,26-11-2025,SKU-20017,Pommes Gala 1kg,31,OUI,OMG-MAR
FM-000318,2026-05-05,SKU-20011,Yaourt nature 4x125g,40,OUI,OMG-LIL
FM-000835,12-02-2026,SKU-20013,Filet de poulet 500g,10,OUI,OMG-MAR
FM-000799,2025-08-22,SKU-20017,Pommes Gala 1kg,6,OUI,OMG-MAR
FM-000403,25/05/2026,SKU-20016,Fromage rape 200g,5,OUI,OMG-LYO
FM-000045,22-07-2026,SKU-20015,Jus d'orange 1L,29,OUI,OMG-LIL
FM-000129,13-06-2026,SKU-20019,Beurre doux 250g,38,OUI,OMG-LIL
FM-000348,21/09/2025,SKU-20012,Lait demi-ecreme 1L,,OUI,OMG-LYO
FM-000285,18-07-2025,SKU-20012,Lait demi-ecreme 1L,27,OUI,OMG-MAR
FM-001162,2025-05-19,SKU-20014,Epinards surgeles 1kg,1,OUI,OMG-MAR
FM-000037,11/05/2026,SKU-20014,Epinards surgeles 1kg,18,OUI,OMG-LYO
FM-000555,09-05-2025,SKU-20014,Epinards surgeles 1kg,10,OUI,OMG-LIL
FM-000201,16/01/2026,SKU-20020,Compote pomme 4x100g,26,OUI,OMG-MAR
FM-000627,23/03/2025,SKU-20018,Pizza surgelee,,OUI,OMG-LYO
FM-000641,30/11/2025,SKU-20014,Epinards surgeles 1kg,29,OUI,OMG-LYO
FM-000625,01-06-2025,SKU-20014,Epinards surgeles 1kg,31,OUI,OMG-LIL
FM-001388,2025-07-15,SKU-20011,Yaourt nature 4x125g,35,OUI,OMG-MAR
FM-001305,2025-01-20,SKU-20020,Compote pomme 4x100g,,OUI,OMG-LIL
FM-001334,18/04/2026,SKU-20013,Filet de poulet 500g,10,OUI,OMG-LYO
FM-000572,2025-09-17,SKU-20011,Yaourt nature 4x125g,32,OUI,OMG-LYO
FM-000088,2025-03-04,SKU-20015,Jus d'orange 1L,40,OUI,OMG-LYO
FM-001305,20-01-2025,SKU-20016,Fromage rape 200g,2,OUI,OMG-LIL
FM-001044,16-06-2026,SKU-20020,Compote pomme 4x100g,37,OUI,OMG-LIL
FM-001084,09-01-2026,SKU-20019,Beurre doux 250g,13,OUI,OMG-MAR
FM-000082,16/10/2025,SKU-20015,Jus d'orange 1L,3,OUI,OMG-LIL
FM-000846,24-01-2025,SKU-20019,Beurre doux 250g,22,OUI,OMG-MAR
FM-000201,2026-01-16,SKU-20020,Compote pomme 4x100g,25,OUI,OMG-MAR
FM-000500,2025-01-06,SKU-20019,Beurre doux 250g,30,OUI,OMG-LYO
FM-000768,20-02-2026,SKU-20013,Filet de poulet 500g,7,OUI,OMG-MAR
FM-000831,02-07-2025,SKU-20013,Filet de poulet 500g,2,OUI,OMG-LYO
FM-000539,2026-06-15,SKU-20015,Jus d'orange 1L,2,OUI,OMG-LIL
FM-000519,04/05/2026,SKU-20012,Lait demi-ecreme 1L,4,OUI,OMG-LYO
FM-000993,03/10/2025,SKU-20015,Jus d'orange 1L,15,OUI,OMG-LYO
FM-000651,2025-02-26,SKU-20017,Pommes Gala 1kg,22,OUI,OMG-LYO
FM-001383,2025-08-01,SKU-20016,Fromage rape 200g,28,OUI,OMG-MAR
FM-000128,21/03/2026,SKU-20013,Filet de poulet 500g,,OUI,OMG-MAR
FM-000721,07/12/2025,SKU-20011,Yaourt nature 4x125g,23,OUI,OMG-LYO
FM-000719,2026-04-24,SKU-20011,Yaourt nature 4x125g,23,OUI,OMG-LYO
FM-000004,2025-07-27,SKU-20016,Fromage rape 200g,14,OUI,OMG-LIL
FM-001111,2025-10-17,SKU-20015,Jus d'orange 1L,30,OUI,OMG-MAR
FM-000738,08/05/2026,SKU-20018,Pizza surgelee,15,OUI,OMG-MAR
FM-001281,2025-05-18,SKU-20013,Filet de poulet 500g,4,OUI,OMG-LIL
FM-000067,12/01/2026,SKU-20018,Pizza surgelee,21,OUI,OMG-MAR
FM-000506,2026-06-17,SKU-20016,Fromage rape 200g,10,OUI,OMG-LIL
FM-000378,30-12-2025,SKU-20012,Lait demi-ecreme 1L,34,OUI,OMG-MAR
FM-001342,06/05/2025,SKU-20020,Compote pomme 4x100g,40,OUI,OMG-MAR
FM-000729,2025-10-08,SKU-20019,Beurre doux 250g,39,OUI,OMG-MAR
FM-000531,29/05/2026,SKU-20019,Beurre doux 250g,13,OUI,OMG-LYO
FM-000126,21/04/2026,SKU-20018,Pizza surgelee,6,OUI,OMG-LYO
FM-000721,07-12-2025,SKU-20014,Epinards surgeles 1kg,8,OUI,OMG-LYO
FM-000331,25/09/2025,SKU-20019,Beurre doux 250g,9,OUI,OMG-LIL
FM-000482,06-03-2025,SKU-20017,Pommes Gala 1kg,14,OUI,OMG-LYO
FM-001069,2025-05-17,SKU-20019,Beurre doux 250g,11,OUI,OMG-MAR
FM-000144,2025-04-28,SKU-20017,Pommes Gala 1kg,33,OUI,OMG-LIL
FM-000741,2025-11-09,SKU-20011,Yaourt nature 4x125g,3,OUI,OMG-MAR
FM-001310,21/12/2025,SKU-20020,Compote pomme 4x100g,9,OUI,OMG-LYO
FM-001042,06/10/2025,SKU-20020,Compote pomme 4x100g,37,OUI,OMG-LYO
FM-000119,06/11/2025,SKU-20015,Jus d'orange 1L,8,OUI,OMG-MAR
FM-000124,2025-10-25,SKU-20020,Compote pomme 4x100g,10,OUI,OMG-LIL
FM-001351,27-11-2025,SKU-20011,Yaourt nature 4x125g,14,OUI,OMG-LIL
FM-000904,10/06/2026,SKU-20013,Filet de poulet 500g,19,OUI,OMG-MAR
FM-001042,06/10/2025,SKU-20019,Beurre doux 250g,6,OUI,OMG-LYO
FM-000010,09-05-2025,SKU-20015,Jus d'orange 1L,26,OUI,OMG-MAR
FM-000111,2025-08-07,SKU-20020,Compote pomme 4x100g,9,OUI,OMG-LIL
FM-000636,2026-02-07,SKU-20011,Yaourt nature 4x125g,30,OUI,OMG-LIL
FM-001288,03-07-2025,SKU-20012,Lait demi-ecreme 1L,26,OUI,OMG-LYO
FM-000237,2025-04-04,SKU-20018,Pizza surgelee,17,OUI,OMG-LIL
FM-000912,04/09/2025,SKU-20014,Epinards surgeles 1kg,11,OUI,OMG-MAR
FM-001181,2025-03-20,SKU-20013,Filet de poulet 500g,35,OUI,OMG-LYO
FM-000978,2025-09-07,SKU-20019,Beurre doux 250g,13,OUI,OMG-LYO
FM-000047,29-06-2026,SKU-20014,Epinards surgeles 1kg,6,OUI,OMG-MAR
FM-000928,2025-12-29,SKU-20018,Pizza surgelee,40,OUI,OMG-LYO
FM-001085,2025-11-10,SKU-20013,Filet de poulet 500g,25,OUI,OMG-LIL
FM-000539,15/06/2026,SKU-20018,Pizza surgelee,24,OUI,OMG-LIL
FM-000003,13-05-2026,SKU-20016,Fromage rape 200g,4,OUI,OMG-LIL
FM-000574,20-01-2026,SKU-20011,Yaourt nature 4x125g,11,OUI,OMG-LYO
FM-001305,20-01-2025,SKU-20017,Pommes Gala 1kg,36,OUI,OMG-LIL
FM-000555,09/05/2025,SKU-20013,Filet de poulet 500g,36,OUI,OMG-LIL
FM-000623,09-01-2026,SKU-20015,Jus d'orange 1L,38,OUI,OMG-LIL
FM-000589,21-03-2026,SKU-20019,Beurre doux 250g,39,OUI,OMG-LIL
FM-000356,15-04-2025,SKU-20020,Compote pomme 4x100g,4,OUI,OMG-LIL
FM-000592,16/01/2026,SKU-20013,Filet de poulet 500g,33,OUI,OMG-MAR
FM-001379,12/03/2025,SKU-20013,Filet de poulet 500g,39,OUI,OMG-MAR
FM-000075,26-11-2025,SKU-20012,Lait demi-ecreme 1L,16,OUI,OMG-MAR
FM-001010,22/04/2025,SKU-20013,Filet de poulet 500g,,OUI,OMG-LYO
FM-000407,2026-07-31,SKU-20014,Epinards surgeles 1kg,,OUI,OMG-LYO
FM-000378,2025-12-30,SKU-20015,Jus d'orange 1L,17,OUI,OMG-MAR
FM-001070,13-03-2026,SKU-20012,Lait demi-ecreme 1L,10,OUI,OMG-LYO
FM-001136,09/01/2026,SKU-20018,Pizza surgelee,31,OUI,OMG-LYO
FM-000389,15-05-2025,SKU-20020,Compote pomme 4x100g,25,OUI,OMG-LIL
FM-000119,06/11/2025,SKU-20011,Yaourt nature 4x125g,22,OUI,OMG-MAR
FM-000675,12/06/2025,SKU-20011,Yaourt nature 4x125g,7,OUI,OMG-MAR
FM-001384,22-02-2026,SKU-20018,Pizza surgelee,20,OUI,OMG-LIL
FM-000082,16/10/2025,SKU-20017,Pommes Gala 1kg,38,OUI,OMG-LIL
FM-000350,07/03/2026,SKU-20015,Jus d'orange 1L,12,OUI,OMG-LYO
FM-000137,24/05/2026,SKU-20019,Beurre doux 250g,1,OUI,OMG-MAR
FM-000914,13-02-2026,SKU-20015,Jus d'orange 1L,22,OUI,OMG-LIL
FM-000456,2025-05-30,SKU-20012,Lait demi-ecreme 1L,6,OUI,OMG-LIL
FM-000107,2025-07-15,SKU-20013,Filet de poulet 500g,22,OUI,OMG-LIL
FM-000726,24-04-2025,SKU-20011,Yaourt nature 4x125g,25,OUI,OMG-LYO
FM-001282,15/02/2025,SKU-20020,Compote pomme 4x100g,9,OUI,OMG-LYO
FM-000120,07/11/2025,SKU-20015,Jus d'orange 1L,6,OUI,OMG-LIL
FM-000338,26/06/2026,SKU-20018,Pizza surgelee,25,OUI,OMG-LYO
FM-000386,2025-11-05,SKU-20015,Jus d'orange 1L,39,OUI,OMG-LIL
FM-001351,27-11-2025,SKU-20012,Lait demi-ecreme 1L,36,OUI,OMG-LIL
FM-001076,25/06/2026,SKU-20019,Beurre doux 250g,28,OUI,OMG-LYO
FM-001087,2025-05-03,SKU-20014,Epinards surgeles 1kg,32,OUI,OMG-LIL
FM-000090,20/11/2025,SKU-20015,Jus d'orange 1L,24,OUI,OMG-LIL
FM-000027,2025-05-01,SKU-20013,Filet de poulet 500g,12,OUI,OMG-MAR
FM-000155,12-07-2025,SKU-20015,Jus d'orange 1L,38,OUI,OMG-LIL
FM-000879,13/01/2026,SKU-20015,Jus d'orange 1L,17,OUI,OMG-LIL
FM-000636,2026-02-07,SKU-20019,Beurre doux 250g,40,OUI,OMG-LIL
FM-001065,02-05-2025,SKU-20020,Compote pomme 4x100g,12,OUI,OMG-MAR
FM-000378,30-12-2025,SKU-20019,Beurre doux 250g,24,OUI,OMG-MAR
FM-000120,2025-11-07,SKU-20018,Pizza surgelee,32,OUI,OMG-LIL
FM-000456,30-05-2025,SKU-20020,Compote pomme 4x100g,8,OUI,OMG-LIL
FM-000638,18-03-2025,SKU-20014,Epinards surgeles 1kg,22,OUI,OMG-LYO
FM-000326,2025-03-26,SKU-20012,Lait demi-ecreme 1L,18,OUI,OMG-MAR
FM-000209,20/04/2026,SKU-20020,Compote pomme 4x100g,9,OUI,OMG-MAR
FM-000512,12-03-2025,SKU-20016,Fromage rape 200g,11,OUI,OMG-LYO
FM-001076,25/06/2026,SKU-20013,Filet de poulet 500g,,OUI,OMG-LYO
FM-000616,05-01-2025,SKU-20017,Pommes Gala 1kg,5,OUI,OMG-LIL
FM-000495,02/05/2025,SKU-20018,Pizza surgelee,22,OUI,OMG-LIL
FM-000623,09-01-2026,SKU-20011,Yaourt nature 4x125g,9,OUI,OMG-LIL
FM-000015,14/07/2025,SKU-20018,Pizza surgelee,36,OUI,OMG-LIL
FM-000582,2026-06-14,SKU-20018,Pizza surgelee,10,OUI,OMG-MAR
FM-000293,05/02/2025,SKU-20020,Compote pomme 4x100g,37,OUI,OMG-LIL
FM-001063,2025-10-29,SKU-20014,Epinards surgeles 1kg,16,OUI,OMG-LIL
FM-000675,12/06/2025,SKU-20013,Filet de poulet 500g,32,OUI,OMG-MAR
FM-001292,17-02-2025,SKU-20011,Yaourt nature 4x125g,24,OUI,OMG-MAR
FM-000926,23/03/2025,SKU-20013,Filet de poulet 500g,27,OUI,OMG-MAR
FM-001167,2025-01-19,SKU-20017,Pommes Gala 1kg,10,OUI,OMG-LIL
FM-000160,29/06/2026,SKU-20012,Lait demi-ecreme 1L,31,OUI,OMG-LIL
FM-000887,15/08/2025,SKU-20016,Fromage rape 200g,,OUI,OMG-LYO
FM-000887,15/08/2025,SKU-20017,Pommes Gala 1kg,39,OUI,OMG-LYO
FM-000984,13-01-2026,SKU-20011,Yaourt nature 4x125g,33,OUI,OMG-LIL
FM-000004,27-07-2025,SKU-20015,Jus d'orange 1L,9,OUI,OMG-LIL
FM-000495,02/05/2025,SKU-20019,Beurre doux 250g,22,OUI,OMG-LIL
FM-000766,2025-11-08,SKU-20016,Fromage rape 200g,6,OUI,OMG-LIL
FM-001044,16/06/2026,SKU-20016,Fromage rape 200g,4,OUI,OMG-LIL
FM-000133,12-01-2026,SKU-20016,Fromage rape 200g,26,OUI,OMG-LIL
FM-000010,2025-05-09,SKU-20017,Pommes Gala 1kg,14,OUI,OMG-MAR
FM-000245,20/05/2025,SKU-20015,Jus d'orange 1L,4,OUI,OMG-LIL
FM-001180,13/01/2026,SKU-20015,Jus d'orange 1L,16,OUI,OMG-LYO
FM-000866,14/05/2026,SKU-20016,Fromage rape 200g,22,OUI,OMG-LYO
FM-000776,29/05/2025,SKU-20016,Fromage rape 200g,2,OUI,OMG-LYO
FM-001358,13-06-2025,SKU-20020,Compote pomme 4x100g,29,OUI,OMG-LYO
FM-001203,2025-09-30,SKU-20017,Pommes Gala 1kg,7,OUI,OMG-MAR
FM-001288,03-07-2025,SKU-20012,Lait demi-ecreme 1L,10,OUI,OMG-LYO
FM-000226,2026-02-11,SKU-20013,Filet de poulet 500g,24,OUI,OMG-LIL
FM-000865,02/03/2025,SKU-20019,Beurre doux 250g,5,OUI,OMG-LYO
FM-001265,2026-06-16,SKU-20013,Filet de poulet 500g,14,OUI,OMG-LYO
FM-000524,10/06/2026,SKU-20016,Fromage rape 200g,4,OUI,OMG-MAR
FM-000170,08/06/2026,SKU-20012,Lait demi-ecreme 1L,13,OUI,OMG-LIL
FM-000924,2026-01-27,SKU-20012,Lait demi-ecreme 1L,33,OUI,OMG-MAR
FM-000923,10-10-2025,SKU-20017,Pommes Gala 1kg,10,OUI,OMG-MAR
FM-001070,13/03/2026,SKU-20018,Pizza surgelee,7,OUI,OMG-LYO
FM-001290,2026-03-21,SKU-20014,Epinards surgeles 1kg,35,OUI,OMG-LYO
FM-000058,2025-12-31,SKU-20019,Beurre doux 250g,32,OUI,OMG-LYO
FM-000468,2026-04-24,SKU-20017,Pommes Gala 1kg,22,OUI,OMG-MAR
FM-000684,2026-04-21,SKU-20012,Lait demi-ecreme 1L,25,OUI,OMG-MAR
FM-000479,28/03/2025,SKU-20017,Pommes Gala 1kg,11,OUI,OMG-LYO
FM-000356,2025-04-15,SKU-20018,Pizza surgelee,20,OUI,OMG-LIL
FM-001144,2025-11-26,SKU-20015,Jus d'orange 1L,13,OUI,OMG-MAR
FM-000093,2025-10-13,SKU-20020,Compote pomme 4x100g,15,OUI,OMG-MAR
FM-000289,08-02-2025,SKU-20016,Fromage rape 200g,21,OUI,OMG-LIL
FM-000671,03-07-2026,SKU-20018,Pizza surgelee,10,OUI,OMG-MAR
FM-000025,2026-07-30,SKU-20012,Lait demi-ecreme 1L,5,OUI,OMG-LYO
FM-000592,16/01/2026,SKU-20013,Filet de poulet 500g,10,OUI,OMG-MAR
FM-000254,2025-10-19,SKU-20019,Beurre doux 250g,6,OUI,OMG-LYO
FM-000318,05/05/2026,SKU-20012,Lait demi-ecreme 1L,35,OUI,OMG-LIL
FM-000592,2026-01-16,SKU-20019,Beurre doux 250g,9,OUI,OMG-MAR
FM-000799,2025-08-22,SKU-20018,Pizza surgelee,40,OUI,OMG-MAR
FM-001383,01-08-2025,SKU-20017,Pommes Gala 1kg,4,OUI,OMG-MAR
FM-000936,2025-05-08,SKU-20012,Lait demi-ecreme 1L,23,OUI,OMG-LYO
FM-001188,16-05-2026,SKU-20013,Filet de poulet 500g,26,OUI,OMG-LYO
FM-001323,2025-06-17,SKU-20020,Compote pomme 4x100g,38,OUI,OMG-MAR
FM-000061,31/03/2026,SKU-20012,Lait demi-ecreme 1L,31,OUI,OMG-LYO
FM-000245,20/05/2025,SKU-20016,Fromage rape 200g,38,OUI,OMG-LIL
FM-001042,06/10/2025,SKU-20020,Compote pomme 4x100g,7,OUI,OMG-LYO
FM-001201,05/04/2025,SKU-20020,Compote pomme 4x100g,18,OUI,OMG-LIL
FM-000291,2026-01-07,SKU-20011,Yaourt nature 4x125g,11,OUI,OMG-MAR
FM-000651,26/02/2025,SKU-20017,Pommes Gala 1kg,13,OUI,OMG-LYO
FM-001087,03-05-2025,SKU-20015,Jus d'orange 1L,15,OUI,OMG-LIL
FM-001295,31-01-2025,SKU-20015,Jus d'orange 1L,35,OUI,OMG-MAR
FM-001136,09-01-2026,SKU-20018,Pizza surgelee,14,OUI,OMG-LYO
FM-000398,16-02-2025,SKU-20012,Lait demi-ecreme 1L,25,OUI,OMG-LYO
FM-000037,11/05/2026,SKU-20018,Pizza surgelee,16,OUI,OMG-LYO
FM-000203,14-01-2026,SKU-20019,Beurre doux 250g,11,OUI,OMG-LYO
FM-000602,12-06-2026,SKU-20011,Yaourt nature 4x125g,4,OUI,OMG-LIL
FM-000441,2025-08-08,SKU-20017,Pommes Gala 1kg,38,OUI,OMG-LYO
FM-000119,06-11-2025,SKU-20015,Jus d'orange 1L,23,OUI,OMG-MAR
FM-001283,06-05-2025,SKU-20012,Lait demi-ecreme 1L,17,OUI,OMG-LYO
FM-000572,17/09/2025,SKU-20019,Beurre doux 250g,19,OUI,OMG-LYO
FM-000061,2026-03-31,SKU-20016,Fromage rape 200g,21,OUI,OMG-LYO
FM-000458,2025-09-16,SKU-20015,Jus d'orange 1L,12,OUI,OMG-LIL
FM-000614,2025-06-27,SKU-20014,Epinards surgeles 1kg,2,OUI,OMG-MAR
FM-000114,27-04-2025,SKU-20019,Beurre doux 250g,28,OUI,OMG-LYO
FM-000283,2026-02-09,SKU-20017,Pommes Gala 1kg,9,OUI,OMG-MAR
FM-000856,26-10-2025,SKU-20011,Yaourt nature 4x125g,18,OUI,OMG-MAR
FM-001039,14-05-2025,SKU-20013,Filet de poulet 500g,39,OUI,OMG-LYO
FM-000084,30-05-2026,SKU-20019,Beurre doux 250g,14,OUI,OMG-LYO
FM-000592,16/01/2026,SKU-20018,Pizza surgelee,30,OUI,OMG-MAR
FM-000581,14-05-2025,SKU-20019,Beurre doux 250g,27,OUI,OMG-MAR
FM-000111,2025-08-07,SKU-20018,Pizza surgelee,24,OUI,OMG-LIL
FM-000010,09/05/2025,SKU-20019,Beurre doux 250g,13,OUI,OMG-MAR
FM-000050,23-08-2025,SKU-20012,Lait demi-ecreme 1L,1,OUI,OMG-LYO
FM-000023,2026-05-23,SKU-20019,Beurre doux 250g,10,OUI,OMG-MAR
FM-000872,23-09-2025,SKU-20017,Pommes Gala 1kg,,OUI,OMG-LIL
FM-000226,11/02/2026,SKU-20012,Lait demi-ecreme 1L,2,OUI,OMG-LIL
FM-000294,10-06-2026,SKU-20011,Yaourt nature 4x125g,1,OUI,OMG-MAR
FM-000133,2026-01-12,SKU-20016,Fromage rape 200g,21,OUI,OMG-LIL
FM-001350,2025-11-08,SKU-20020,Compote pomme 4x100g,28,OUI,OMG-LYO
FM-000375,2026-06-17,SKU-20011,Yaourt nature 4x125g,23,OUI,OMG-LYO
FM-001174,28/11/2025,SKU-20012,Lait demi-ecreme 1L,11,OUI,OMG-LYO
FM-001353,25/01/2025,SKU-20017,Pommes Gala 1kg,7,OUI,OMG-LYO
FM-000394,2025-09-07,SKU-20015,Jus d'orange 1L,11,OUI,OMG-LYO
FM-000666,2025-03-04,SKU-20017,Pommes Gala 1kg,25,OUI,OMG-LIL
FM-000148,26-03-2025,SKU-20017,Pommes Gala 1kg,22,OUI,OMG-LYO
FM-001387,26-05-2026,SKU-20017,Pommes Gala 1kg,2,OUI,OMG-MAR
FM-001365,09-05-2026,SKU-20020,Compote pomme 4x100g,23,OUI,OMG-MAR
FM-000502,2026-05-23,SKU-20018,Pizza surgelee,16,OUI,OMG-LYO
FM-001155,2025-06-09,SKU-20020,Compote pomme 4x100g,25,OUI,OMG-MAR
FM-000084,30/05/2026,SKU-20014,Epinards surgeles 1kg,,OUI,OMG-LYO
FM-000340,01-05-2025,SKU-20017,Pommes Gala 1kg,14,OUI,OMG-LYO
FM-001162,2025-05-19,SKU-20016,Fromage rape 200g,11,OUI,OMG-MAR
FM-000506,2026-06-17,SKU-20016,Fromage rape 200g,7,OUI,OMG-LIL
FM-000495,02-05-2025,SKU-20015,Jus d'orange 1L,37,OUI,OMG-LIL
FM-000212,05-08-2025,SKU-20018,Pizza surgelee,32,OUI,OMG-MAR
FM-000602,2026-06-12,SKU-20015,Jus d'orange 1L,25,OUI,OMG-LIL
FM-000025,2026-07-30,SKU-20011,Yaourt nature 4x125g,24,OUI,OMG-LYO
FM-000931,09/05/2025,SKU-20015,Jus d'orange 1L,20,OUI,OMG-LIL
FM-000777,01-10-2025,SKU-20016,Fromage rape 200g,8,OUI,OMG-LIL
FM-000371,2025-05-30,SKU-20017,Pommes Gala 1kg,1,OUI,OMG-LYO
FM-001370,2025-11-07,SKU-20011,Yaourt nature 4x125g,28,OUI,OMG-MAR
FM-000987,30-04-2026,SKU-20011,Yaourt nature 4x125g,15,OUI,OMG-LYO
FM-001086,15-05-2025,SKU-20011,Yaourt nature 4x125g,26,OUI,OMG-MAR
FM-001032,14-05-2025,SKU-20013,Filet de poulet 500g,5,OUI,OMG-LYO
FM-001134,2026-03-11,SKU-20013,Filet de poulet 500g,20,OUI,OMG-LYO
FM-001257,15-04-2025,SKU-20014,Epinards surgeles 1kg,3,OUI,OMG-LYO
FM-000857,24-06-2025,SKU-20011,Yaourt nature 4x125g,20,OUI,OMG-LYO
