numero_cde,date,sku,description,quantite,entrepot_destination
MTX-000159,07/06/2026,SKU-30027,Short de sport,17,OMG-LIL
MTX-000118,14-04-2025,SKU-30022,Jean coupe droite,30,OMG-LIL
MTX-000186,2025-03-05,SKU-30023,Veste softshell,25,OMG-LYO
MTX-000265,08-02-2025,SKU-30026,Chemise popeline,20,OMG-LYO
MTX-000847,26-09-2025,SKU-30030,Robe ete,40,OMG-LYO
MTX-001399,18/06/2025,SKU-30026,Chemise popeline,16,OMG-MAR
MTX-001016,2025-10-19,SKU-30022,Jean coupe droite,38,OMG-MAR
MTX-000077,2026-01-21,SKU-30026,Chemise popeline,15,OMG-MAR
MTX-000158,27-04-2025,SKU-30024,Chaussettes x3,38,OMG-MAR
MTX-000393,2026-07-26,SKU-30027,Short de sport,21,OMG-MAR
MTX-001150,2026-03-20,SKU-30023,Veste softshell,2,OMG-MAR
MTX-000141,12/09/2025,SKU-30023,Veste softshell,26,OMG-LYO
MTX-000011,28/06/2025,SKU-30022,Jean coupe droite,4,OMG-MAR
MTX-000934,21-01-2025,SKU-30026,Chemise popeline,33,OMG-MAR
MTX-001258,2026-03-06,SKU-30030,Robe ete,7,OMG-LIL
MTX-001270,2026-05-01,SKU-30029,Casquette coton,19,OMG-LIL
MTX-000186,2025-03-05,SKU-30022,Jean coupe droite,6,OMG-LYO
MTX-001347,31-01-2025,SKU-30022,Jean coupe droite,32,OMG-LYO
MTX-000639,18/04/2025,SKU-30026,Chemise popeline,26,OMG-MAR
MTX-000440,20/04/2026,SKU-30029,Casquette coton,4,OMG-LYO
MTX-000419,10-03-2025,SKU-30026,Chemise popeline,9,OMG-MAR
MTX-001059,16/01/2025,SKU-30024,Chaussettes x3,32,OMG-LYO
MTX-000249,04/11/2025,SKU-30025,Pull col rond,21,OMG-MAR
MTX-001243,2026-03-24,SKU-30023,Veste softshell,19,OMG-MAR
MTX-000724,2025-01-07,SKU-30022,Jean coupe droite,28,OMG-MAR
MTX-000399,03-09-2025,SKU-30023,Veste softshell,13,OMG-LYO
MTX-001193,02/06/2025,SKU-30028,Doudoune legere,38,OMG-MAR
MTX-001397,2025-09-15,SKU-30021,T-shirt coton uni,3,OMG-LYO
MTX-000244,05-05-2026,SKU-30029,Casquette coton,32,OMG-LYO
MTX-000105,27-05-2025,SKU-30021,T-shirt coton uni,29,OMG-MAR
MTX-000044,2025-09-23,SKU-30027,Short de sport,12,OMG-MAR
MTX-001267,31-05-2025,SKU-30029,Casquette coton,9,OMG-LIL
MTX-000620,2026-03-11,SKU-30030,Robe ete,27,OMG-LYO
MTX-000236,05-09-2025,SKU-30023,Veste softshell,38,OMG-LIL
MTX-001356,18-05-2026,SKU-30024,Chaussettes x3,30,OMG-LIL
MTX-000238,01-02-2025,SKU-30027,Short de sport,33,OMG-MAR
MTX-000959,04/04/2025,SKU-30026,Chemise popeline,26,OMG-MAR
MTX-000071,2025-12-04,SKU-30028,Doudoune legere,11,OMG-LYO
MTX-000115,06-05-2026,SKU-30027,Short de sport,1,OMG-LYO
MTX-001253,2026-06-04,SKU-30025,Pull col rond,27,OMG-LYO
MTX-000890,23-01-2025,SKU-30026,Chemise popeline,17,OMG-LYO
MTX-000390,13-04-2026,SKU-30021,T-shirt coton uni,20,OMG-MAR
MTX-000640,26/04/2025,SKU-30028,Doudoune legere,15,OMG-MAR
MTX-001045,2025-02-06,SKU-30027,Short de sport,33,OMG-LYO
MTX-001035,2026-04-02,SKU-30030,Robe ete,5,OMG-LIL
MTX-000525,2025-10-23,SKU-30024,Chaussettes x3,16,OMG-LIL
MTX-000243,25-04-2026,SKU-30028,Doudoune legere,27,OMG-MAR
MTX-000444,25/03/2026,SKU-30029,Casquette coton,18,OMG-LYO
MTX-001083,27/04/2026,SKU-30026,Chemise popeline,39,OMG-LYO
MTX-000330,2026-03-26,SKU-30026,Chemise popeline,38,OMG-LIL
MTX-000277,27-03-2026,SKU-30028,Doudoune legere,13,OMG-MAR
MTX-001083,2026-04-27,SKU-30021,T-shirt coton uni,6,OMG-LYO
MTX-001171,29/07/2025,SKU-30026,Chemise popeline,2,OMG-MAR
MTX-001317,2025-05-11,SKU-30029,Casquette coton,14,OMG-MAR
MTX-000834,27-04-2026,SKU-30021,T-shirt coton uni,11,OMG-MAR
MTX-001073,08/05/2026,SKU-30026,Chemise popeline,39,OMG-LYO
MTX-000918,01-04-2026,SKU-30029,Casquette coton,1,OMG-LYO
MTX-000617,17-03-2025,SKU-30028,Doudoune legere,16,OMG-MAR
MTX-000213,09/05/2026,SKU-30027,Short de sport,14,OMG-LIL
MTX-001360,27-01-2026,SKU-30028,Doudoune legere,2,OMG-MAR
MTX-000238,01-02-2025,SKU-30024,Chaussettes x3,23,OMG-MAR
MTX-000367,03-11-2025,SKU-30027,Short de sport,16,OMG-LIL
MTX-000138,10/11/2025,SKU-30021,T-shirt coton uni,37,OMG-LIL
MTX-000166,07/06/2026,SKU-30029,Casquette coton,15,OMG-MAR
MTX-001316,2026-04-25,SKU-30023,Veste softshell,32,OMG-MAR
MTX-000875,27/02/2025,SKU-30028,Doudoune legere,28,OMG-LYO
MTX-000246,20-06-2025,SKU-30026,Chemise popeline,38,OMG-LYO
MTX-001320,09/03/2025,SKU-30028,Doudoune legere,30,OMG-MAR
MTX-000576,25-07-2026,SKU-30023,Veste softshell,40,OMG-MAR
MTX-000069,2025-01-12,SKU-30028,Doudoune legere,17,OMG-LIL
MTX-000780,30/07/2026,SKU-30025,Pull col rond,18,OMG-MAR
MTX-000156,2025-12-28,SKU-30022,Jean coupe droite,19,OMG-LYO
MTX-000685,25/01/2025,SKU-30025,Pull col rond,36,OMG-MAR
MTX-001128,29-10-2025,SKU-30023,Veste softshell,29,OMG-MAR
MTX-001083,2026-04-27,SKU-30026,Chemise popeline,38,OMG-LYO
MTX-000778,06-12-2025,SKU-30022,Jean coupe droite,6,OMG-MAR
MTX-000650,18/06/2025,SKU-30022,Jean coupe droite,33,OMG-MAR
MTX-000954,15-06-2026,SKU-30024,Chaussettes x3,2,OMG-LYO
MTX-000954,15-06-2026,SKU-30030,Robe ete,15,OMG-LYO
MTX-000903,05/04/2025,SKU-30027,Short de sport,32,OMG-MAR
MTX-001092,27-06-2025,SKU-30022,Jean coupe droite,25,OMG-MAR
MTX-001287,2026-07-18,SKU-30026,Chemise popeline,4,OMG-LYO
MTX-000945,2025-02-05,SKU-30025,Pull col rond,18,OMG-MAR
MTX-000308,2026-06-23,SKU-30027,Short de sport,27,OMG-LIL
MTX-000862,19-06-2025,SKU-30028,Doudoune legere,12,OMG-MAR
MTX-000837,11-04-2025,SKU-30030,Robe ete,40,OMG-LIL
MTX-000079,31-07-2025,SKU-30028,Doudoune legere,5,OMG-MAR
MTX-000850,30/11/2025,SKU-30026,Chemise popeline,13,OMG-LYO
MTX-001125,25-11-2025,SKU-30022,Jean coupe droite,31,OMG-LYO
MTX-000701,20-05-2025,SKU-30021,T-shirt coton uni,9,OMG-MAR
MTX-000667,25/07/2026,SKU-30027,Short de sport,28,OMG-MAR
MTX-000930,06-04-2026,SKU-30024,Chaussettes x3,37,OMG-LIL
MTX-000963,10/04/2025,SKU-30024,Chaussettes x3,2,OMG-MAR
MTX-000019,09-06-2026,SKU-30030,Robe ete,3,OMG-LYO
MTX-000910,2025-04-22,SKU-30026,Chemise popeline,5,OMG-LYO
MTX-001357,16/08/2025,SKU-30024,Chaussettes x3,32,OMG-MAR
MTX-000817,07/02/2026,SKU-30023,Veste softshell,23,OMG-LIL
MTX-001199,12-05-2025,SKU-30027,Short de sport,14,OMG-LIL
MTX-000369,25-05-2025,SKU-30024,Chaussettes x3,6,OMG-LYO
MTX-000527,27-07-2025,SKU-30030,Robe ete,25,OMG-LIL
MTX-000161,23-11-2025,SKU-30027,Short de sport,6,OMG-MAR
MTX-000202,20-08-2025,SKU-30024,Chaussettes x3,20,OMG-MAR
MTX-000097,14-02-2026,SKU-30024,Chaussettes x3,26,OMG-LIL
MTX-001030,01/03/2025,SKU-30026,Chemise popeline,16,OMG-LIL
MTX-001056,12-08-2025,SKU-30021,T-shirt coton uni,8,OMG-MAR
MTX-000805,2025-10-02,SKU-30022,Jean coupe droite,32,OMG-LYO
MTX-000639,18-04-2025,SKU-30027,Short de sport,38,OMG-MAR
MTX-001326,27/07/2026,SKU-30030,Robe ete,22,OMG-LIL
MTX-001324,30/07/2026,SKU-30022,Jean coupe droite,28,OMG-LYO
MTX-000588,2025-01-19,SKU-30022,Jean coupe droite,4,OMG-LYO
MTX-000871,15/12/2025,SKU-30030,Robe ete,9,OMG-LYO
MTX-000081,2026-05-19,SKU-30022,Jean coupe droite,9,OMG-LYO
MTX-000178,14-01-2025,SKU-30022,Jean coupe droite,34,OMG-LIL
MTX-000990,06-06-2025,SKU-30028,Doudoune legere,8,OMG-LYO
MTX-001300,14/06/2026,SKU-30026,Chemise popeline,25,OMG-LIL
MTX-000096,31-07-2025,SKU-30028,Doudoune legere,39,OMG-LYO
MTX-000304,2026-05-07,SKU-30026,Chemise popeline,9,OMG-MAR
MTX-001348,2026-07-19,SKU-30022,Jean coupe droite,10,OMG-LYO
MTX-000496,01/04/2025,SKU-30028,Doudoune legere,23,OMG-MAR
MTX-000688,20/02/2025,SKU-30027,Short de sport,15,OMG-MAR
MTX-001277,2025-06-18,SKU-30030,Robe ete,22,OMG-LYO
MTX-000178,2025-01-14,SKU-30023,Veste softshell,16,OMG-LIL
MTX-000968,10-07-2025,SKU-30024,Chaussettes x3,15,OMG-LYO
MTX-000740,21/07/2026,SKU-30023,Veste softshell,12,OMG-LIL
MTX-001206,03/01/2026,SKU-30030,Robe ete,3,OMG-LYO
MTX-000195,2026-05-18,SKU-30027,Short de sport,7,OMG-MAR
MTX-000252,21/07/2026,SKU-30025,Pull col rond,7,OMG-MAR
MTX-000703,19/04/2025,SKU-30030,Robe ete,35,OMG-LIL
MTX-000496,01-04-2025,SKU-30030,Robe ete,15,OMG-MAR
MTX-000875,2025-02-27,SKU-30025,Pull col rond,31,OMG-LYO
MTX-000096,31/07/2025,SKU-30025,Pull col rond,14,OMG-LYO
MTX-000463,06/10/2025,SKU-30022,Jean coupe droite,24,OMG-MAR
MTX-000934,21-01-2025,SKU-30023,Veste softshell,16,OMG-MAR
MTX-001286,2025-09-04,SKU-30024,Chaussettes x3,29,OMG-MAR
MTX-000815,07-04-2026,SKU-30028,Doudoune legere,16,OMG-LYO
MTX-000106,2026-04-19,SKU-30025,Pull col rond,25,OMG-MAR
MTX-001092,2025-06-27,SKU-30024,Chaussettes x3,16,OMG-MAR
MTX-000106,19-04-2026,SKU-30027,Short de sport,22,OMG-MAR
MTX-001394,2026-07-27,SKU-30028,Doudoune legere,29,OMG-MAR
MTX-000579,03/07/2026,SKU-30029,Casquette coton,3,OMG-LYO
MTX-000184,24/01/2026,SKU-30021,T-shirt coton uni,7,OMG-LYO
MTX-000880,2025-05-12,SKU-30029,Casquette coton,35,OMG-MAR
MTX-001091,2025-08-31,SKU-30026,Chemise popeline,37,OMG-LYO
MTX-001176,14/09/2025,SKU-30030,Robe ete,34,OMG-MAR
MTX-000985,16/03/2026,SKU-30022,Jean coupe droite,35,OMG-LYO
MTX-000354,2025-07-04,SKU-30026,Chemise popeline,26,OMG-LIL
MTX-000040,2025-01-21,SKU-30030,Robe ete,2,OMG-MAR
MTX-000504,17/10/2025,SKU-30026,Chemise popeline,30,OMG-LYO
MTX-000869,28/05/2026,SKU-30026,Chemise popeline,18,OMG-LIL
MTX-001060,26/09/2025,SKU-30028,Doudoune legere,10,OMG-LIL
MTX-000171,2026-06-06,SKU-30022,Jean coupe droite,31,OMG-MAR
MTX-000903,2025-04-05,SKU-30023,Veste softshell,34,OMG-MAR
MTX-000780,30/07/2026,SKU-30025,Pull col rond,20,OMG-MAR
MTX-001236,2025-06-02,SKU-30029,Casquette coton,30,OMG-LYO
MTX-001029,03/05/2026,SKU-30024,Chaussettes x3,21,OMG-LIL
MTX-000258,2025-10-29,SKU-30025,Pull col rond,29,OMG-MAR
MTX-000186,05/03/2025,SKU-30026,Chemise popeline,24,OMG-LYO
MTX-000227,03/05/2026,SKU-30021,T-shirt coton uni,32,OMG-MAR
MTX-000095,17-06-2025,SKU-30030,Robe ete,6,OMG-MAR
MTX-000115,06-05-2026,SKU-30023,Veste softshell,19,OMG-LYO
MTX-000680,19/10/2025,SKU-30026,Chemise popeline,39,OMG-LYO
MTX-000620,11-03-2026,SKU-30030,Robe ete,1,OMG-LYO
MTX-000227,03/05/2026,SKU-30026,Chemise popeline,11,OMG-MAR
MTX-001135,26/07/2025,SKU-30025,Pull col rond,9,OMG-MAR
MTX-000800,2025-10-18,SKU-30021,T-shirt coton uni,15,OMG-LYO
MTX-000884,07-01-2025,SKU-30028,Doudoune legere,12,OMG-MAR
MTX-000877,2025-08-05,SKU-30024,Chaussettes x3,20,OMG-MAR
MTX-000399,03-09-2025,SKU-30021,T-shirt coton uni,16,OMG-LYO
MTX-000955,14/11/2025,SKU-30030,Robe ete,16,OMG-MAR
MTX-000868,16/06/2025,SKU-30021,T-shirt coton uni,10,OMG-LIL
MTX-001057,15/11/2025,SKU-30030,Robe ete,11,OMG-LYO
MTX-000276,2026-05-24,SKU-30024,Chaussettes x3,20,OMG-LIL
MTX-000837,11-04-2025,SKU-30021,T-shirt coton uni,2,OMG-LIL
MTX-000959,04/04/2025,SKU-30029,Casquette coton,2,OMG-MAR
MTX-000533,12-11-2025,SKU-30024,Chaussettes x3,20,OMG-LYO
MTX-000098,06/01/2025,SKU-30023,Veste softshell,17,OMG-LYO
MTX-000735,04-08-2025,SKU-30021,T-shirt coton uni,16,OMG-LYO
MTX-000540,2025-07-16,SKU-30026,Chemise popeline,8,OMG-LYO
MTX-000496,01/04/2025,SKU-30021,T-shirt coton uni,39,OMG-MAR
MTX-000379,15/01/2025,SKU-30026,Chemise popeline,5,OMG-LYO
MTX-000305,01/10/2025,SKU-30029,Casquette coton,7,OMG-LYO
MTX-001128,29/10/2025,SKU-30025,Pull col rond,11,OMG-MAR
MTX-001278,2025-07-06,SKU-30021,T-shirt coton uni,2,OMG-LYO
MTX-001373,08-11-2025,SKU-30023,Veste softshell,24,OMG-LYO
MTX-001357,2025-08-16,SKU-30025,Pull col rond,4,OMG-MAR
MTX-001045,2025-02-06,SKU-30029,Casquette coton,12,OMG-LYO
MTX-001128,29-10-2025,SKU-30021,T-shirt coton uni,17,OMG-MAR
MTX-000352,18-01-2026,SKU-30024,Chaussettes x3,37,OMG-LIL
MTX-001249,23-07-2025,SKU-30028,Doudoune legere,32,OMG-LYO
MTX-001347,31/01/2025,SKU-30027,Short de sport,18,OMG-LYO
MTX-001206,03-01-2026,SKU-30025,Pull col rond,35,OMG-LYO
MTX-000102,25-04-2025,SKU-30025,Pull col rond,13,OMG-MAR
MTX-000639,2025-04-18,SKU-30025,Pull col rond,19,OMG-MAR
MTX-000031,31/03/2025,SKU-30024,Chaussettes x3,17,OMG-MAR
MTX-000970,27-12-2025,SKU-30026,Chemise popeline,5,OMG-LIL
MTX-001115,29/06/2025,SKU-30025,Pull col rond,24,OMG-LIL
MTX-000131,23/04/2026,SKU-30023,Veste softshell,38,OMG-LIL
MTX-000568,08/06/2026,SKU-30021,T-shirt coton uni,1,OMG-LIL
MTX-000915,01-08-2025,SKU-30028,Doudoune legere,35,OMG-LIL
MTX-000178,2025-01-14,SKU-30023,Veste softshell,7,OMG-LIL
MTX-000390,13-04-2026,SKU-30030,Robe ete,10,OMG-MAR
MTX-000008,19-04-2026,SKU-30030,Robe ete,21,OMG-MAR
MTX-000202,20/08/2025,SKU-30026,Chemise popeline,10,OMG-MAR
MTX-000248,01/01/2025,SKU-30026,Chemise popeline,4,OMG-LIL
MTX-000557,07/04/2025,SKU-30023,Veste softshell,33,OMG-LYO
MTX-000130,25/08/2025,SKU-30022,Jean coupe droite,17,OMG-LYO
MTX-000365,12-05-2026,SKU-30028,Doudoune legere,20,OMG-MAR
MTX-000244,2026-05-05,SKU-30026,Chemise popeline,37,OMG-LYO
MTX-001360,27/01/2026,SKU-30028,Doudoune legere,10,OMG-MAR
MTX-000066,2025-04-17,SKU-30027,Short de sport,22,OMG-MAR
MTX-000046,03-06-2026,SKU-30028,Doudoune legere,21,OMG-MAR
MTX-001095,12-07-2025,SKU-30023,Veste softshell,19,OMG-LIL
MTX-000880,2025-05-12,SKU-30029,Casquette coton,35,OMG-MAR
MTX-000743,07/05/2025,SKU-30022,Jean coupe droite,2,OMG-LIL
MTX-000303,2025-08-01,SKU-30027,Short de sport,39,OMG-LYO
MTX-000514,21/05/2025,SKU-30029,Casquette coton,15,OMG-LYO
MTX-001199,12/05/2025,SKU-30023,Veste softshell,24,OMG-LIL
MTX-001239,2026-02-07,SKU-30023,Veste softshell,18,OMG-LYO
MTX-000391,02-11-2025,SKU-30030,Robe ete,33,OMG-MAR
MTX-000504,17-10-2025,SKU-30023,Veste softshell,23,OMG-LYO
MTX-000617,2025-03-17,SKU-30024,Chaussettes x3,7,OMG-MAR
MTX-000385,01/10/2025,SKU-30026,Chemise popeline,24,OMG-LIL
MTX-000466,11/06/2026,SKU-30021,T-shirt coton uni,10,OMG-LIL
MTX-000952,19/05/2025,SKU-30029,Casquette coton,27,OMG-LIL
MTX-000106,19/04/2026,SKU-30030,Robe ete,4,OMG-MAR
MTX-001268,07-04-2025,SKU-30030,Robe ete,4,OMG-MAR
MTX-001160,2026-03-21,SKU-30028,Doudoune legere,28,OMG-LYO
MTX-000299,2026-06-30,SKU-30028,Doudoune legere,9,OMG-LIL
MTX-000150,06/01/2026,SKU-30026,Chemise popeline,19,OMG-LIL
MTX-000520,11/09/2025,SKU-30028,Doudoune legere,30,OMG-MAR
MTX-000077,2026-01-21,SKU-30026,Chemise popeline,15,OMG-MAR
MTX-000419,10-03-2025,SKU-30030,Robe ete,21,OMG-MAR
MTX-000408,2026-06-19,SKU-30026,Chemise popeline,26,OMG-LIL
MTX-000249,2025-11-04,SKU-30023,Veste softshell,11,OMG-MAR
MTX-000149,20/03/2025,SKU-30023,Veste softshell,27,OMG-LIL
MTX-000474,03-08-2025,SKU-30023,Veste softshell,31,OMG-LYO
MTX-000447,2025-11-24,SKU-30021,T-shirt coton uni,39,OMG-LIL
MTX-000040,21-01-2025,SKU-30022,Jean coupe droite,28,OMG-MAR
MTX-000687,2026-06-02,SKU-30023,Veste softshell,35,OMG-LIL
MTX-001214,25-09-2025,SKU-30024,Chaussettes x3,40,OMG-LIL
MTX-000615,2025-09-08,SKU-30028,Doudoune legere,24,OMG-LYO
MTX-001141,12/09/2025,SKU-30029,Casquette coton,39,OMG-MAR
MTX-001160,21/03/2026,SKU-30025,Pull col rond,36,OMG-LYO
MTX-001004,2025-09-20,SKU-30028,Doudoune legere,36,OMG-MAR
MTX-000354,2025-07-04,SKU-30027,Short de sport,14,OMG-LIL
MTX-000260,05/01/2026,SKU-30021,T-shirt coton uni,33,OMG-LYO
MTX-000174,14-07-2026,SKU-30024,Chaussettes x3,22,OMG-MAR
MTX-000584,28-04-2025,SKU-30029,Casquette coton,19,OMG-MAR
MTX-000579,03/07/2026,SKU-30028,Doudoune legere,8,OMG-LYO
MTX-001125,25/11/2025,SKU-30025,Pull col rond,35,OMG-LYO
MTX-001198,18/05/2025,SKU-30021,T-shirt coton uni,28,OMG-LIL
MTX-001192,07-07-2026,SKU-30023,Veste softshell,22,OMG-LIL
MTX-001252,02/05/2025,SKU-30024,Chaussettes x3,24,OMG-LIL
MTX-001059,2025-01-16,SKU-30027,Short de sport,29,OMG-LYO
MTX-000817,07/02/2026,SKU-30021,T-shirt coton uni,10,OMG-LIL
MTX-000019,2026-06-09,SKU-30030,Robe ete,6,OMG-LYO
MTX-000178,14-01-2025,SKU-30024,Chaussettes x3,40,OMG-LIL
MTX-000994,2025-02-05,SKU-30023,Veste softshell,37,OMG-LIL
MTX-001119,04/05/2025,SKU-30029,Casquette coton,35,OMG-MAR
MTX-001114,13/07/2026,SKU-30028,Doudoune legere,1,OMG-LIL
MTX-001050,24/02/2025,SKU-30023,Veste softshell,32,OMG-LYO
MTX-000379,15-01-2025,SKU-30030,Robe ete,16,OMG-LYO
MTX-000158,27-04-2025,SKU-30028,Doudoune legere,6,OMG-MAR
MTX-000079,31/07/2025,SKU-30026,Chemise popeline,8,OMG-MAR
MTX-001096,2026-03-08,SKU-30025,Pull col rond,30,OMG-LIL
MTX-000399,2025-09-03,SKU-30029,Casquette coton,2,OMG-LYO
MTX-000897,19/01/2025,SKU-30028,Doudoune legere,25,OMG-MAR
MTX-000252,21/07/2026,SKU-30021,T-shirt coton uni,17,OMG-MAR
MTX-000566,2025-02-05,SKU-30030,Robe ete,6,OMG-LYO
MTX-000333,18/01/2025,SKU-30023,Veste softshell,9,OMG-LIL
MTX-000250,16-05-2025,SKU-30023,Veste softshell,25,OMG-LIL
MTX-000527,27/07/2025,SKU-30030,Robe ete,2,OMG-LIL
MTX-000440,20/04/2026,SKU-30021,T-shirt coton uni,24,OMG-LYO
MTX-001249,2025-07-23,SKU-30023,Veste softshell,36,OMG-LYO
MTX-000118,14-04-2025,SKU-30021,T-shirt coton uni,19,OMG-LIL
MTX-000444,25-03-2026,SKU-30027,Short de sport,35,OMG-LYO
MTX-001276,27-02-2026,SKU-30026,Chemise popeline,27,OMG-LIL
MTX-000448,25/05/2026,SKU-30023,Veste softshell,33,OMG-LYO
MTX-000044,23/09/2025,SKU-30027,Short de sport,24,OMG-MAR
MTX-000874,29-10-2025,SKU-30029,Casquette coton,16,OMG-MAR
MTX-001098,04/11/2025,SKU-30021,T-shirt coton uni,19,OMG-LIL
MTX-000968,2025-07-10,SKU-30028,Doudoune legere,12,OMG-LYO
MTX-001235,17/06/2025,SKU-30023,Veste softshell,40,OMG-MAR
MTX-000557,2025-04-07,SKU-30025,Pull col rond,12,OMG-LYO
MTX-000465,15-01-2026,SKU-30026,Chemise popeline,3,OMG-LYO
MTX-000626,30-12-2025,SKU-30026,Chemise popeline,40,OMG-MAR
MTX-000576,2026-07-25,SKU-30024,Chaussettes x3,19,OMG-MAR
MTX-000040,21-01-2025,SKU-30023,Veste softshell,4,OMG-MAR
MTX-000859,2026-07-15,SKU-30030,Robe ete,34,OMG-LIL
MTX-000224,13-06-2026,SKU-30027,Short de sport,16,OMG-MAR
MTX-000083,18/06/2025,SKU-30026,Chemise popeline,35,OMG-LIL
MTX-001119,2025-05-04,SKU-30023,Veste softshell,14,OMG-MAR
MTX-000953,26/01/2026,SKU-30023,Veste softshell,12,OMG-LIL
MTX-000258,2025-10-29,SKU-30026,Chemise popeline,12,OMG-MAR
MTX-001150,20/03/2026,SKU-30026,Chemise popeline,15,OMG-MAR
MTX-000260,05/01/2026,SKU-30030,Robe ete,40,OMG-LYO
MTX-001258,06-03-2026,SKU-30021,T-shirt coton uni,2,OMG-LIL
MTX-000963,2025-04-10,SKU-30027,Short de sport,17,OMG-MAR
MTX-000649,19-11-2025,SKU-30024,Chaussettes x3,11,OMG-LYO
MTX-000598,12/03/2026,SKU-30030,Robe ete,4,OMG-LIL
MTX-000981,03/08/2025,SKU-30022,Jean coupe droite,21,OMG-LIL
MTX-001356,2026-05-18,SKU-30029,Casquette coton,32,OMG-LIL
MTX-000943,20/09/2025,SKU-30025,Pull col rond,6,OMG-LYO
MTX-000952,19-05-2025,SKU-30027,Short de sport,39,OMG-LIL
MTX-000604,20-02-2025,SKU-30025,Pull col rond,36,OMG-LIL
MTX-000940,08/04/2026,SKU-30029,Casquette coton,26,OMG-LYO
MTX-000937,25/11/2025,SKU-30027,Short de sport,17,OMG-LIL
MTX-000131,2026-04-23,SKU-30030,Robe ete,22,OMG-LIL
MTX-001277,18-06-2025,SKU-30023,Veste softshell,13,OMG-LYO
MTX-001192,07/07/2026,SKU-30026,Chemise popeline,22,OMG-LIL
MTX-001056,12/08/2025,SKU-30029,Casquette coton,21,OMG-MAR
MTX-001006,2025-08-18,SKU-30025,Pull col rond,29,OMG-MAR
MTX-000305,01/10/2025,SKU-30027,Short de sport,1,OMG-LYO
MTX-000448,25/05/2026,SKU-30022,Jean coupe droite,18,OMG-LYO
MTX-000151,16-07-2026,SKU-30023,Veste softshell,27,OMG-MAR
MTX-000613,2025-06-12,SKU-30029,Casquette coton,13,OMG-MAR
MTX-000565,20/01/2026,SKU-30022,Jean coupe droite,31,OMG-LYO
MTX-000314,07/01/2025,SKU-30030,Robe ete,40,OMG-MAR
MTX-001326,27-07-2026,SKU-30024,Chaussettes x3,11,OMG-LIL
MTX-000653,18-05-2025,SKU-30028,Doudoune legere,23,OMG-LYO
MTX-000504,2025-10-17,SKU-30023,Veste softshell,38,OMG-LYO
MTX-000594,02-04-2025,SKU-30023,Veste softshell,10,OMG-LYO
MTX-001036,21-05-2025,SKU-30027,Short de sport,37,OMG-LYO
MTX-000740,2026-07-21,SKU-30027,Short de sport,39,OMG-LIL
MTX-000259,2025-03-08,SKU-30027,Short de sport,38,OMG-LYO
MTX-000588,2025-01-19,SKU-30026,Chemise popeline,17,OMG-LYO
MTX-000270,03/02/2026,SKU-30028,Doudoune legere,9,OMG-LIL
MTX-000040,21-01-2025,SKU-30023,Veste softshell,30,OMG-MAR
MTX-000332,02-04-2025,SKU-30028,Doudoune legere,31,OMG-MAR
MTX-000342,20/09/2025,SKU-30021,T-shirt coton uni,11,OMG-LIL
MTX-001047,26-02-2025,SKU-30021,T-shirt coton uni,25,OMG-LIL
MTX-000259,08-03-2025,SKU-30029,Casquette coton,27,OMG-LYO
MTX-001119,04/05/2025,SKU-30021,T-shirt coton uni,34,OMG-MAR
MTX-000349,10-06-2026,SKU-30029,Casquette coton,35,OMG-LYO
MTX-000447,2025-11-24,SKU-30025,Pull col rond,11,OMG-LIL
MTX-000695,21-03-2025,SKU-30027,Short de sport,28,OMG-MAR
MTX-000962,21/01/2025,SKU-30023,Veste softshell,37,OMG-LIL
MTX-001216,2025-04-14,SKU-30021,T-shirt coton uni,14,OMG-LIL
MTX-000553,2026-03-27,SKU-30026,Chemise popeline,30,OMG-LYO
MTX-000491,16-11-2025,SKU-30028,Doudoune legere,38,OMG-LIL
MTX-000423,22-02-2026,SKU-30027,Short de sport,4,OMG-LIL
MTX-000569,2026-06-21,SKU-30024,Chaussettes x3,8,OMG-MAR
MTX-000130,25/08/2025,SKU-30024,Chaussettes x3,23,OMG-LYO
MTX-001326,27/07/2026,SKU-30024,Chaussettes x3,2,OMG-LIL
MTX-000650,2025-06-18,SKU-30029,Casquette coton,8,OMG-MAR
MTX-000732,2025-01-17,SKU-30021,T-shirt coton uni,37,OMG-MAR
MTX-000135,31/08/2025,SKU-30028,Doudoune legere,32,OMG-MAR
MTX-000117,07/03/2026,SKU-30026,Chemise popeline,17,OMG-MAR
MTX-000314,07/01/2025,SKU-30028,Doudoune legere,16,OMG-MAR
MTX-000032,2026-07-14,SKU-30023,Veste softshell,13,OMG-LYO
MTX-000117,07-03-2026,SKU-30022,Jean coupe droite,23,OMG-MAR
MTX-000317,2025-01-19,SKU-30021,T-shirt coton uni,6,OMG-LYO
MTX-001377,17/03/2025,SKU-30029,Casquette coton,7,OMG-LYO
MTX-000899,2025-11-05,SKU-30025,Pull col rond,22,OMG-LYO
MTX-000448,2026-05-25,SKU-30025,Pull col rond,9,OMG-LYO
MTX-000095,17/06/2025,SKU-30026,Chemise popeline,20,OMG-MAR
MTX-000385,01/10/2025,SKU-30024,Chaussettes x3,37,OMG-LIL
MTX-000558,2026-02-13,SKU-30027,Short de sport,5,OMG-LYO
MTX-001160,2026-03-21,SKU-30028,Doudoune legere,28,OMG-LYO
MTX-000430,10/06/2025,SKU-30023,Veste softshell,5,OMG-LYO
MTX-001018,02-12-2025,SKU-30024,Chaussettes x3,37,OMG-MAR
MTX-000295,2026-01-28,SKU-30025,Pull col rond,4,OMG-LYO
MTX-000514,21/05/2025,SKU-30027,Short de sport,14,OMG-LYO
MTX-000990,2025-06-06,SKU-30025,Pull col rond,15,OMG-LYO
MTX-000624,24-04-2025,SKU-30021,T-shirt coton uni,34,OMG-MAR
MTX-001025,19/08/2025,SKU-30023,Veste softshell,26,OMG-MAR
MTX-000962,21/01/2025,SKU-30030,Robe ete,24,OMG-LIL
MTX-000915,01/08/2025,SKU-30028,Doudoune legere,12,OMG-LIL
MTX-001268,07-04-2025,SKU-30029,Casquette coton,24,OMG-MAR
MTX-000452,01/04/2025,SKU-30027,Short de sport,25,OMG-LIL
MTX-000640,2025-04-26,SKU-30024,Chaussettes x3,14,OMG-MAR
MTX-000918,2026-04-01,SKU-30021,T-shirt coton uni,5,OMG-LYO
MTX-001129,01/03/2025,SKU-30027,Short de sport,3,OMG-LYO
MTX-000915,01-08-2025,SKU-30022,Jean coupe droite,3,OMG-LIL
MTX-000649,19-11-2025,SKU-30030,Robe ete,7,OMG-LYO
MTX-001399,18-06-2025,SKU-30028,Doudoune legere,33,OMG-MAR
MTX-000332,02-04-2025,SKU-30026,Chemise popeline,8,OMG-MAR
MTX-001114,13-07-2026,SKU-30024,Chaussettes x3,16,OMG-LIL
MTX-000342,20/09/2025,SKU-30027,Short de sport,1,OMG-LIL
MTX-000499,2025-12-10,SKU-30024,Chaussettes x3,20,OMG-LIL
MTX-000030,2025-01-22,SKU-30022,Jean coupe droite,39,OMG-LIL
MTX-001270,2026-05-01,SKU-30030,Robe ete,39,OMG-LIL
MTX-000154,17-05-2025,SKU-30026,Chemise popeline,6,OMG-LYO
MTX-000484,2025-12-20,SKU-30026,Chemise popeline,30,OMG-LYO
MTX-000428,2025-09-16,SKU-30022,Jean coupe droite,34,OMG-LYO
MTX-000250,16/05/2025,SKU-30025,Pull col rond,19,OMG-LIL
MTX-000354,2025-07-04,SKU-30026,Chemise popeline,24,OMG-LIL
MTX-000105,2025-05-27,SKU-30029,Casquette coton,10,OMG-MAR
MTX-000514,21/05/2025,SKU-30027,Short de sport,8,OMG-LYO
MTX-000146,24/06/2025,SKU-30028,Doudoune legere,21,OMG-LIL
MTX-000566,05-02-2025,SKU-30030,Robe ete,17,OMG-LYO
MTX-000967,03-03-2025,SKU-30028,Doudoune legere,37,OMG-MAR
MTX-000694,2025-12-22,SKU-30024,Chaussettes x3,13,OMG-LIL
MTX-000915,01-08-2025,SKU-30021,T-shirt coton uni,31,OMG-LIL
MTX-000095,17-06-2025,SKU-30026,Chemise popeline,11,OMG-MAR
MTX-000258,29/10/2025,SKU-30028,Doudoune legere,17,OMG-MAR
MTX-000536,12-03-2025,SKU-30030,Robe ete,33,OMG-MAR
MTX-000184,24-01-2026,SKU-30022,Jean coupe droite,22,OMG-LYO
MTX-000219,2026-05-03,SKU-30022,Jean coupe droite,9,OMG-LYO
MTX-000822,08-03-2025,SKU-30030,Robe ete,6,OMG-LYO
MTX-001252,2025-05-02,SKU-30025,Pull col rond,3,OMG-LIL
MTX-001045,06/02/2025,SKU-30024,Chaussettes x3,23,OMG-LYO
MTX-000941,2026-05-07,SKU-30029,Casquette coton,37,OMG-LYO
MTX-001016,19/10/2025,SKU-30022,Jean coupe droite,37,OMG-MAR
MTX-000399,2025-09-03,SKU-30029,Casquette coton,30,OMG-LYO
MTX-001331,24/05/2025,SKU-30027,Short de sport,4,OMG-LIL
MTX-000019,2026-06-09,SKU-30022,Jean coupe droite,37,OMG-LYO
MTX-000752,06-01-2026,SKU-30021,T-shirt coton uni,10,OMG-LYO
MTX-001095,12/07/2025,SKU-30025,Pull col rond,14,OMG-LIL
MTX-000332,2025-04-02,SKU-30028,Doudoune legere,14,OMG-MAR
MTX-000408,19-06-2026,SKU-30030,Robe ete,25,OMG-LIL
MTX-000884,07-01-2025,SKU-30028,Doudoune legere,19,OMG-MAR
MTX-000628,05-07-2025,SKU-30021,T-shirt coton uni,24,OMG-LYO
MTX-000798,04/01/2025,SKU-30029,Casquette coton,3,OMG-MAR
MTX-000523,23/02/2026,SKU-30028,Doudoune legere,38,OMG-MAR
MTX-000352,2026-01-18,SKU-30025,Pull col rond,32,OMG-LIL
MTX-000463,06/10/2025,SKU-30027,Short de sport,4,OMG-MAR
MTX-000197,28-09-2025,SKU-30028,Doudoune legere,23,OMG-LYO
MTX-000973,2026-02-04,SKU-30024,Chaussettes x3,22,OMG-LIL
MTX-001096,2026-03-08,SKU-30025,Pull col rond,30,OMG-LIL
MTX-001399,18/06/2025,SKU-30030,Robe ete,8,OMG-MAR
MTX-000286,2026-05-05,SKU-30022,Jean coupe droite,34,OMG-MAR
MTX-000246,2025-06-20,SKU-30023,Veste softshell,16,OMG-LYO
MTX-000643,18/04/2026,SKU-30024,Chaussettes x3,31,OMG-MAR
MTX-000949,13-06-2025,SKU-30027,Short de sport,3,OMG-LIL
MTX-000901,05-01-2025,SKU-30029,Casquette coton,32,OMG-LIL
MTX-001223,2025-05-23,SKU-30021,T-shirt coton uni,21,OMG-MAR
MTX-001316,25/04/2026,SKU-30025,Pull col rond,27,OMG-MAR
MTX-001268,07-04-2025,SKU-30028,Doudoune legere,2,OMG-MAR
MTX-001166,09/04/2025,SKU-30026,Chemise popeline,20,OMG-LIL
MTX-000249,2025-11-04,SKU-30027,Short de sport,32,OMG-MAR
MTX-001348,19-07-2026,SKU-30022,Jean coupe droite,22,OMG-LYO
MTX-000668,2025-07-19,SKU-30028,Doudoune legere,19,OMG-LYO
MTX-000899,05/11/2025,SKU-30026,Chemise popeline,31,OMG-LYO
MTX-001098,04-11-2025,SKU-30023,Veste softshell,32,OMG-LIL
MTX-001263,2025-08-17,SKU-30027,Short de sport,28,OMG-MAR
MTX-000985,2026-03-16,SKU-30022,Jean coupe droite,37,OMG-LYO
MTX-000735,04/08/2025,SKU-30022,Jean coupe droite,1,OMG-LYO
MTX-000869,2026-05-28,SKU-30025,Pull col rond,16,OMG-LIL
MTX-000118,14/04/2025,SKU-30026,Chemise popeline,12,OMG-LIL
MTX-000523,23/02/2026,SKU-30029,Casquette coton,11,OMG-MAR
MTX-001227,09/12/2025,SKU-30026,Chemise popeline,7,OMG-MAR
MTX-001311,09/11/2025,SKU-30027,Short de sport,27,OMG-LIL
MTX-000299,30/06/2026,SKU-30027,Short de sport,7,OMG-LIL
MTX-000171,06-06-2026,SKU-30024,Chaussettes x3,22,OMG-MAR
MTX-000244,2026-05-05,SKU-30029,Casquette coton,21,OMG-LYO
MTX-001141,12/09/2025,SKU-30027,Short de sport,38,OMG-MAR
MTX-000143,2026-07-15,SKU-30021,T-shirt coton uni,29,OMG-MAR
MTX-000324,2025-08-26,SKU-30026,Chemise popeline,21,OMG-MAR
MTX-000118,2025-04-14,SKU-30023,Veste softshell,9,OMG-LIL
MTX-000352,2026-01-18,SKU-30023,Veste softshell,4,OMG-LIL
MTX-001360,27-01-2026,SKU-30029,Casquette coton,33,OMG-MAR
MTX-000779,08/05/2026,SKU-30024,Chaussettes x3,30,OMG-LYO
MTX-001218,09/05/2026,SKU-30026,Chemise popeline,13,OMG-LYO
MTX-000850,30/11/2025,SKU-30023,Veste softshell,8,OMG-LYO
MTX-000606,23/05/2026,SKU-30021,T-shirt coton uni,31,OMG-LIL
MTX-000504,17/10/2025,SKU-30021,T-shirt coton uni,17,OMG-LYO
MTX-001206,2026-01-03,SKU-30027,Short de sport,19,OMG-LYO
MTX-001220,01/04/2026,SKU-30024,Chaussettes x3,18,OMG-LYO
MTX-000937,25-11-2025,SKU-30028,Doudoune legere,33,OMG-LIL
MTX-000219,2026-05-03,SKU-30030,Robe ete,29,OMG-LYO
MTX-001008,18/10/2025,SKU-30030,Robe ete,15,OMG-LYO
MTX-001046,14/06/2026,SKU-30023,Veste softshell,15,OMG-LIL
MTX-001103,18/01/2026,SKU-30030,Robe ete,3,OMG-LIL
MTX-000604,2025-02-20,SKU-30024,Chaussettes x3,2,OMG-LIL
MTX-001192,07/07/2026,SKU-30026,Chemise popeline,22,OMG-LIL
MTX-001096,2026-03-08,SKU-30025,Pull col rond,13,OMG-LIL
MTX-000734,14/07/2026,SKU-30022,Jean coupe droite,11,OMG-MAR
MTX-000347,26-01-2026,SKU-30029,Casquette coton,17,OMG-LYO
MTX-000361,30/05/2026,SKU-30024,Chaussettes x3,11,OMG-LYO
MTX-000030,22/01/2025,SKU-30025,Pull col rond,3,OMG-LIL
MTX-000949,13-06-2025,SKU-30027,Short de sport,17,OMG-LIL
MTX-001137,2025-04-24,SKU-30027,Short de sport,24,OMG-LYO
MTX-000642,2025-09-21,SKU-30025,Pull col rond,21,OMG-LIL
MTX-000523,2026-02-23,SKU-30027,Short de sport,17,OMG-MAR
MTX-000295,28-01-2026,SKU-30024,Chaussettes x3,22,OMG-LYO
MTX-000586,2026-04-26,SKU-30027,Short de sport,13,OMG-MAR
MTX-000385,01/10/2025,SKU-30027,Short de sport,28,OMG-LIL
MTX-000624,24/04/2025,SKU-30030,Robe ete,22,OMG-MAR
MTX-001060,26-09-2025,SKU-30026,Chemise popeline,15,OMG-LIL
MTX-000244,05-05-2026,SKU-30029,Casquette coton,32,OMG-LYO
MTX-000692,2026-01-20,SKU-30024,Chaussettes x3,4,OMG-LYO
MTX-000031,31-03-2025,SKU-30026,Chemise popeline,28,OMG-MAR
MTX-000219,2026-05-03,SKU-30024,Chaussettes x3,6,OMG-LYO
MTX-001061,16/05/2025,SKU-30023,Veste softshell,3,OMG-MAR
MTX-000613,12-06-2025,SKU-30030,Robe ete,33,OMG-MAR
MTX-000731,12/03/2026,SKU-30028,Doudoune legere,27,OMG-LIL
MTX-000767,30/07/2026,SKU-30022,Jean coupe droite,15,OMG-LYO
MTX-000342,20/09/2025,SKU-30028,Doudoune legere,39,OMG-LIL
MTX-001226,29-06-2025,SKU-30024,Chaussettes x3,30,OMG-LYO
MTX-001210,2025-08-19,SKU-30027,Short de sport,6,OMG-MAR
MTX-000491,16/11/2025,SKU-30028,Doudoune legere,30,OMG-LIL
MTX-001273,2025-02-12,SKU-30029,Casquette coton,31,OMG-MAR
MTX-000695,2025-03-21,SKU-30023,Veste softshell,4,OMG-MAR
MTX-000491,16/11/2025,SKU-30029,Casquette coton,36,OMG-LIL
MTX-000138,10-11-2025,SKU-30025,Pull col rond,5,OMG-LIL
MTX-001142,24/04/2026,SKU-30025,Pull col rond,39,OMG-MAR
MTX-000369,25-05-2025,SKU-30025,Pull col rond,9,OMG-LYO
MTX-000737,18-05-2025,SKU-30029,Casquette coton,38,OMG-LIL
MTX-000292,2025-05-21,SKU-30023,Veste softshell,31,OMG-LIL
MTX-000060,2026-04-02,SKU-30029,Casquette coton,29,OMG-MAR
MTX-001030,01-03-2025,SKU-30029,Casquette coton,38,OMG-LIL
MTX-000712,27-06-2025,SKU-30025,Pull col rond,27,OMG-MAR
MTX-000686,07-07-2025,SKU-30022,Jean coupe droite,7,OMG-MAR
MTX-000342,2025-09-20,SKU-30027,Short de sport,6,OMG-LIL
MTX-000596,20/09/2025,SKU-30030,Robe ete,9,OMG-LIL
MTX-000117,2026-03-07,SKU-30021,T-shirt coton uni,23,OMG-MAR
MTX-001391,23-09-2025,SKU-30028,Doudoune legere,36,OMG-LIL
MTX-000243,25/04/2026,SKU-30021,T-shirt coton uni,6,OMG-MAR
MTX-000688,2025-02-20,SKU-30027,Short de sport,36,OMG-MAR
MTX-001348,19-07-2026,SKU-30021,T-shirt coton uni,30,OMG-LYO
MTX-000645,15-01-2026,SKU-30022,Jean coupe droite,25,OMG-MAR
MTX-000367,2025-11-03,SKU-30029,Casquette coton,40,OMG-LIL
MTX-000847,2025-09-26,SKU-30022,Jean coupe droite,36,OMG-LYO
MTX-000692,20/01/2026,SKU-30023,Veste softshell,14,OMG-LYO
MTX-000166,2026-06-07,SKU-30025,Pull col rond,10,OMG-MAR
MTX-000598,12/03/2026,SKU-30030,Robe ete,34,OMG-LIL
MTX-000357,2025-02-16,SKU-30028,Doudoune legere,7,OMG-LYO
MTX-000028,27-07-2025,SKU-30027,Short de sport,3,OMG-LYO
MTX-000024,15-07-2025,SKU-30022,Jean coupe droite,28,OMG-LIL
MTX-000260,05-01-2026,SKU-30030,Robe ete,34,OMG-LYO
MTX-001320,09-03-2025,SKU-30023,Veste softshell,23,OMG-MAR
MTX-001377,17-03-2025,SKU-30024,Chaussettes x3,21,OMG-LYO
MTX-000246,20/06/2025,SKU-30026,Chemise popeline,12,OMG-LYO
MTX-000367,2025-11-03,SKU-30025,Pull col rond,6,OMG-LIL
MTX-001235,17/06/2025,SKU-30026,Chemise popeline,17,OMG-MAR
MTX-000298,03/01/2026,SKU-30022,Jean coupe droite,15,OMG-MAR
MTX-000915,2025-08-01,SKU-30030,Robe ete,30,OMG-LIL
MTX-000613,12/06/2025,SKU-30022,Jean coupe droite,18,OMG-MAR
MTX-000693,20/09/2025,SKU-30027,Short de sport,5,OMG-LIL
MTX-000390,13/04/2026,SKU-30029,Casquette coton,3,OMG-MAR
MTX-000730,28-05-2025,SKU-30026,Chemise popeline,20,OMG-MAR
MTX-001129,01/03/2025,SKU-30025,Pull col rond,12,OMG-LYO
MTX-000995,29-07-2026,SKU-30023,Veste softshell,27,OMG-LYO
MTX-000367,03-11-2025,SKU-30027,Short de sport,15,OMG-LIL
MTX-001254,2026-01-25,SKU-30028,Doudoune legere,40,OMG-MAR
MTX-001300,2026-06-14,SKU-30023,Veste softshell,16,OMG-LIL
MTX-001356,18/05/2026,SKU-30027,Short de sport,39,OMG-LIL
MTX-000417,28-06-2026,SKU-30026,Chemise popeline,25,OMG-MAR
MTX-000615,08/09/2025,SKU-30025,Pull col rond,8,OMG-LYO
MTX-001119,04/05/2025,SKU-30027,Short de sport,8,OMG-MAR
MTX-001399,18-06-2025,SKU-30023,Veste softshell,35,OMG-MAR
MTX-001216,2025-04-14,SKU-30022,Jean coupe droite,1,OMG-LIL
MTX-000346,2026-03-29,SKU-30024,Chaussettes x3,30,OMG-MAR
MTX-000850,2025-11-30,SKU-30026,Chemise popeline,28,OMG-LYO
MTX-001360,27/01/2026,SKU-30022,Jean coupe droite,6,OMG-MAR
MTX-000475,10-08-2025,SKU-30022,Jean coupe droite,4,OMG-LIL
MTX-000292,21/05/2025,SKU-30028,Doudoune legere,8,OMG-LIL
MTX-000298,2026-01-03,SKU-30028,Doudoune legere,8,OMG-MAR
MTX-000197,28/09/2025,SKU-30028,Doudoune legere,29,OMG-LYO
MTX-000605,08-06-2025,SKU-30026,Chemise popeline,35,OMG-MAR
MTX-001025,19-08-2025,SKU-30024,Chaussettes x3,6,OMG-MAR
MTX-000153,15-04-2025,SKU-30022,Jean coupe droite,22,OMG-LIL
MTX-001331,24-05-2025,SKU-30027,Short de sport,6,OMG-LIL
MTX-001103,2026-01-18,SKU-30021,T-shirt coton uni,13,OMG-LIL
MTX-000778,06/12/2025,SKU-30022,Jean coupe droite,6,OMG-MAR
MTX-001025,2025-08-19,SKU-30030,Robe ete,5,OMG-MAR
MTX-001210,19-08-2025,SKU-30022,Jean coupe droite,26,OMG-MAR
MTX-001269,18-07-2025,SKU-30030,Robe ete,40,OMG-LIL
MTX-001141,2025-09-12,SKU-30030,Robe ete,37,OMG-MAR
MTX-001356,18/05/2026,SKU-30024,Chaussettes x3,5,OMG-LIL
MTX-000246,20/06/2025,SKU-30026,Chemise popeline,12,OMG-LYO
MTX-000384,2026-03-10,SKU-30026,Chemise popeline,30,OMG-LYO
MTX-000499,2025-12-10,SKU-30030,Robe ete,39,OMG-LIL
MTX-001275,09/02/2026,SKU-30030,Robe ete,28,OMG-LYO
MTX-001142,24/04/2026,SKU-30025,Pull col rond,18,OMG-MAR
MTX-000309,25-06-2025,SKU-30024,Chaussettes x3,19,OMG-LIL
MTX-000859,2026-07-15,SKU-30027,Short de sport,37,OMG-LIL
MTX-000836,05/08/2025,SKU-30027,Short de sport,5,OMG-LYO
MTX-001275,09-02-2026,SKU-30027,Short de sport,8,OMG-LYO
MTX-000485,2025-08-19,SKU-30030,Robe ete,14,OMG-LYO
MTX-000131,2026-04-23,SKU-30030,Robe ete,3,OMG-LIL
MTX-000442,2026-01-04,SKU-30022,Jean coupe droite,2,OMG-LYO
MTX-000452,01/04/2025,SKU-30025,Pull col rond,31,OMG-LIL
MTX-001331,2025-05-24,SKU-30021,T-shirt coton uni,13,OMG-LIL
MTX-000878,2025-11-28,SKU-30024,Chaussettes x3,28,OMG-MAR
MTX-000811,16/02/2026,SKU-30022,Jean coupe droite,4,OMG-LIL
MTX-001223,23/05/2025,SKU-30021,T-shirt coton uni,31,OMG-MAR
MTX-000238,2025-02-01,SKU-30023,Veste softshell,6,OMG-MAR
MTX-000444,25/03/2026,SKU-30029,Casquette coton,18,OMG-LYO
MTX-000798,2025-01-04,SKU-30023,Veste softshell,26,OMG-MAR
MTX-001242,2025-10-02,SKU-30029,Casquette coton,19,OMG-LYO
MTX-000459,19/05/2025,SKU-30023,Veste softshell,35,OMG-LIL
MTX-000767,2026-07-30,SKU-30021,T-shirt coton uni,10,OMG-LYO
MTX-000527,27-07-2025,SKU-30026,Chemise popeline,37,OMG-LIL
MTX-000013,24/03/2026,SKU-30027,Short de sport,27,OMG-MAR
MTX-000703,19/04/2025,SKU-30029,Casquette coton,14,OMG-LIL
MTX-001327,2025-04-01,SKU-30028,Doudoune legere,1,OMG-MAR
MTX-000540,16-07-2025,SKU-30028,Doudoune legere,25,OMG-LYO
MTX-001377,2025-03-17,SKU-30025,Pull col rond,27,OMG-LYO
MTX-001286,2025-09-04,SKU-30026,Chemise popeline,25,OMG-MAR
MTX-000836,05-08-2025,SKU-30028,Doudoune legere,39,OMG-LYO
MTX-000850,2025-11-30,SKU-30028,Doudoune legere,8,OMG-LYO
MTX-000302,22/07/2026,SKU-30027,Short de sport,39,OMG-LYO
MTX-000588,19/01/2025,SKU-30030,Robe ete,17,OMG-LYO
MTX-000836,2025-08-05,SKU-30028,Doudoune legere,25,OMG-LYO
MTX-000141,12-09-2025,SKU-30030,Robe ete,20,OMG-LYO
MTX-000697,10-07-2025,SKU-30027,Short de sport,32,OMG-LIL
MTX-000167,02-05-2026,SKU-30026,Chemise popeline,25,OMG-LYO
MTX-000716,17/04/2026,SKU-30029,Casquette coton,15,OMG-LYO
MTX-000779,2026-05-08,SKU-30022,Jean coupe droite,13,OMG-LYO
MTX-000087,10-02-2026,SKU-30021,T-shirt coton uni,31,OMG-MAR
MTX-000934,21-01-2025,SKU-30021,T-shirt coton uni,40,OMG-MAR
MTX-001025,19-08-2025,SKU-30027,Short de sport,17,OMG-MAR
MTX-000236,05/09/2025,SKU-30022,Jean coupe droite,13,OMG-LIL
MTX-000565,2026-01-20,SKU-30023,Veste softshell,20,OMG-LYO
MTX-000594,02-04-2025,SKU-30025,Pull col rond,19,OMG-LYO
MTX-000419,2025-03-10,SKU-30025,Pull col rond,34,OMG-MAR
MTX-000372,2026-02-09,SKU-30025,Pull col rond,21,OMG-LYO
MTX-001171,29/07/2025,SKU-30028,Doudoune legere,23,OMG-MAR
MTX-000954,2026-06-15,SKU-30030,Robe ete,27,OMG-LYO
MTX-001045,06-02-2025,SKU-30029,Casquette coton,4,OMG-LYO
MTX-000161,2025-11-23,SKU-30028,Doudoune legere,25,OMG-MAR
MTX-001145,08-10-2025,SKU-30028,Doudoune legere,38,OMG-MAR
MTX-000333,18/01/2025,SKU-30030,Robe ete,38,OMG-LIL
MTX-001103,18/01/2026,SKU-30029,Casquette coton,5,OMG-LIL
MTX-001328,2026-02-14,SKU-30024,Chaussettes x3,32,OMG-LIL
MTX-000903,2025-04-05,SKU-30028,Doudoune legere,9,OMG-MAR
MTX-000211,13/07/2025,SKU-30030,Robe ete,18,OMG-LYO
MTX-000849,2025-01-15,SKU-30027,Short de sport,25,OMG-MAR
MTX-001354,02-06-2026,SKU-30025,Pull col rond,38,OMG-LIL
MTX-000811,2026-02-16,SKU-30027,Short de sport,7,OMG-LIL
MTX-000579,03-07-2026,SKU-30022,Jean coupe droite,40,OMG-LYO
MTX-000548,2025-04-03,SKU-30025,Pull col rond,32,OMG-LIL
MTX-000419,10/03/2025,SKU-30025,Pull col rond,28,OMG-MAR
MTX-001275,09-02-2026,SKU-30021,T-shirt coton uni,19,OMG-LYO
MTX-000834,2026-04-27,SKU-30028,Doudoune legere,18,OMG-MAR
MTX-000634,18-10-2025,SKU-30026,Chemise popeline,34,OMG-MAR
MTX-000704,2026-05-30,SKU-30021,T-shirt coton uni,13,OMG-LYO
MTX-001064,2025-10-10,SKU-30027,Short de sport,10,OMG-MAR
MTX-001128,29/10/2025,SKU-30030,Robe ete,8,OMG-MAR
MTX-001150,20-03-2026,SKU-30029,Casquette coton,38,OMG-MAR
MTX-000796,2026-06-14,SKU-30028,Doudoune legere,32,OMG-LIL
MTX-001214,2025-09-25,SKU-30025,Pull col rond,18,OMG-LIL
MTX-001173,03/08/2025,SKU-30021,T-shirt coton uni,20,OMG-LIL
MTX-000110,04-07-2025,SKU-30026,Chemise popeline,37,OMG-MAR
MTX-000153,2025-04-15,SKU-30023,Veste softshell,30,OMG-LIL
MTX-000897,19-01-2025,SKU-30024,Chaussettes x3,7,OMG-MAR
MTX-000828,08-06-2026,SKU-30024,Chaussettes x3,34,OMG-MAR
MTX-000643,18-04-2026,SKU-30027,Short de sport,5,OMG-MAR
MTX-000276,2026-05-24,SKU-30026,Chemise popeline,17,OMG-LIL
MTX-000167,02-05-2026,SKU-30028,Doudoune legere,4,OMG-LYO
MTX-000710,2026-01-06,SKU-30023,Veste softshell,25,OMG-LIL
MTX-000594,02-04-2025,SKU-30028,Doudoune legere,2,OMG-LYO
MTX-001360,27/01/2026,SKU-30030,Robe ete,19,OMG-MAR
MTX-000250,16-05-2025,SKU-30024,Chaussettes x3,38,OMG-LIL
MTX-000248,01/01/2025,SKU-30026,Chemise popeline,12,OMG-LIL
MTX-000355,2025-03-19,SKU-30029,Casquette coton,28,OMG-LYO
MTX-001077,06/03/2026,SKU-30026,Chemise popeline,33,OMG-LIL
MTX-001212,22/03/2025,SKU-30028,Doudoune legere,14,OMG-MAR
MTX-000546,02/05/2026,SKU-30028,Doudoune legere,13,OMG-MAR
MTX-000156,28/12/2025,SKU-30026,Chemise popeline,40,OMG-LYO
MTX-001303,2025-09-12,SKU-30028,Doudoune legere,12,OMG-MAR
MTX-001016,19-10-2025,SKU-30022,Jean coupe droite,8,OMG-MAR
MTX-001391,2025-09-23,SKU-30030,Robe ete,25,OMG-LIL
MTX-000730,28-05-2025,SKU-30028,Doudoune legere,13,OMG-MAR
MTX-000588,2025-01-19,SKU-30027,Short de sport,33,OMG-LYO
MTX-000847,26/09/2025,SKU-30028,Doudoune legere,9,OMG-LYO
MTX-000534,2025-06-06,SKU-30025,Pull col rond,36,OMG-LYO
MTX-001239,07/02/2026,SKU-30022,Jean coupe droite,28,OMG-LYO
MTX-000352,18/01/2026,SKU-30025,Pull col rond,26,OMG-LIL
MTX-000730,28/05/2025,SKU-30022,Jean coupe droite,5,OMG-MAR
MTX-000196,24-01-2026,SKU-30028,Doudoune legere,7,OMG-MAR
MTX-000827,12/02/2025,SKU-30022,Jean coupe droite,22,OMG-LIL
MTX-000217,12/12/2025,SKU-30023,Veste softshell,31,OMG-MAR
MTX-000533,2025-11-12,SKU-30024,Chaussettes x3,2,OMG-LYO
MTX-000320,28-02-2026,SKU-30021,T-shirt coton uni,36,OMG-LIL
MTX-001368,08/08/2025,SKU-30027,Short de sport,35,OMG-MAR
MTX-000312,06-10-2025,SKU-30023,Veste softshell,34,OMG-MAR
MTX-001357,2025-08-16,SKU-30028,Doudoune legere,31,OMG-MAR
MTX-000465,15-01-2026,SKU-30025,Pull col rond,32,OMG-LYO
MTX-001206,03/01/2026,SKU-30026,Chemise popeline,16,OMG-LYO
MTX-000964,2026-02-06,SKU-30027,Short de sport,32,OMG-MAR
MTX-001270,01-05-2026,SKU-30025,Pull col rond,36,OMG-LIL
MTX-001316,25-04-2026,SKU-30030,Robe ete,32,OMG-MAR
MTX-000211,2025-07-13,SKU-30028,Doudoune legere,10,OMG-LYO
MTX-000520,2025-09-11,SKU-30030,Robe ete,7,OMG-MAR
MTX-001125,25/11/2025,SKU-30021,T-shirt coton uni,25,OMG-LYO
MTX-000352,18-01-2026,SKU-30023,Veste softshell,33,OMG-LIL
MTX-000430,10-06-2025,SKU-30026,Chemise popeline,18,OMG-LYO
MTX-000711,27/07/2025,SKU-30024,Chaussettes x3,39,OMG-MAR
MTX-000452,2025-04-01,SKU-30029,Casquette coton,15,OMG-LIL
MTX-000569,2026-06-21,SKU-30022,Jean coupe droite,9,OMG-MAR
MTX-000930,06/04/2026,SKU-30030,Robe ete,34,OMG-LIL
MTX-000801,25/06/2025,SKU-30026,Chemise popeline,35,OMG-LIL
MTX-000847,2025-09-26,SKU-30025,Pull col rond,3,OMG-LYO
MTX-000416,2026-04-14,SKU-30021,T-shirt coton uni,7,OMG-MAR
MTX-000517,2025-03-08,SKU-30027,Short de sport,38,OMG-MAR
MTX-000417,28-06-2026,SKU-30030,Robe ete,24,OMG-MAR
MTX-001287,18/07/2026,SKU-30027,Short de sport,18,OMG-LYO
MTX-001232,25/06/2025,SKU-30022,Jean coupe droite,14,OMG-LIL
MTX-000996,31/07/2026,SKU-30026,Chemise popeline,8,OMG-LYO
MTX-000127,2025-08-21,SKU-30026,Chemise popeline,33,OMG-LIL
MTX-001020,01-10-2025,SKU-30025,Pull col rond,29,OMG-LIL
MTX-000423,22/02/2026,SKU-30029,Casquette coton,35,OMG-LIL
MTX-000709,2026-04-17,SKU-30023,Veste softshell,21,OMG-LIL
MTX-000466,11/06/2026,SKU-30028,Doudoune legere,2,OMG-LIL
MTX-000822,08-03-2025,SKU-30024,Chaussettes x3,28,OMG-LYO
MTX-000698,02/08/2025,SKU-30028,Doudoune legere,33,OMG-LIL
MTX-000995,29-07-2026,SKU-30023,Veste softshell,12,OMG-LYO
MTX-000523,23-02-2026,SKU-30029,Casquette coton,4,OMG-MAR
MTX-000599,2025-04-04,SKU-30024,Chaussettes x3,38,OMG-LYO
MTX-000391,2025-11-02,SKU-30027,Short de sport,10,OMG-MAR
MTX-001119,04-05-2025,SKU-30027,Short de sport,6,OMG-MAR
MTX-000934,2025-01-21,SKU-30026,Chemise popeline,24,OMG-MAR
MTX-000448,2026-05-25,SKU-30021,T-shirt coton uni,19,OMG-LYO
MTX-000022,2025-04-13,SKU-30024,Chaussettes x3,24,OMG-LIL
MTX-000044,23/09/2025,SKU-30028,Doudoune legere,10,OMG-MAR
MTX-000599,04-04-2025,SKU-30029,Casquette coton,39,OMG-LYO
MTX-000110,04-07-2025,SKU-30024,Chaussettes x3,35,OMG-MAR
MTX-000730,28-05-2025,SKU-30026,Chemise popeline,20,OMG-MAR
MTX-001218,09/05/2026,SKU-30027,Short de sport,4,OMG-LYO
MTX-001023,2025-09-01,SKU-30027,Short de sport,13,OMG-LIL
MTX-000440,20-04-2026,SKU-30021,T-shirt coton uni,36,OMG-LYO
MTX-001047,26-02-2025,SKU-30030,Robe ete,1,OMG-LIL
MTX-000743,07/05/2025,SKU-30023,Veste softshell,16,OMG-LIL
MTX-000955,14/11/2025,SKU-30023,Veste softshell,37,OMG-MAR
MTX-000805,2025-10-02,SKU-30024,Chaussettes x3,5,OMG-LYO
MTX-000798,04/01/2025,SKU-30021,T-shirt coton uni,35,OMG-MAR
MTX-000309,25-06-2025,SKU-30030,Robe ete,13,OMG-LIL
MTX-001033,01-12-2025,SKU-30028,Doudoune legere,20,OMG-LIL
MTX-000391,02/11/2025,SKU-30022,Jean coupe droite,15,OMG-MAR
MTX-000701,20/05/2025,SKU-30030,Robe ete,14,OMG-MAR
MTX-001354,2026-06-02,SKU-30024,Chaussettes x3,35,OMG-LIL
MTX-000731,12/03/2026,SKU-30027,Short de sport,5,OMG-LIL
MTX-000617,17/03/2025,SKU-30021,T-shirt coton uni,38,OMG-MAR
MTX-000060,02/04/2026,SKU-30030,Robe ete,3,OMG-MAR
MTX-001053,2025-12-10,SKU-30029,Casquette coton,13,OMG-LYO
MTX-000988,2026-02-18,SKU-30030,Robe ete,10,OMG-LIL
MTX-000499,2025-12-10,SKU-30022,Jean coupe droite,10,OMG-LIL
MTX-001213,09/04/2025,SKU-30029,Casquette coton,16,OMG-MAR
MTX-001090,15-10-2025,SKU-30027,Short de sport,16,OMG-LYO
MTX-000890,2025-01-23,SKU-30024,Chaussettes x3,27,OMG-LYO
MTX-000305,2025-10-01,SKU-30021,T-shirt coton uni,25,OMG-LYO
MTX-000465,15-01-2026,SKU-30029,Casquette coton,29,OMG-LYO
MTX-000227,03-05-2026,SKU-30029,Casquette coton,24,OMG-MAR
MTX-001277,18-06-2025,SKU-30027,Short de sport,7,OMG-LYO
MTX-000514,2025-05-21,SKU-30026,Chemise popeline,8,OMG-LYO
MTX-000265,08/02/2025,SKU-30025,Pull col rond,18,OMG-LYO
MTX-000118,14-04-2025,SKU-30028,Doudoune legere,31,OMG-LIL
MTX-001263,17-08-2025,SKU-30026,Chemise popeline,2,OMG-MAR
MTX-000624,24-04-2025,SKU-30025,Pull col rond,24,OMG-MAR
MTX-000520,2025-09-11,SKU-30022,Jean coupe droite,34,OMG-MAR
MTX-001191,20-01-2026,SKU-30023,Veste softshell,27,OMG-MAR
MTX-000319,14/08/2025,SKU-30027,Short de sport,26,OMG-LYO
MTX-000223,24/04/2026,SKU-30025,Pull col rond,6,OMG-MAR
MTX-000680,19/10/2025,SKU-30027,Short de sport,22,OMG-LYO
MTX-000096,31-07-2025,SKU-30028,Doudoune legere,27,OMG-LYO
MTX-000332,02-04-2025,SKU-30030,Robe ete,11,OMG-MAR
MTX-000955,2025-11-14,SKU-30028,Doudoune legere,6,OMG-MAR
MTX-001059,16/01/2025,SKU-30025,Pull col rond,40,OMG-LYO
MTX-000807,31-08-2025,SKU-30023,Veste softshell,15,OMG-LIL
MTX-001286,04/09/2025,SKU-30022,Jean coupe droite,13,OMG-MAR
MTX-000868,2025-06-16,SKU-30030,Robe ete,33,OMG-LIL
MTX-000248,01/01/2025,SKU-30021,T-shirt coton uni,10,OMG-LIL
MTX-000264,13-06-2026,SKU-30027,Short de sport,22,OMG-MAR
MTX-000724,07/01/2025,SKU-30025,Pull col rond,32,OMG-MAR
MTX-001275,09/02/2026,SKU-30023,Veste softshell,37,OMG-LYO
MTX-001064,10-10-2025,SKU-30025,Pull col rond,14,OMG-MAR
MTX-000083,2025-06-18,SKU-30026,Chemise popeline,7,OMG-LIL
MTX-001368,08/08/2025,SKU-30021,T-shirt coton uni,18,OMG-MAR
MTX-001033,01-12-2025,SKU-30028,Doudoune legere,20,OMG-LIL
MTX-000789,01-03-2026,SKU-30021,T-shirt coton uni,35,OMG-MAR
MTX-000044,23/09/2025,SKU-30028,Doudoune legere,7,OMG-MAR
MTX-001077,06/03/2026,SKU-30028,Doudoune legere,6,OMG-LIL
MTX-000704,2026-05-30,SKU-30023,Veste softshell,20,OMG-LYO
MTX-000628,05/07/2025,SKU-30027,Short de sport,14,OMG-LYO
MTX-000815,2026-04-07,SKU-30021,T-shirt coton uni,2,OMG-LYO
MTX-001253,04-06-2026,SKU-30029,Casquette coton,37,OMG-LYO
MTX-000711,2025-07-27,SKU-30027,Short de sport,30,OMG-MAR
MTX-000520,2025-09-11,SKU-30024,Chaussettes x3,19,OMG-MAR
MTX-001263,17/08/2025,SKU-30026,Chemise popeline,16,OMG-MAR
MTX-001091,31-08-2025,SKU-30025,Pull col rond,36,OMG-LYO
MTX-000811,2026-02-16,SKU-30021,T-shirt coton uni,16,OMG-LIL
MTX-000077,21-01-2026,SKU-30024,Chaussettes x3,40,OMG-MAR
MTX-001096,08-03-2026,SKU-30030,Robe ete,30,OMG-LIL
MTX-000979,2026-07-15,SKU-30027,Short de sport,32,OMG-LIL
MTX-001213,09-04-2025,SKU-30024,Chaussettes x3,32,OMG-MAR
MTX-000990,06/06/2025,SKU-30024,Chaussettes x3,23,OMG-LYO
MTX-000525,23/10/2025,SKU-30026,Chemise popeline,4,OMG-LIL
MTX-000903,2025-04-05,SKU-30022,Jean coupe droite,3,OMG-MAR
MTX-000463,06/10/2025,SKU-30029,Casquette coton,22,OMG-MAR
MTX-000988,2026-02-18,SKU-30030,Robe ete,23,OMG-LIL
MTX-000384,10/03/2026,SKU-30027,Short de sport,7,OMG-LYO
MTX-000890,23-01-2025,SKU-30027,Short de sport,29,OMG-LYO
MTX-000320,28/02/2026,SKU-30025,Pull col rond,24,OMG-LIL
MTX-000127,2025-08-21,SKU-30024,Chaussettes x3,8,OMG-LIL
MTX-000096,2025-07-31,SKU-30029,Casquette coton,8,OMG-LYO
MTX-001137,24-04-2025,SKU-30028,Doudoune legere,33,OMG-LYO
MTX-000642,21/09/2025,SKU-30027,Short de sport,35,OMG-LIL
MTX-001394,27-07-2026,SKU-30024,Chaussettes x3,19,OMG-MAR
MTX-000365,12-05-2026,SKU-30024,Chaussettes x3,6,OMG-MAR
MTX-000945,05-02-2025,SKU-30021,T-shirt coton uni,27,OMG-MAR
MTX-001395,17-06-2026,SKU-30028,Doudoune legere,23,OMG-LIL
MTX-001121,02-11-2025,SKU-30027,Short de sport,7,OMG-MAR
MTX-000742,2025-01-11,SKU-30022,Jean coupe droite,35,OMG-MAR
MTX-001287,18/07/2026,SKU-30027,Short de sport,18,OMG-LYO
MTX-000615,08-09-2025,SKU-30029,Casquette coton,30,OMG-LYO
MTX-000259,08-03-2025,SKU-30024,Chaussettes x3,36,OMG-LYO
MTX-001047,2025-02-26,SKU-30024,Chaussettes x3,37,OMG-LIL
MTX-000195,2026-05-18,SKU-30021,T-shirt coton uni,7,OMG-MAR
MTX-000131,23-04-2026,SKU-30023,Veste softshell,40,OMG-LIL
MTX-000890,23/01/2025,SKU-30021,T-shirt coton uni,36,OMG-LYO
MTX-001386,2025-05-05,SKU-30023,Veste softshell,10,OMG-LIL
MTX-000869,2026-05-28,SKU-30026,Chemise popeline,16,OMG-LIL
MTX-001235,17-06-2025,SKU-30028,Doudoune legere,18,OMG-MAR
MTX-001213,2025-04-09,SKU-30024,Chaussettes x3,27,OMG-MAR
MTX-000359,11/05/2025,SKU-30030,Robe ete,26,OMG-LYO
MTX-001258,06/03/2026,SKU-30021,T-shirt coton uni,1,OMG-LIL
MTX-000889,27-09-2025,SKU-30030,Robe ete,27,OMG-LYO
MTX-001331,24-05-2025,SKU-30025,Pull col rond,16,OMG-LIL
MTX-000598,2026-03-12,SKU-30022,Jean coupe droite,13,OMG-LIL
MTX-000423,22/02/2026,SKU-30030,Robe ete,21,OMG-LIL
MTX-001137,2025-04-24,SKU-30023,Veste softshell,16,OMG-LYO
MTX-000599,04-04-2025,SKU-30028,Doudoune legere,6,OMG-LYO
MTX-000827,2025-02-12,SKU-30030,Robe ete,7,OMG-LIL
MTX-000667,2026-07-25,SKU-30028,Doudoune legere,2,OMG-MAR
MTX-000628,05/07/2025,SKU-30027,Short de sport,12,OMG-LYO
MTX-000330,26-03-2026,SKU-30027,Short de sport,25,OMG-LIL
MTX-000017,2025-05-01,SKU-30021,T-shirt coton uni,38,OMG-LIL
MTX-001061,2025-05-16,SKU-30026,Chemise popeline,2,OMG-MAR
MTX-001033,2025-12-01,SKU-30027,Short de sport,14,OMG-LIL
MTX-001139,17-05-2026,SKU-30024,Chaussettes x3,39,OMG-LIL
MTX-000105,27/05/2025,SKU-30022,Jean coupe droite,22,OMG-MAR
MTX-001367,05/06/2026,SKU-30030,Robe ete,27,OMG-MAR
MTX-001091,31/08/2025,SKU-30023,Veste softshell,21,OMG-LYO
MTX-000703,2025-04-19,SKU-30029,Casquette coton,23,OMG-LIL
MTX-000493,2026-07-07,SKU-30023,Veste softshell,16,OMG-LYO
MTX-000391,02/11/2025,SKU-30023,Veste softshell,22,OMG-MAR
MTX-000599,04/04/2025,SKU-30025,Pull col rond,14,OMG-LYO
MTX-000536,12-03-2025,SKU-30024,Chaussettes x3,8,OMG-MAR
MTX-000995,29-07-2026,SKU-30030,Robe ete,27,OMG-LYO
MTX-001060,2025-09-26,SKU-30028,Doudoune legere,35,OMG-LIL
MTX-000504,2025-10-17,SKU-30021,T-shirt coton uni,10,OMG-LYO
MTX-000780,30/07/2026,SKU-30024,Chaussettes x3,33,OMG-MAR
MTX-000031,31/03/2025,SKU-30021,T-shirt coton uni,34,OMG-MAR
MTX-000369,25/05/2025,SKU-30028,Doudoune legere,1,OMG-LYO
MTX-000576,25/07/2026,SKU-30023,Veste softshell,12,OMG-MAR
MTX-000653,2025-05-18,SKU-30023,Veste softshell,14,OMG-LYO
MTX-001171,29-07-2025,SKU-30024,Chaussettes x3,34,OMG-MAR
MTX-001171,2025-07-29,SKU-30028,Doudoune legere,26,OMG-MAR
MTX-001368,08-08-2025,SKU-30030,Robe ete,28,OMG-MAR
MTX-000732,17/01/2025,SKU-30021,T-shirt coton uni,13,OMG-MAR
MTX-000698,02/08/2025,SKU-30028,Doudoune legere,33,OMG-LIL
MTX-000889,27-09-2025,SKU-30028,Doudoune legere,32,OMG-LYO
MTX-000540,2025-07-16,SKU-30029,Casquette coton,16,OMG-LYO
MTX-001090,15/10/2025,SKU-30024,Chaussettes x3,21,OMG-LYO
MTX-001236,02/06/2025,SKU-30021,T-shirt coton uni,15,OMG-LYO
MTX-000815,2026-04-07,SKU-30028,Doudoune legere,8,OMG-LYO
MTX-000379,2025-01-15,SKU-30029,Casquette coton,25,OMG-LYO
MTX-000956,30-05-2025,SKU-30028,Doudoune legere,24,OMG-MAR
MTX-000260,05-01-2026,SKU-30023,Veste softshell,8,OMG-LYO
MTX-000499,10-12-2025,SKU-30027,Short de sport,9,OMG-LIL
MTX-000882,01-04-2025,SKU-30024,Chaussettes x3,5,OMG-MAR
MTX-000517,2025-03-08,SKU-30022,Jean coupe droite,11,OMG-MAR
MTX-001243,24-03-2026,SKU-30022,Jean coupe droite,10,OMG-MAR
MTX-000701,2025-05-20,SKU-30026,Chemise popeline,8,OMG-MAR
MTX-000068,29-04-2025,SKU-30023,Veste softshell,33,OMG-MAR
MTX-000985,16-03-2026,SKU-30024,Chaussettes x3,5,OMG-LYO
MTX-000032,14/07/2026,SKU-30026,Chemise popeline,26,OMG-LYO
MTX-000158,2025-04-27,SKU-30028,Doudoune legere,8,OMG-MAR
MTX-001029,03-05-2026,SKU-30026,Chemise popeline,24,OMG-LIL
MTX-000789,01-03-2026,SKU-30024,Chaussettes x3,39,OMG-MAR
MTX-000941,07/05/2026,SKU-30030,Robe ete,16,OMG-LYO
MTX-000081,2026-05-19,SKU-30025,Pull col rond,32,OMG-LYO
MTX-000131,23/04/2026,SKU-30030,Robe ete,10,OMG-LIL
MTX-001128,29-10-2025,SKU-30029,Casquette coton,32,OMG-MAR
MTX-000211,2025-07-13,SKU-30024,Chaussettes x3,26,OMG-LYO
MTX-001247,2026-05-01,SKU-30030,Robe ete,36,OMG-LYO
MTX-000930,2026-04-06,SKU-30026,Chemise popeline,4,OMG-LIL
MTX-000807,2025-08-31,SKU-30029,Casquette coton,7,OMG-LIL
MTX-000778,06-12-2025,SKU-30028,Doudoune legere,40,OMG-MAR
MTX-000850,30-11-2025,SKU-30030,Robe ete,24,OMG-LYO
MTX-000153,15-04-2025,SKU-30025,Pull col rond,13,OMG-LIL
MTX-000653,18-05-2025,SKU-30027,Short de sport,11,OMG-LYO
MTX-000227,2026-05-03,SKU-30030,Robe ete,11,OMG-MAR
MTX-001258,2026-03-06,SKU-30030,Robe ete,7,OMG-LIL
MTX-000972,21-12-2025,SKU-30027,Short de sport,39,OMG-MAR
MTX-001023,01/09/2025,SKU-30025,Pull col rond,32,OMG-LIL
MTX-000868,16-06-2025,SKU-30027,Short de sport,6,OMG-LIL
MTX-000019,2026-06-09,SKU-30024,Chaussettes x3,38,OMG-LYO
MTX-000875,2025-02-27,SKU-30028,Doudoune legere,27,OMG-LYO
MTX-000905,02/01/2026,SKU-30029,Casquette coton,31,OMG-LIL
MTX-000956,30-05-2025,SKU-30024,Chaussettes x3,12,OMG-MAR
MTX-000390,2026-04-13,SKU-30026,Chemise popeline,35,OMG-MAR
MTX-000475,2025-08-10,SKU-30028,Doudoune legere,3,OMG-LIL
MTX-000385,01/10/2025,SKU-30026,Chemise popeline,39,OMG-LIL
MTX-001240,19/01/2025,SKU-30022,Jean coupe droite,21,OMG-MAR
MTX-001270,2026-05-01,SKU-30028,Doudoune legere,6,OMG-LIL
MTX-000309,25-06-2025,SKU-30030,Robe ete,35,OMG-LIL
MTX-000263,2025-08-11,SKU-30027,Short de sport,32,OMG-LYO
MTX-000693,20/09/2025,SKU-30026,Chemise popeline,26,OMG-LIL
MTX-000905,02/01/2026,SKU-30023,Veste softshell,11,OMG-LIL
MTX-000964,06-02-2026,SKU-30023,Veste softshell,23,OMG-MAR
MTX-000072,2025-01-23,SKU-30025,Pull col rond,23,OMG-LIL
MTX-000686,07/07/2025,SKU-30027,Short de sport,2,OMG-MAR
MTX-000158,27/04/2025,SKU-30021,T-shirt coton uni,30,OMG-MAR
MTX-000990,2025-06-06,SKU-30021,T-shirt coton uni,9,OMG-LYO
MTX-000634,18/10/2025,SKU-30028,Doudoune legere,18,OMG-MAR
MTX-001239,07/02/2026,SKU-30026,Chemise popeline,30,OMG-LYO
MTX-000197,28-09-2025,SKU-30028,Doudoune legere,7,OMG-LYO
MTX-001206,03/01/2026,SKU-30026,Chemise popeline,8,OMG-LYO
MTX-001236,02/06/2025,SKU-30022,Jean coupe droite,9,OMG-LYO
MTX-000154,17/05/2025,SKU-30027,Short de sport,33,OMG-LYO
MTX-001113,30-04-2025,SKU-30027,Short de sport,12,OMG-MAR
MTX-001253,04-06-2026,SKU-30029,Casquette coton,37,OMG-LYO
MTX-001354,02/06/2026,SKU-30021,T-shirt coton uni,2,OMG-LIL
MTX-001236,2025-06-02,SKU-30022,Jean coupe droite,38,OMG-LYO
MTX-000918,01/04/2026,SKU-30027,Short de sport,27,OMG-LYO
MTX-000110,2025-07-04,SKU-30028,Doudoune legere,13,OMG-MAR
MTX-001316,2026-04-25,SKU-30028,Doudoune legere,29,OMG-MAR
MTX-000525,2025-10-23,SKU-30026,Chemise popeline,27,OMG-LIL
MTX-000604,20-02-2025,SKU-30030,Robe ete,7,OMG-LIL
MTX-000639,18/04/2025,SKU-30021,T-shirt coton uni,31,OMG-MAR
MTX-000244,05-05-2026,SKU-30021,T-shirt coton uni,25,OMG-LYO
MTX-000213,09-05-2026,SKU-30022,Jean coupe droite,35,OMG-LIL
MTX-000031,2025-03-31,SKU-30029,Casquette coton,13,OMG-MAR
MTX-000445,29-03-2025,SKU-30023,Veste softshell,34,OMG-LIL
MTX-000069,12/01/2025,SKU-30026,Chemise popeline,40,OMG-LIL
MTX-000642,2025-09-21,SKU-30030,Robe ete,3,OMG-LIL
MTX-000688,20-02-2025,SKU-30024,Chaussettes x3,17,OMG-MAR
MTX-001377,2025-03-17,SKU-30030,Robe ete,12,OMG-LYO
MTX-000985,16/03/2026,SKU-30028,Doudoune legere,40,OMG-LYO
MTX-000862,19-06-2025,SKU-30025,Pull col rond,18,OMG-MAR
MTX-001113,30-04-2025,SKU-30027,Short de sport,2,OMG-MAR
MTX-001357,16/08/2025,SKU-30022,Jean coupe droite,10,OMG-MAR
MTX-000150,06-01-2026,SKU-30021,T-shirt coton uni,6,OMG-LIL
MTX-000943,20-09-2025,SKU-30021,T-shirt coton uni,12,OMG-LYO
MTX-001347,31/01/2025,SKU-30029,Casquette coton,15,OMG-LYO
MTX-000448,25/05/2026,SKU-30028,Doudoune legere,6,OMG-LYO
MTX-000568,08-06-2026,SKU-30027,Short de sport,8,OMG-LIL
MTX-000701,20/05/2025,SKU-30023,Veste softshell,6,OMG-MAR
MTX-000954,15/06/2026,SKU-30027,Short de sport,27,OMG-LYO
MTX-000342,2025-09-20,SKU-30022,Jean coupe droite,10,OMG-LIL
MTX-000901,05/01/2025,SKU-30029,Casquette coton,32,OMG-LIL
MTX-001046,14-06-2026,SKU-30022,Jean coupe droite,30,OMG-LIL
MTX-000013,24-03-2026,SKU-30027,Short de sport,23,OMG-MAR
MTX-000688,20-02-2025,SKU-30022,Jean coupe droite,19,OMG-MAR
MTX-000710,06/01/2026,SKU-30021,T-shirt coton uni,33,OMG-LIL
MTX-000650,18/06/2025,SKU-30026,Chemise popeline,5,OMG-MAR
MTX-000692,20/01/2026,SKU-30021,T-shirt coton uni,22,OMG-LYO
MTX-001090,2025-10-15,SKU-30028,Doudoune legere,24,OMG-LYO
MTX-000683,14-10-2025,SKU-30026,Chemise popeline,2,OMG-LYO
MTX-000861,2026-05-23,SKU-30026,Chemise popeline,17,OMG-LIL
MTX-000553,2026-03-27,SKU-30029,Casquette coton,32,OMG-LYO
MTX-001213,09-04-2025,SKU-30021,T-shirt coton uni,34,OMG-MAR
MTX-001267,31-05-2025,SKU-30028,Doudoune legere,36,OMG-LIL
MTX-000885,16-06-2025,SKU-30028,Doudoune legere,36,OMG-MAR
MTX-001145,08-10-2025,SKU-30022,Jean coupe droite,19,OMG-MAR
MTX-000202,2025-08-20,SKU-30022,Jean coupe droite,9,OMG-MAR
MTX-000779,08-05-2026,SKU-30029,Casquette coton,25,OMG-LYO
MTX-000154,17/05/2025,SKU-30023,Veste softshell,9,OMG-LYO
MTX-001317,11/05/2025,SKU-30023,Veste softshell,35,OMG-MAR
MTX-001151,23/04/2026,SKU-30027,Short de sport,15,OMG-MAR
MTX-000894,2025-01-11,SKU-30029,Casquette coton,7,OMG-LYO
MTX-000359,11-05-2025,SKU-30022,Jean coupe droite,6,OMG-LYO
MTX-000643,2026-04-18,SKU-30027,Short de sport,14,OMG-MAR
MTX-000778,06/12/2025,SKU-30027,Short de sport,7,OMG-MAR
MTX-000868,2025-06-16,SKU-30030,Robe ete,36,OMG-LIL
MTX-000426,16/05/2025,SKU-30024,Chaussettes x3,6,OMG-LIL
MTX-000303,01-08-2025,SKU-30025,Pull col rond,29,OMG-LYO
MTX-000961,10/07/2025,SKU-30026,Chemise popeline,29,OMG-LIL
MTX-000981,03-08-2025,SKU-30025,Pull col rond,8,OMG-LIL
MTX-000146,24-06-2025,SKU-30025,Pull col rond,14,OMG-LIL
MTX-000213,09-05-2026,SKU-30022,Jean coupe droite,35,OMG-LIL
MTX-000969,2026-07-24,SKU-30023,Veste softshell,34,OMG-LYO
MTX-000964,06/02/2026,SKU-30023,Veste softshell,38,OMG-MAR
MTX-000263,11-08-2025,SKU-30027,Short de sport,17,OMG-LYO
MTX-000874,29-10-2025,SKU-30025,Pull col rond,8,OMG-MAR
MTX-001029,03/05/2026,SKU-30025,Pull col rond,28,OMG-LIL
MTX-000244,2026-05-05,SKU-30026,Chemise popeline,31,OMG-LYO
MTX-000224,2026-06-13,SKU-30021,T-shirt coton uni,16,OMG-MAR
MTX-000767,30/07/2026,SKU-30030,Robe ete,26,OMG-LYO
MTX-000586,2026-04-26,SKU-30025,Pull col rond,6,OMG-MAR
MTX-000994,05/02/2025,SKU-30021,T-shirt coton uni,9,OMG-LIL
MTX-000605,2025-06-08,SKU-30023,Veste softshell,16,OMG-MAR
MTX-000972,21-12-2025,SKU-30023,Veste softshell,22,OMG-MAR
MTX-000692,20/01/2026,SKU-30023,Veste softshell,32,OMG-LYO
MTX-000981,03/08/2025,SKU-30027,Short de sport,10,OMG-LIL
MTX-000716,17/04/2026,SKU-30023,Veste softshell,5,OMG-LYO
MTX-001391,2025-09-23,SKU-30030,Robe ete,25,OMG-LIL
MTX-000943,20-09-2025,SKU-30027,Short de sport,26,OMG-LYO
MTX-000596,20-09-2025,SKU-30028,Doudoune legere,29,OMG-LIL
MTX-000182,2026-01-05,SKU-30025,Pull col rond,35,OMG-MAR
MTX-000485,2025-08-19,SKU-30030,Robe ete,14,OMG-LYO
MTX-001347,31/01/2025,SKU-30022,Jean coupe droite,29,OMG-LYO
MTX-001036,2025-05-21,SKU-30022,Jean coupe droite,7,OMG-LYO
MTX-000874,2025-10-29,SKU-30023,Veste softshell,26,OMG-MAR
MTX-000440,20-04-2026,SKU-30023,Veste softshell,19,OMG-LYO
MTX-000732,17/01/2025,SKU-30023,Veste softshell,19,OMG-MAR
MTX-000141,12-09-2025,SKU-30030,Robe ete,22,OMG-LYO
MTX-000743,07/05/2025,SKU-30025,Pull col rond,35,OMG-LIL
MTX-000412,2026-05-08,SKU-30023,Veste softshell,22,OMG-LIL
MTX-000868,2025-06-16,SKU-30022,Jean coupe droite,15,OMG-LIL
MTX-000070,15-01-2026,SKU-30030,Robe ete,5,OMG-MAR
MTX-000653,2025-05-18,SKU-30022,Jean coupe droite,1,OMG-LYO
MTX-000817,07/02/2026,SKU-30028,Doudoune legere,8,OMG-LIL
MTX-001029,03-05-2026,SKU-30025,Pull col rond,24,OMG-LIL
MTX-000620,2026-03-11,SKU-30027,Short de sport,7,OMG-LYO
MTX-000861,2026-05-23,SKU-30028,Doudoune legere,2,OMG-LIL
MTX-000324,26/08/2025,SKU-30030,Robe ete,37,OMG-MAR
MTX-001394,27/07/2026,SKU-30030,Robe ete,6,OMG-MAR
MTX-000527,27/07/2025,SKU-30026,Chemise popeline,25,OMG-LIL
MTX-000372,2026-02-09,SKU-30028,Doudoune legere,25,OMG-LYO
MTX-000317,19-01-2025,SKU-30022,Jean coupe droite,4,OMG-LYO
MTX-000412,08/05/2026,SKU-30030,Robe ete,11,OMG-LIL
MTX-000568,08-06-2026,SKU-30021,T-shirt coton uni,11,OMG-LIL
MTX-000959,04-04-2025,SKU-30028,Doudoune legere,31,OMG-MAR
MTX-000143,15-07-2026,SKU-30022,Jean coupe droite,13,OMG-MAR
MTX-000579,03-07-2026,SKU-30022,Jean coupe droite,40,OMG-LYO
MTX-000408,19/06/2026,SKU-30024,Chaussettes x3,28,OMG-LIL
MTX-000953,2026-01-26,SKU-30025,Pull col rond,29,OMG-LIL
MTX-001139,2026-05-17,SKU-30029,Casquette coton,19,OMG-LIL
MTX-000308,23-06-2026,SKU-30021,T-shirt coton uni,1,OMG-LIL
MTX-001364,08-06-2026,SKU-30029,Casquette coton,10,OMG-LIL
MTX-000617,2025-03-17,SKU-30026,Chemise popeline,17,OMG-MAR
MTX-000393,26/07/2026,SKU-30022,Jean coupe droite,18,OMG-MAR
MTX-000305,01-10-2025,SKU-30029,Casquette coton,19,OMG-LYO
MTX-000031,31/03/2025,SKU-30021,T-shirt coton uni,28,OMG-MAR
MTX-000138,2025-11-10,SKU-30026,Chemise popeline,36,OMG-LIL
MTX-000834,27-04-2026,SKU-30023,Veste softshell,30,OMG-MAR
MTX-001008,18-10-2025,SKU-30023,Veste softshell,35,OMG-LYO
MTX-000694,22-12-2025,SKU-30028,Doudoune legere,19,OMG-LIL
MTX-001121,2025-11-02,SKU-30023,Veste softshell,13,OMG-MAR
MTX-000565,20/01/2026,SKU-30028,Doudoune legere,28,OMG-LYO
MTX-000319,14-08-2025,SKU-30025,Pull col rond,29,OMG-LYO
MTX-001098,04/11/2025,SKU-30030,Robe ete,3,OMG-LIL
MTX-000859,2026-07-15,SKU-30029,Casquette coton,30,OMG-LIL
MTX-000588,19/01/2025,SKU-30024,Chaussettes x3,20,OMG-LYO
MTX-001125,2025-11-25,SKU-30026,Chemise popeline,32,OMG-LYO
MTX-000517,2025-03-08,SKU-30024,Chaussettes x3,22,OMG-MAR
MTX-000817,07-02-2026,SKU-30027,Short de sport,15,OMG-LIL
MTX-000379,2025-01-15,SKU-30029,Casquette coton,25,OMG-LYO
MTX-000762,21/05/2026,SKU-30028,Doudoune legere,9,OMG-MAR
MTX-000620,2026-03-11,SKU-30027,Short de sport,7,OMG-LYO
MTX-001229,2026-05-04,SKU-30025,Pull col rond,35,OMG-MAR
MTX-000710,06/01/2026,SKU-30023,Veste softshell,9,OMG-LIL
MTX-000962,2025-01-21,SKU-30025,Pull col rond,20,OMG-LIL
MTX-000493,2026-07-07,SKU-30023,Veste softshell,10,OMG-LYO
MTX-001300,14-06-2026,SKU-30026,Chemise popeline,4,OMG-LIL
MTX-000683,14/10/2025,SKU-30026,Chemise popeline,3,OMG-LYO
MTX-000621,21/09/2025,SKU-30028,Doudoune legere,34,OMG-LYO
MTX-001235,17/06/2025,SKU-30030,Robe ete,14,OMG-MAR
MTX-000355,2025-03-19,SKU-30027,Short de sport,13,OMG-LYO
MTX-000961,2025-07-10,SKU-30025,Pull col rond,37,OMG-LIL
MTX-001247,01-05-2026,SKU-30024,Chaussettes x3,16,OMG-LYO
MTX-000143,15-07-2026,SKU-30023,Veste softshell,16,OMG-MAR
MTX-001249,2025-07-23,SKU-30024,Chaussettes x3,34,OMG-LYO
MTX-001061,16/05/2025,SKU-30025,Pull col rond,11,OMG-MAR
MTX-000884,07/01/2025,SKU-30028,Doudoune legere,10,OMG-MAR
MTX-000862,19/06/2025,SKU-30026,Chemise popeline,5,OMG-MAR
MTX-001150,20/03/2026,SKU-30023,Veste softshell,25,OMG-MAR
MTX-000586,26/04/2026,SKU-30021,T-shirt coton uni,35,OMG-MAR
MTX-000779,2026-05-08,SKU-30027,Short de sport,14,OMG-LYO
MTX-001113,30-04-2025,SKU-30027,Short de sport,30,OMG-MAR
MTX-000317,19-01-2025,SKU-30023,Veste softshell,17,OMG-LYO
MTX-000693,20/09/2025,SKU-30025,Pull col rond,13,OMG-LIL
MTX-000767,30-07-2026,SKU-30022,Jean coupe droite,19,OMG-LYO
MTX-000079,2025-07-31,SKU-30028,Doudoune legere,19,OMG-MAR
MTX-000551,26-07-2026,SKU-30022,Jean coupe droite,36,OMG-LIL
MTX-000202,2025-08-20,SKU-30026,Chemise popeline,8,OMG-MAR
MTX-000195,18-05-2026,SKU-30025,Pull col rond,15,OMG-MAR
MTX-000102,25/04/2025,SKU-30023,Veste softshell,39,OMG-MAR
MTX-001237,16-04-2025,SKU-30029,Casquette coton,15,OMG-MAR
MTX-000412,2026-05-08,SKU-30027,Short de sport,3,OMG-LIL
MTX-000670,2025-05-31,SKU-30026,Chemise popeline,33,OMG-LYO
MTX-001064,10-10-2025,SKU-30029,Casquette coton,29,OMG-MAR
MTX-000680,19-10-2025,SKU-30028,Doudoune legere,31,OMG-LYO
MTX-000823,2025-10-28,SKU-30025,Pull col rond,20,OMG-MAR
MTX-000972,21/12/2025,SKU-30025,Pull col rond,32,OMG-MAR
MTX-000391,02-11-2025,SKU-30027,Short de sport,19,OMG-MAR
MTX-000963,2025-04-10,SKU-30024,Chaussettes x3,38,OMG-MAR
MTX-000217,12-12-2025,SKU-30022,Jean coupe droite,28,OMG-MAR
MTX-000515,09/03/2026,SKU-30026,Chemise popeline,32,OMG-LIL
MTX-001287,18/07/2026,SKU-30021,T-shirt coton uni,7,OMG-LYO
MTX-000252,2026-07-21,SKU-30022,Jean coupe droite,23,OMG-MAR
MTX-000412,08-05-2026,SKU-30027,Short de sport,33,OMG-LIL
MTX-001036,2025-05-21,SKU-30027,Short de sport,27,OMG-LYO
MTX-000740,21/07/2026,SKU-30021,T-shirt coton uni,20,OMG-LIL
MTX-000985,2026-03-16,SKU-30023,Veste softshell,33,OMG-LYO
MTX-001103,2026-01-18,SKU-30024,Chaussettes x3,15,OMG-LIL
MTX-000871,15/12/2025,SKU-30029,Casquette coton,16,OMG-LYO
MTX-000517,2025-03-08,SKU-30022,Jean coupe droite,24,OMG-MAR
MTX-000286,2026-05-05,SKU-30030,Robe ete,9,OMG-MAR
MTX-000408,19-06-2026,SKU-30027,Short de sport,3,OMG-LIL
MTX-000102,25-04-2025,SKU-30025,Pull col rond,13,OMG-MAR
MTX-001171,29/07/2025,SKU-30026,Chemise popeline,40,OMG-MAR
MTX-000298,03/01/2026,SKU-30021,T-shirt coton uni,22,OMG-MAR
MTX-001088,2026-04-18,SKU-30029,Casquette coton,32,OMG-LIL
MTX-000653,18-05-2025,SKU-30025,Pull col rond,10,OMG-LYO
MTX-000899,05-11-2025,SKU-30030,Robe ete,7,OMG-LYO
MTX-001121,02-11-2025,SKU-30024,Chaussettes x3,30,OMG-MAR
MTX-000466,11-06-2026,SKU-30023,Veste softshell,38,OMG-LIL
MTX-000098,2025-01-06,SKU-30025,Pull col rond,21,OMG-LYO
MTX-001151,23-04-2026,SKU-30028,Doudoune legere,8,OMG-MAR
MTX-000376,29-06-2026,SKU-30023,Veste softshell,32,OMG-LYO
MTX-000615,2025-09-08,SKU-30029,Casquette coton,3,OMG-LYO
MTX-000304,07/05/2026,SKU-30030,Robe ete,19,OMG-MAR
MTX-001137,2025-04-24,SKU-30023,Veste softshell,5,OMG-LYO
MTX-000167,2026-05-02,SKU-30027,Short de sport,27,OMG-LYO
MTX-000167,02-05-2026,SKU-30023,Veste softshell,20,OMG-LYO
MTX-001397,15/09/2025,SKU-30022,Jean coupe droite,33,OMG-LYO
MTX-000430,10-06-2025,SKU-30030,Robe ete,16,OMG-LYO
MTX-001394,27-07-2026,SKU-30027,Short de sport,14,OMG-MAR
MTX-000711,2025-07-27,SKU-30023,Veste softshell,29,OMG-MAR
MTX-001272,17-05-2025,SKU-30023,Veste softshell,15,OMG-LYO
MTX-000568,08/06/2026,SKU-30028,Doudoune legere,30,OMG-LIL
MTX-001020,01-10-2025,SKU-30021,T-shirt coton uni,21,OMG-LIL
MTX-001253,04/06/2026,SKU-30025,Pull col rond,19,OMG-LYO
MTX-000269,10/08/2025,SKU-30023,Veste softshell,37,OMG-LYO
MTX-000153,15-04-2025,SKU-30025,Pull col rond,12,OMG-LIL
MTX-000307,29-07-2026,SKU-30029,Casquette coton,25,OMG-MAR
MTX-000694,22-12-2025,SKU-30021,T-shirt coton uni,24,OMG-LIL
MTX-001061,16-05-2025,SKU-30027,Short de sport,20,OMG-MAR
MTX-000250,16/05/2025,SKU-30030,Robe ete,23,OMG-LIL
MTX-000959,04/04/2025,SKU-30027,Short de sport,3,OMG-MAR
MTX-000385,01-10-2025,SKU-30029,Casquette coton,14,OMG-LIL
MTX-001192,07/07/2026,SKU-30021,T-shirt coton uni,7,OMG-LIL
MTX-000263,2025-08-11,SKU-30030,Robe ete,39,OMG-LYO
MTX-001092,27-06-2025,SKU-30026,Chemise popeline,33,OMG-MAR
MTX-000650,18-06-2025,SKU-30026,Chemise popeline,27,OMG-MAR
MTX-000399,2025-09-03,SKU-30029,Casquette coton,6,OMG-LYO
MTX-000861,23-05-2026,SKU-30021,T-shirt coton uni,8,OMG-LIL
MTX-000952,19-05-2025,SKU-30025,Pull col rond,21,OMG-LIL
MTX-000762,21/05/2026,SKU-30026,Chemise popeline,19,OMG-MAR
MTX-000066,17-04-2025,SKU-30021,T-shirt coton uni,19,OMG-MAR
MTX-000878,2025-11-28,SKU-30023,Veste softshell,3,OMG-MAR
MTX-001088,18-04-2026,SKU-30024,Chaussettes x3,27,OMG-LIL
MTX-000953,26-01-2026,SKU-30024,Chaussettes x3,26,OMG-LIL
MTX-000778,06/12/2025,SKU-30021,T-shirt coton uni,40,OMG-MAR
MTX-000243,25-04-2026,SKU-30029,Casquette coton,31,OMG-MAR
MTX-001316,2026-04-25,SKU-30024,Chaussettes x3,28,OMG-MAR
MTX-000485,2025-08-19,SKU-30030,Robe ete,35,OMG-LYO
MTX-000259,08-03-2025,SKU-30029,Casquette coton,31,OMG-LYO
MTX-000307,2026-07-29,SKU-30024,Chaussettes x3,33,OMG-MAR
MTX-000138,10-11-2025,SKU-30029,Casquette coton,13,OMG-LIL
MTX-000156,28-12-2025,SKU-30029,Casquette coton,20,OMG-LYO
MTX-000811,2026-02-16,SKU-30021,T-shirt coton uni,37,OMG-LIL
MTX-000130,25-08-2025,SKU-30029,Casquette coton,19,OMG-LYO
MTX-001090,2025-10-15,SKU-30022,Jean coupe droite,2,OMG-LYO
MTX-000952,19-05-2025,SKU-30026,Chemise popeline,14,OMG-LIL
MTX-000634,18-10-2025,SKU-30023,Veste softshell,21,OMG-MAR
MTX-000174,14-07-2026,SKU-30024,Chaussettes x3,25,OMG-MAR
MTX-001095,2025-07-12,SKU-30021,T-shirt coton uni,20,OMG-LIL
MTX-000312,06/10/2025,SKU-30029,Casquette coton,15,OMG-MAR
MTX-001218,09/05/2026,SKU-30028,Doudoune legere,18,OMG-LYO
MTX-000250,16/05/2025,SKU-30023,Veste softshell,12,OMG-LIL
MTX-000149,20-03-2025,SKU-30021,T-shirt coton uni,36,OMG-LIL
MTX-001191,2026-01-20,SKU-30021,T-shirt coton uni,1,OMG-MAR
MTX-000941,2026-05-07,SKU-30026,Chemise popeline,30,OMG-LYO
MTX-001214,2025-09-25,SKU-30025,Pull col rond,39,OMG-LIL
MTX-001364,08/06/2026,SKU-30023,Veste softshell,39,OMG-LIL
MTX-001214,2025-09-25,SKU-30027,Short de sport,38,OMG-LIL
MTX-000668,2025-07-19,SKU-30027,Short de sport,36,OMG-LYO
MTX-001114,13-07-2026,SKU-30021,T-shirt coton uni,18,OMG-LIL
MTX-000841,04/05/2026,SKU-30024,Chaussettes x3,3,OMG-LYO
MTX-000861,23/05/2026,SKU-30025,Pull col rond,37,OMG-LIL
MTX-001253,2026-06-04,SKU-30029,Casquette coton,33,OMG-LYO
MTX-000897,19/01/2025,SKU-30025,Pull col rond,37,OMG-MAR
MTX-000161,23/11/2025,SKU-30026,Chemise popeline,8,OMG-MAR
MTX-000217,12/12/2025,SKU-30022,Jean coupe droite,15,OMG-MAR
MTX-000384,2026-03-10,SKU-30023,Veste softshell,12,OMG-LYO
MTX-000693,20/09/2025,SKU-30029,Casquette coton,19,OMG-LIL
MTX-001223,23-05-2025,SKU-30021,T-shirt coton uni,10,OMG-MAR
MTX-000246,2025-06-20,SKU-30030,Robe ete,21,OMG-LYO
MTX-000032,14/07/2026,SKU-30025,Pull col rond,27,OMG-LYO
MTX-001400,2026-04-01,SKU-30025,Pull col rond,21,OMG-LIL
MTX-000484,20/12/2025,SKU-30027,Short de sport,12,OMG-LYO
MTX-000686,07/07/2025,SKU-30027,Short de sport,2,OMG-MAR
MTX-000878,2025-11-28,SKU-30026,Chemise popeline,12,OMG-MAR
MTX-000579,03-07-2026,SKU-30030,Robe ete,7,OMG-LYO
MTX-001176,14-09-2025,SKU-30025,Pull col rond,39,OMG-MAR
MTX-000649,19/11/2025,SKU-30027,Short de sport,30,OMG-LYO
MTX-000568,2026-06-08,SKU-30027,Short de sport,39,OMG-LIL
MTX-000156,2025-12-28,SKU-30024,Chaussettes x3,15,OMG-LYO
MTX-001263,2025-08-17,SKU-30027,Short de sport,3,OMG-MAR
MTX-000930,2026-04-06,SKU-30023,Veste softshell,9,OMG-LIL
MTX-000934,2025-01-21,SKU-30030,Robe ete,26,OMG-MAR
MTX-000752,06-01-2026,SKU-30026,Chemise popeline,10,OMG-LYO
MTX-001239,2026-02-07,SKU-30029,Casquette coton,6,OMG-LYO
MTX-000452,2025-04-01,SKU-30027,Short de sport,31,OMG-LIL
MTX-000265,2025-02-08,SKU-30026,Chemise popeline,2,OMG-LYO
MTX-000423,22/02/2026,SKU-30029,Casquette coton,20,OMG-LIL
MTX-000683,2025-10-14,SKU-30029,Casquette coton,27,OMG-LYO
MTX-000569,21-06-2026,SKU-30023,Veste softshell,1,OMG-MAR
MTX-000008,2026-04-19,SKU-30023,Veste softshell,35,OMG-MAR
MTX-000442,2026-01-04,SKU-30025,Pull col rond,9,OMG-LYO
MTX-000286,2026-05-05,SKU-30025,Pull col rond,40,OMG-MAR
MTX-001137,24-04-2025,SKU-30022,Jean coupe droite,37,OMG-LYO
MTX-000890,23-01-2025,SKU-30026,Chemise popeline,27,OMG-LYO
MTX-000013,24-03-2026,SKU-30022,Jean coupe droite,7,OMG-MAR
MTX-000613,12/06/2025,SKU-30028,Doudoune legere,11,OMG-MAR
MTX-000694,22/12/2025,SKU-30023,Veste softshell,29,OMG-LIL
MTX-000715,11-11-2025,SKU-30021,T-shirt coton uni,28,OMG-LYO
MTX-001016,19/10/2025,SKU-30021,T-shirt coton uni,39,OMG-MAR
MTX-000143,15/07/2026,SKU-30021,T-shirt coton uni,37,OMG-MAR
MTX-000964,06/02/2026,SKU-30029,Casquette coton,21,OMG-MAR
MTX-000566,05/02/2025,SKU-30022,Jean coupe droite,30,OMG-LYO
MTX-001145,08-10-2025,SKU-30024,Chaussettes x3,14,OMG-MAR
MTX-000668,19/07/2025,SKU-30030,Robe ete,31,OMG-LYO
MTX-001276,27/02/2026,SKU-30025,Pull col rond,6,OMG-LIL
MTX-000295,2026-01-28,SKU-30028,Doudoune legere,21,OMG-LYO
MTX-000734,14/07/2026,SKU-30024,Chaussettes x3,19,OMG-MAR
MTX-001223,2025-05-23,SKU-30029,Casquette coton,27,OMG-MAR
MTX-000862,2025-06-19,SKU-30030,Robe ete,36,OMG-MAR
MTX-000670,31-05-2025,SKU-30028,Doudoune legere,24,OMG-LYO
MTX-001141,12/09/2025,SKU-30029,Casquette coton,32,OMG-MAR
MTX-001229,04-05-2026,SKU-30021,T-shirt coton uni,31,OMG-MAR
MTX-000060,02-04-2026,SKU-30023,Veste softshell,31,OMG-MAR
MTX-001311,2025-11-09,SKU-30026,Chemise popeline,36,OMG-LIL
MTX-000013,2026-03-24,SKU-30027,Short de sport,13,OMG-MAR
MTX-000140,08/11/2025,SKU-30021,T-shirt coton uni,9,OMG-MAR
MTX-000171,06/06/2026,SKU-30025,Pull col rond,1,OMG-MAR
MTX-000961,10/07/2025,SKU-30025,Pull col rond,29,OMG-LIL
MTX-000962,21/01/2025,SKU-30023,Veste softshell,37,OMG-LIL
MTX-000442,04/01/2026,SKU-30027,Short de sport,24,OMG-LYO
MTX-000731,12/03/2026,SKU-30028,Doudoune legere,8,OMG-LIL
MTX-000417,28/06/2026,SKU-30023,Veste softshell,30,OMG-MAR
MTX-000475,2025-08-10,SKU-30026,Chemise popeline,40,OMG-LIL
MTX-001371,11/03/2025,SKU-30022,Jean coupe droite,38,OMG-LYO
MTX-001129,2025-03-01,SKU-30027,Short de sport,12,OMG-LYO
MTX-000219,03-05-2026,SKU-30022,Jean coupe droite,38,OMG-LYO
MTX-001331,24/05/2025,SKU-30021,T-shirt coton uni,18,OMG-LIL
MTX-001391,23/09/2025,SKU-30029,Casquette coton,4,OMG-LIL
MTX-000319,14-08-2025,SKU-30025,Pull col rond,29,OMG-LYO
MTX-001317,2025-05-11,SKU-30024,Chaussettes x3,5,OMG-MAR
MTX-001198,18-05-2025,SKU-30022,Jean coupe droite,22,OMG-LIL
MTX-000303,2025-08-01,SKU-30023,Veste softshell,9,OMG-LYO
MTX-000359,2025-05-11,SKU-30027,Short de sport,40,OMG-LYO
MTX-000022,2025-04-13,SKU-30024,Chaussettes x3,24,OMG-LIL
MTX-000698,02-08-2025,SKU-30026,Chemise popeline,1,OMG-LIL
MTX-001276,27/02/2026,SKU-30030,Robe ete,25,OMG-LIL
MTX-001287,18-07-2026,SKU-30023,Veste softshell,26,OMG-LYO
MTX-000110,04-07-2025,SKU-30025,Pull col rond,29,OMG-MAR
MTX-000981,03/08/2025,SKU-30028,Doudoune legere,9,OMG-LIL
MTX-001220,01/04/2026,SKU-30028,Doudoune legere,25,OMG-LYO
MTX-001145,2025-10-08,SKU-30029,Casquette coton,12,OMG-MAR
MTX-000447,2025-11-24,SKU-30025,Pull col rond,37,OMG-LIL
MTX-000248,2025-01-01,SKU-30030,Robe ete,10,OMG-LIL
MTX-000419,2025-03-10,SKU-30030,Robe ete,40,OMG-MAR
MTX-000081,2026-05-19,SKU-30021,T-shirt coton uni,3,OMG-LYO
MTX-000694,2025-12-22,SKU-30023,Veste softshell,14,OMG-LIL
MTX-001269,2025-07-18,SKU-30027,Short de sport,39,OMG-LIL
MTX-001247,01/05/2026,SKU-30027,Short de sport,39,OMG-LYO
MTX-000789,01/03/2026,SKU-30025,Pull col rond,8,OMG-MAR
MTX-000018,2025-02-14,SKU-30023,Veste softshell,5,OMG-LYO
MTX-000948,2026-01-05,SKU-30026,Chemise popeline,22,OMG-LIL
MTX-000412,08-05-2026,SKU-30027,Short de sport,36,OMG-LIL
MTX-001202,2026-04-27,SKU-30022,Jean coupe droite,11,OMG-LYO
MTX-000743,07-05-2025,SKU-30021,T-shirt coton uni,35,OMG-LIL
MTX-000811,16/02/2026,SKU-30022,Jean coupe droite,15,OMG-LIL
MTX-000349,2026-06-10,SKU-30027,Short de sport,23,OMG-LYO
MTX-001151,2026-04-23,SKU-30022,Jean coupe droite,16,OMG-MAR
MTX-000466,11-06-2026,SKU-30024,Chaussettes x3,5,OMG-LIL
MTX-001348,2026-07-19,SKU-30030,Robe ete,2,OMG-LYO
MTX-000248,01-01-2025,SKU-30024,Chaussettes x3,9,OMG-LIL
MTX-000349,10-06-2026,SKU-30021,T-shirt coton uni,17,OMG-LYO
MTX-001064,10-10-2025,SKU-30028,Doudoune legere,7,OMG-MAR
MTX-000930,2026-04-06,SKU-30023,Veste softshell,20,OMG-LIL
MTX-000815,07-04-2026,SKU-30030,Robe ete,1,OMG-LYO
MTX-000177,28-05-2026,SKU-30029,Casquette coton,36,OMG-LIL
MTX-000599,04/04/2025,SKU-30023,Veste softshell,2,OMG-LYO
MTX-000069,12-01-2025,SKU-30027,Short de sport,6,OMG-LIL
MTX-000259,2025-03-08,SKU-30021,T-shirt coton uni,25,OMG-LYO
MTX-000271,08-07-2026,SKU-30027,Short de sport,25,OMG-LIL
MTX-001263,17-08-2025,SKU-30028,Doudoune legere,26,OMG-MAR
MTX-000308,2026-06-23,SKU-30026,Chemise popeline,36,OMG-LIL
MTX-001278,2025-07-06,SKU-30023,Veste softshell,31,OMG-LYO
MTX-000959,2025-04-04,SKU-30021,T-shirt coton uni,19,OMG-MAR
MTX-000202,2025-08-20,SKU-30022,Jean coupe droite,12,OMG-MAR
MTX-000308,23/06/2026,SKU-30025,Pull col rond,13,OMG-LIL
MTX-000878,28-11-2025,SKU-30029,Casquette coton,18,OMG-MAR
MTX-000184,24/01/2026,SKU-30027,Short de sport,15,OMG-LYO
MTX-001243,24-03-2026,SKU-30028,Doudoune legere,34,OMG-MAR
MTX-001220,01-04-2026,SKU-30024,Chaussettes x3,29,OMG-LYO
MTX-000357,16-02-2025,SKU-30028,Doudoune legere,22,OMG-LYO
MTX-000779,08/05/2026,SKU-30021,T-shirt coton uni,19,OMG-LYO
MTX-000869,2026-05-28,SKU-30024,Chaussettes x3,37,OMG-LIL
MTX-001206,03/01/2026,SKU-30030,Robe ete,3,OMG-LYO
MTX-001303,2025-09-12,SKU-30023,Veste softshell,37,OMG-MAR
MTX-001300,14-06-2026,SKU-30025,Pull col rond,2,OMG-LIL
MTX-000565,20-01-2026,SKU-30025,Pull col rond,10,OMG-LYO
MTX-000110,2025-07-04,SKU-30024,Chaussettes x3,20,OMG-MAR
MTX-000442,2026-01-04,SKU-30027,Short de sport,10,OMG-LYO
MTX-000762,21/05/2026,SKU-30026,Chemise popeline,40,OMG-MAR
MTX-001036,21-05-2025,SKU-30022,Jean coupe droite,22,OMG-LYO
MTX-000271,2026-07-08,SKU-30026,Chemise popeline,30,OMG-LIL
MTX-001060,26/09/2025,SKU-30023,Veste softshell,19,OMG-LIL
MTX-000634,2025-10-18,SKU-30028,Doudoune legere,32,OMG-MAR
MTX-001324,2026-07-30,SKU-30026,Chemise popeline,38,OMG-LYO
MTX-000432,13-12-2025,SKU-30029,Casquette coton,6,OMG-MAR
MTX-000354,04/07/2025,SKU-30027,Short de sport,24,OMG-LIL
MTX-000698,2025-08-02,SKU-30022,Jean coupe droite,8,OMG-LIL
MTX-000585,01/09/2025,SKU-30025,Pull col rond,34,OMG-MAR
MTX-001192,2026-07-07,SKU-30028,Doudoune legere,33,OMG-LIL
MTX-001258,2026-03-06,SKU-30026,Chemise popeline,27,OMG-LIL
MTX-001374,30/11/2025,SKU-30024,Chaussettes x3,19,OMG-LYO
MTX-000292,21-05-2025,SKU-30030,Robe ete,2,OMG-LIL
MTX-000430,10-06-2025,SKU-30025,Pull col rond,40,OMG-LYO
MTX-000417,28-06-2026,SKU-30025,Pull col rond,21,OMG-MAR
MTX-000465,15/01/2026,SKU-30021,T-shirt coton uni,3,OMG-LYO
MTX-000139,20/04/2026,SKU-30027,Short de sport,24,OMG-MAR
MTX-001327,01/04/2025,SKU-30030,Robe ete,38,OMG-MAR
MTX-000715,11-11-2025,SKU-30029,Casquette coton,23,OMG-LYO
MTX-000319,14/08/2025,SKU-30030,Robe ete,6,OMG-LYO
MTX-000558,13-02-2026,SKU-30024,Chaussettes x3,32,OMG-LYO
MTX-000314,07-01-2025,SKU-30024,Chaussettes x3,3,OMG-MAR
MTX-001339,2025-09-29,SKU-30021,T-shirt coton uni,14,OMG-LIL
MTX-000735,04/08/2025,SKU-30024,Chaussettes x3,35,OMG-LYO
MTX-001113,30-04-2025,SKU-30021,T-shirt coton uni,32,OMG-MAR
MTX-001277,18-06-2025,SKU-30029,Casquette coton,21,OMG-LYO
MTX-001275,09-02-2026,SKU-30021,T-shirt coton uni,23,OMG-LYO
MTX-000745,18-06-2026,SKU-30028,Doudoune legere,11,OMG-LIL
MTX-000073,2025-05-20,SKU-30030,Robe ete,25,OMG-MAR
MTX-001142,2026-04-24,SKU-30029,Casquette coton,15,OMG-MAR
MTX-000295,28/01/2026,SKU-30023,Veste softshell,5,OMG-LYO
MTX-000905,02-01-2026,SKU-30021,T-shirt coton uni,21,OMG-LIL
MTX-000620,11/03/2026,SKU-30024,Chaussettes x3,39,OMG-LYO
MTX-000656,2025-06-21,SKU-30023,Veste softshell,11,OMG-LYO
MTX-001059,16/01/2025,SKU-30030,Robe ete,25,OMG-LYO
MTX-000642,21/09/2025,SKU-30030,Robe ete,2,OMG-LIL
MTX-000224,2026-06-13,SKU-30022,Jean coupe droite,28,OMG-MAR
MTX-001192,2026-07-07,SKU-30024,Chaussettes x3,14,OMG-LIL
MTX-000789,2026-03-01,SKU-30029,Casquette coton,10,OMG-MAR
MTX-000485,19-08-2025,SKU-30022,Jean coupe droite,40,OMG-LYO
MTX-000670,31-05-2025,SKU-30021,T-shirt coton uni,25,OMG-LYO
MTX-000645,15/01/2026,SKU-30025,Pull col rond,14,OMG-MAR
MTX-000228,02-01-2025,SKU-30024,Chaussettes x3,3,OMG-MAR
MTX-000610,02/11/2025,SKU-30029,Casquette coton,2,OMG-LIL
MTX-001047,26-02-2025,SKU-30030,Robe ete,1,OMG-LIL
MTX-001303,2025-09-12,SKU-30028,Doudoune legere,12,OMG-MAR
MTX-000161,23/11/2025,SKU-30029,Casquette coton,9,OMG-MAR
MTX-000548,03/04/2025,SKU-30024,Chaussettes x3,18,OMG-LIL
MTX-000081,2026-05-19,SKU-30025,Pull col rond,27,OMG-LYO
MTX-000017,01/05/2025,SKU-30029,Casquette coton,4,OMG-LIL
MTX-001006,18/08/2025,SKU-30022,Jean coupe droite,33,OMG-MAR
MTX-001278,2025-07-06,SKU-30029,Casquette coton,18,OMG-LYO
MTX-000417,28/06/2026,SKU-30021,T-shirt coton uni,6,OMG-MAR
MTX-000346,29-03-2026,SKU-30024,Chaussettes x3,39,OMG-MAR
MTX-001371,11/03/2025,SKU-30024,Chaussettes x3,23,OMG-LYO
MTX-000276,2026-05-24,SKU-30027,Short de sport,22,OMG-LIL
MTX-001327,01-04-2025,SKU-30023,Veste softshell,37,OMG-MAR
MTX-000357,2025-02-16,SKU-30025,Pull col rond,24,OMG-LYO
MTX-000566,2025-02-05,SKU-30026,Chemise popeline,17,OMG-LYO
MTX-001047,26/02/2025,SKU-30024,Chaussettes x3,8,OMG-LIL
MTX-000030,22-01-2025,SKU-30023,Veste softshell,38,OMG-LIL
MTX-001364,2026-06-08,SKU-30027,Short de sport,36,OMG-LIL
MTX-000354,04/07/2025,SKU-30023,Veste softshell,32,OMG-LIL
MTX-000973,04-02-2026,SKU-30025,Pull col rond,36,OMG-LIL
MTX-001327,01-04-2025,SKU-30023,Veste softshell,29,OMG-MAR
MTX-000871,15/12/2025,SKU-30030,Robe ete,9,OMG-LYO
MTX-000534,06-06-2025,SKU-30021,T-shirt coton uni,17,OMG-LYO
MTX-000593,2026-03-11,SKU-30030,Robe ete,27,OMG-LYO
MTX-000789,2026-03-01,SKU-30021,T-shirt coton uni,34,OMG-MAR
MTX-000259,2025-03-08,SKU-30021,T-shirt coton uni,25,OMG-LYO
MTX-001254,25-01-2026,SKU-30026,Chemise popeline,9,OMG-MAR
MTX-000312,2025-10-06,SKU-30022,Jean coupe droite,33,OMG-MAR
MTX-001216,2025-04-14,SKU-30022,Jean coupe droite,37,OMG-LIL
MTX-001218,09-05-2026,SKU-30024,Chaussettes x3,32,OMG-LYO
MTX-000796,2026-06-14,SKU-30026,Chemise popeline,13,OMG-LIL
MTX-000953,26/01/2026,SKU-30028,Doudoune legere,30,OMG-LIL
MTX-000384,10/03/2026,SKU-30022,Jean coupe droite,37,OMG-LYO
MTX-000566,05/02/2025,SKU-30027,Short de sport,27,OMG-LYO
MTX-001006,2025-08-18,SKU-30027,Short de sport,36,OMG-MAR
MTX-000053,26-08-2025,SKU-30030,Robe ete,7,OMG-LIL
MTX-001247,01/05/2026,SKU-30028,Doudoune legere,40,OMG-LYO
MTX-000430,2025-06-10,SKU-30023,Veste softshell,19,OMG-LYO
MTX-000697,10/07/2025,SKU-30025,Pull col rond,39,OMG-LIL
MTX-000271,08-07-2026,SKU-30025,Pull col rond,14,OMG-LIL
MTX-000135,31/08/2025,SKU-30028,Doudoune legere,33,OMG-MAR
MTX-001092,27/06/2025,SKU-30028,Doudoune legere,37,OMG-MAR
MTX-001150,20/03/2026,SKU-30026,Chemise popeline,16,OMG-MAR
MTX-000596,2025-09-20,SKU-30028,Doudoune legere,10,OMG-LIL
MTX-000150,06-01-2026,SKU-30030,Robe ete,15,OMG-LIL
MTX-001100,24/06/2026,SKU-30024,Chaussettes x3,29,OMG-LIL
MTX-001287,2026-07-18,SKU-30025,Pull col rond,33,OMG-LYO
MTX-000837,11-04-2025,SKU-30030,Robe ete,23,OMG-LIL
MTX-000432,13-12-2025,SKU-30028,Doudoune legere,37,OMG-MAR
MTX-000186,2025-03-05,SKU-30021,T-shirt coton uni,20,OMG-LYO
MTX-000827,2025-02-12,SKU-30025,Pull col rond,37,OMG-LIL
MTX-001326,2026-07-27,SKU-30027,Short de sport,19,OMG-LIL
MTX-000286,2026-05-05,SKU-30027,Short de sport,7,OMG-MAR
MTX-000626,2025-12-30,SKU-30030,Robe ete,37,OMG-MAR
MTX-000796,14-06-2026,SKU-30024,Chaussettes x3,4,OMG-LIL
MTX-000167,02/05/2026,SKU-30029,Casquette coton,21,OMG-LYO
MTX-000105,2025-05-27,SKU-30022,Jean coupe droite,33,OMG-MAR
MTX-000884,07/01/2025,SKU-30027,Short de sport,15,OMG-MAR
MTX-000724,2025-01-07,SKU-30024,Chaussettes x3,40,OMG-MAR
MTX-000547,12-04-2026,SKU-30026,Chemise popeline,11,OMG-LIL
MTX-000897,2025-01-19,SKU-30025,Pull col rond,28,OMG-MAR
MTX-000449,02-08-2025,SKU-30022,Jean coupe droite,39,OMG-LIL
MTX-000466,11-06-2026,SKU-30023,Veste softshell,38,OMG-LIL
MTX-000911,12-09-2025,SKU-30024,Chaussettes x3,36,OMG-LIL
MTX-000837,2025-04-11,SKU-30023,Veste softshell,15,OMG-LIL
MTX-001367,05/06/2026,SKU-30025,Pull col rond,3,OMG-MAR
MTX-000767,2026-07-30,SKU-30027,Short de sport,11,OMG-LYO
MTX-000116,11-02-2026,SKU-30029,Casquette coton,35,OMG-LYO
MTX-000146,24-06-2025,SKU-30028,Doudoune legere,23,OMG-LIL
MTX-000734,2026-07-14,SKU-30025,Pull col rond,36,OMG-MAR
MTX-000032,14/07/2026,SKU-30027,Short de sport,25,OMG-LYO
MTX-000861,2026-05-23,SKU-30023,Veste softshell,29,OMG-LIL
MTX-001077,06/03/2026,SKU-30025,Pull col rond,6,OMG-LIL
MTX-001210,2025-08-19,SKU-30021,T-shirt coton uni,20,OMG-MAR
MTX-001025,2025-08-19,SKU-30022,Jean coupe droite,39,OMG-MAR
MTX-000305,01-10-2025,SKU-30030,Robe ete,27,OMG-LYO
MTX-000698,02/08/2025,SKU-30022,Jean coupe droite,8,OMG-LIL
MTX-000596,2025-09-20,SKU-30023,Veste softshell,33,OMG-LIL
MTX-000117,2026-03-07,SKU-30021,T-shirt coton uni,25,OMG-MAR
MTX-001252,2025-05-02,SKU-30023,Veste softshell,26,OMG-LIL
MTX-001117,07/10/2025,SKU-30030,Robe ete,17,OMG-LIL
MTX-000862,19/06/2025,SKU-30022,Jean coupe droite,18,OMG-MAR
MTX-001199,12-05-2025,SKU-30027,Short de sport,11,OMG-LIL
MTX-000837,11-04-2025,SKU-30027,Short de sport,5,OMG-LIL
MTX-000008,19/04/2026,SKU-30029,Casquette coton,1,OMG-MAR
MTX-001368,08/08/2025,SKU-30024,Chaussettes x3,17,OMG-MAR
MTX-000365,2026-05-12,SKU-30028,Doudoune legere,35,OMG-MAR
MTX-000565,20/01/2026,SKU-30022,Jean coupe droite,19,OMG-LYO
MTX-001083,27/04/2026,SKU-30022,Jean coupe droite,29,OMG-LYO
MTX-000057,26/07/2025,SKU-30021,T-shirt coton uni,11,OMG-LYO
MTX-000604,2025-02-20,SKU-30024,Chaussettes x3,36,OMG-LIL
MTX-001125,2025-11-25,SKU-30021,T-shirt coton uni,32,OMG-LYO
MTX-001166,2025-04-09,SKU-30022,Jean coupe droite,39,OMG-LIL
MTX-000730,28/05/2025,SKU-30029,Casquette coton,40,OMG-MAR
MTX-000964,06/02/2026,SKU-30029,Casquette coton,24,OMG-MAR
MTX-001397,15/09/2025,SKU-30022,Jean coupe droite,26,OMG-LYO
MTX-000639,18/04/2025,SKU-30025,Pull col rond,1,OMG-MAR
MTX-001092,27-06-2025,SKU-30028,Doudoune legere,2,OMG-MAR
MTX-000649,2025-11-19,SKU-30027,Short de sport,12,OMG-LYO
MTX-000626,30/12/2025,SKU-30025,Pull col rond,27,OMG-MAR
MTX-000032,14-07-2026,SKU-30025,Pull col rond,36,OMG-LYO
MTX-001129,01/03/2025,SKU-30024,Chaussettes x3,1,OMG-LYO
MTX-001176,14-09-2025,SKU-30029,Casquette coton,10,OMG-MAR
MTX-000801,25-06-2025,SKU-30021,T-shirt coton uni,4,OMG-LIL
MTX-000465,2026-01-15,SKU-30026,Chemise popeline,4,OMG-LYO
MTX-000496,2025-04-01,SKU-30022,Jean coupe droite,21,OMG-MAR
MTX-000884,2025-01-07,SKU-30024,Chaussettes x3,17,OMG-MAR
MTX-001223,23-05-2025,SKU-30030,Robe ete,22,OMG-MAR
MTX-001286,04-09-2025,SKU-30029,Casquette coton,37,OMG-MAR
MTX-001399,2025-06-18,SKU-30022,Jean coupe droite,1,OMG-MAR
MTX-000200,09/06/2025,SKU-30030,Robe ete,7,OMG-LYO
MTX-000295,28/01/2026,SKU-30023,Veste softshell,5,OMG-LYO
MTX-001303,12/09/2025,SKU-30026,Chemise popeline,25,OMG-MAR
MTX-000244,2026-05-05,SKU-30026,Chemise popeline,31,OMG-LYO
MTX-001145,08/10/2025,SKU-30026,Chemise popeline,14,OMG-MAR
MTX-001098,04/11/2025,SKU-30026,Chemise popeline,37,OMG-LIL
MTX-000930,06/04/2026,SKU-30030,Robe ete,34,OMG-LIL
MTX-000442,2026-01-04,SKU-30023,Veste softshell,1,OMG-LYO
MTX-001319,2025-11-19,SKU-30024,Chaussettes x3,36,OMG-LYO
MTX-000069,12-01-2025,SKU-30023,Veste softshell,5,OMG-LIL
MTX-001258,06/03/2026,SKU-30023,Veste softshell,14,OMG-LIL
MTX-001098,2025-11-04,SKU-30029,Casquette coton,4,OMG-LIL
MTX-000973,04/02/2026,SKU-30025,Pull col rond,35,OMG-LIL
MTX-000683,14-10-2025,SKU-30024,Chaussettes x3,1,OMG-LYO
MTX-000432,13-12-2025,SKU-30026,Chemise popeline,13,OMG-MAR
MTX-000760,06/01/2026,SKU-30025,Pull col rond,11,OMG-LIL
MTX-000063,2026-05-01,SKU-30024,Chaussettes x3,18,OMG-LIL
MTX-000435,2026-01-30,SKU-30026,Chemise popeline,36,OMG-LYO
MTX-001213,09/04/2025,SKU-30025,Pull col rond,37,OMG-MAR
MTX-001095,12/07/2025,SKU-30021,T-shirt coton uni,2,OMG-LIL
MTX-001319,19/11/2025,SKU-30028,Doudoune legere,23,OMG-LYO
MTX-000996,2026-07-31,SKU-30023,Veste softshell,2,OMG-LYO
MTX-001254,25/01/2026,SKU-30021,T-shirt coton uni,22,OMG-MAR
MTX-000171,06/06/2026,SKU-30024,Chaussettes x3,13,OMG-MAR
MTX-000346,29/03/2026,SKU-30027,Short de sport,37,OMG-MAR
MTX-000095,17-06-2025,SKU-30026,Chemise popeline,37,OMG-MAR
MTX-001091,31-08-2025,SKU-30026,Chemise popeline,13,OMG-LYO
MTX-000258,29-10-2025,SKU-30028,Doudoune legere,3,OMG-MAR
MTX-001237,16/04/2025,SKU-30023,Veste softshell,16,OMG-MAR
MTX-000626,30-12-2025,SKU-30026,Chemise popeline,40,OMG-MAR
MTX-000899,2025-11-05,SKU-30023,Veste softshell,6,OMG-LYO
MTX-000817,2026-02-07,SKU-30025,Pull col rond,34,OMG-LIL
MTX-001096,08/03/2026,SKU-30026,Chemise popeline,7,OMG-LIL
MTX-000937,25-11-2025,SKU-30022,Jean coupe droite,39,OMG-LIL
MTX-001371,11/03/2025,SKU-30024,Chaussettes x3,23,OMG-LYO
MTX-000520,11/09/2025,SKU-30028,Doudoune legere,32,OMG-MAR
MTX-001276,2026-02-27,SKU-30029,Casquette coton,25,OMG-LIL
MTX-000197,2025-09-28,SKU-30024,Chaussettes x3,34,OMG-LYO
MTX-001004,20-09-2025,SKU-30025,Pull col rond,22,OMG-MAR
MTX-000252,21-07-2026,SKU-30024,Chaussettes x3,16,OMG-MAR
MTX-000649,19/11/2025,SKU-30027,Short de sport,3,OMG-LYO
MTX-001214,2025-09-25,SKU-30022,Jean coupe droite,27,OMG-LIL
MTX-000158,27/04/2025,SKU-30029,Casquette coton,29,OMG-MAR
MTX-000598,2026-03-12,SKU-30024,Chaussettes x3,31,OMG-LIL
MTX-000466,11/06/2026,SKU-30028,Doudoune legere,40,OMG-LIL
MTX-000643,2026-04-18,SKU-30029,Casquette coton,25,OMG-MAR
MTX-001400,2026-04-01,SKU-30030,Robe ete,4,OMG-LIL
MTX-000576,2026-07-25,SKU-30022,Jean coupe droite,31,OMG-MAR
MTX-001227,2025-12-09,SKU-30024,Chaussettes x3,14,OMG-MAR
MTX-000213,09/05/2026,SKU-30027,Short de sport,14,OMG-LIL
MTX-000598,12-03-2026,SKU-30030,Robe ete,35,OMG-LIL
MTX-000066,17-04-2025,SKU-30029,Casquette coton,18,OMG-MAR
MTX-000154,17/05/2025,SKU-30027,Short de sport,7,OMG-LYO
MTX-000040,21/01/2025,SKU-30025,Pull col rond,25,OMG-MAR
MTX-001064,10-10-2025,SKU-30027,Short de sport,24,OMG-MAR
MTX-000257,05/03/2025,SKU-30025,Pull col rond,26,OMG-LIL
MTX-000077,21-01-2026,SKU-30024,Chaussettes x3,39,OMG-MAR
