ref_commande;date_cde;reference_piece;designation;qte;poids_unitaire_g;entrepot
ND-000549;19-07-2026;SKU-10005;Bougie d'allumage;17;5900;OMG-LIL
ND-000220;16/05/2026;SKU-10001;Plaquette de frein;20;5130;OMG-LIL
ND-000860;12/01/2025;SKU-10006;Amortisseur avant;37;5430;OMG-LYO
ND-000429;05-06-2025;SKU-10009;Retroviseur;21;3400;OMG-LIL
ND-000561;2026-05-15;SKU-10002;Disque de frein;36;250;OMG-LYO
ND-000825;10-12-2025;SKU-10007;Courroie de distribution;30;7140;OMG-MAR
ND-000470;09/07/2025;SKU-10003;Filtre a huile;7;2240;OMG-LIL
ND-001000;04-02-2026;SKU-10004;Filtre a air;6;1820;OMG-LYO
ND-001297;2025-03-07;SKU-10008;Batterie 12V;6;740;OMG-MAR
ND-001138;12/11/2025;SKU-10004;Filtre a air;24;1820;OMG-LIL
ND-000329;04-06-2026;SKU-10001;Plaquette de frein;21;5130;OMG-LYO
ND-001338;15-06-2026;SKU-10003;Filtre a huile;22;2240;OMG-MAR
ND-000855;2026-07-18;SKU-10008;Batterie 12V;30;740;OMG-LIL
ND-000034;07-06-2026;SKU-10003;Filtre a huile;2;2240;OMG-LYO
ND-001081;22/04/2025;SKU-10007;Courroie de distribution;38;7140;OMG-LIL
ND-001304;16/02/2026;SKU-10009;Retroviseur;7;3400;OMG-LIL
ND-001259;2026-06-19;SKU-10002;Disque de frein;27;250;OMG-LYO
ND-000034;07-06-2026;SKU-10001;Plaquette de frein;16;5130;OMG-LYO
ND-000164;2026-04-10;SKU-10004;Filtre a air;3;1820;OMG-LIL
ND-000169;07-06-2025;SKU-10008;Batterie 12V;24;740;OMG-LIL
ND-000700;2025-09-10;SKU-10001;Plaquette de frein;26;5130;OMG-LYO
ND-000652;2025-04-17;SKU-10008;Batterie 12V;30;740;OMG-MAR
ND-000016;2025-05-10;SKU-10004;Filtre a air;26;1820;OMG-LYO
ND-000648;2026-04-15;SKU-10005;Bougie d'allumage;30;5900;OMG-LIL
ND-000682;2025-09-14;SKU-10008;Batterie 12V;26;740;OMG-LIL
ND-000301;2025-01-04;SKU-10009;Retroviseur;28;3400;OMG-LIL
ND-000896;27-01-2026;SKU-10003;Filtre a huile;7;2240;OMG-LYO
ND-000728;02/01/2026;SKU-10006;Amortisseur avant;20;5430;OMG-LIL
ND-001078;2025-10-18;SKU-10002;Disque de frein;1;250;OMG-LYO
ND-000830;08/06/2025;SKU-10009;Retroviseur;29;3400;OMG-LYO
ND-000086;26-07-2025;SKU-10009;Retroviseur;8;3400;OMG-LYO
ND-000699;2026-04-01;SKU-10005;Bougie d'allumage;37;5900;OMG-LYO
ND-000635;20/06/2025;SKU-10004;Filtre a air;26;1820;OMG-LYO
ND-001013;18-07-2025;SKU-10005;Bougie d'allumage;15;5900;OMG-LIL
ND-001043;2025-06-03;SKU-10007;Courroie de distribution;6;7140;OMG-LIL
ND-001026;22/03/2025;SKU-10010;Pare-chocs avant;37;290;OMG-LIL
ND-000464;07/03/2026;SKU-10002;Disque de frein;29;250;OMG-LYO
ND-000867;2025-10-14;SKU-10010;Pare-chocs avant;2;290;OMG-LYO
ND-000772;21-07-2025;SKU-10002;Disque de frein;28;250;OMG-MAR
ND-000113;2025-09-05;SKU-10003;Filtre a huile;9;2240;OMG-LYO
ND-000739;05/05/2026;SKU-10006;Amortisseur avant;10;5430;OMG-MAR
ND-000509;21/04/2025;SKU-10003;Filtre a huile;6;2240;OMG-MAR
ND-000327;22/07/2025;SKU-10004;Filtre a air;38;1820;OMG-MAR
ND-000971;26/02/2026;SKU-10010;Pare-chocs avant;1;290;OMG-LYO
ND-001079;2026-07-01;SKU-10003;Filtre a huile;6;2240;OMG-LYO
ND-000457;25-06-2026;SKU-10008;Batterie 12V;5;740;OMG-LYO
ND-000560;24-12-2025;SKU-10008;Batterie 12V;18;740;OMG-LYO
ND-000644;2026-03-19;SKU-10002;Disque de frein;36;250;OMG-LIL
ND-001211;04/01/2025;SKU-10006;Amortisseur avant;26;5430;OMG-MAR
ND-001224;26/03/2025;SKU-10010;Pare-chocs avant;13;290;OMG-LYO
ND-001238;05/03/2026;SKU-10003;Filtre a huile;12;2240;OMG-MAR
ND-001280;04-06-2026;SKU-10005;Bougie d'allumage;6;5900;OMG-LYO
ND-000781;2025-04-30;SKU-10004;Filtre a air;36;1820;OMG-LYO
ND-001205;04-10-2025;SKU-10001;Plaquette de frein;21;5130;OMG-MAR
ND-000267;04/05/2025;SKU-10009;Retroviseur;37;3400;OMG-MAR
ND-001392;10-04-2025;SKU-10007;Courroie de distribution;17;7140;OMG-LIL
ND-000380;2026-06-15;SKU-10005;Bougie d'allumage;21;5900;OMG-MAR
ND-001066;2025-11-09;SKU-10003;Filtre a huile;27;2240;OMG-MAR
ND-000370;19-01-2026;SKU-10001;Plaquette de frein;22;5130;OMG-LYO
ND-000982;2025-07-10;SKU-10002;Disque de frein;21;250;OMG-LIL
ND-000255;23/05/2026;SKU-10004;Filtre a air;13;1820;OMG-LIL
ND-000609;07-09-2025;SKU-10008;Batterie 12V;1;740;OMG-MAR
ND-000498;08-10-2025;SKU-10006;Amortisseur avant;25;5430;OMG-MAR
ND-000420;30/06/2025;SKU-10001;Plaquette de frein;8;5130;OMG-MAR
ND-001146;2026-01-12;SKU-10006;Amortisseur avant;10;5430;OMG-LIL
ND-000763;2026-04-17;SKU-10010;Pare-chocs avant;32;290;OMG-MAR
ND-000909;2026-03-14;SKU-10005;Bougie d'allumage;40;5900;OMG-LIL
ND-000411;2026-04-04;SKU-10005;Bougie d'allumage;21;5900;OMG-LIL
ND-000982;10/07/2025;SKU-10009;Retroviseur;19;3400;OMG-LIL
ND-000297;26-04-2026;SKU-10004;Filtre a air;30;1820;OMG-MAR
ND-000065;30-04-2025;SKU-10008;Batterie 12V;16;740;OMG-MAR
ND-000323;27/03/2026;SKU-10005;Bougie d'allumage;40;5900;OMG-MAR
ND-000235;2025-03-16;SKU-10007;Courroie de distribution;9;7140;OMG-MAR
ND-000424;06/08/2025;SKU-10010;Pare-chocs avant;25;290;OMG-LYO
ND-000478;20/12/2025;SKU-10005;Bougie d'allumage;13;5900;OMG-MAR
ND-000439;2026-05-29;SKU-10010;Pare-chocs avant;37;290;OMG-LYO
ND-000043;20-01-2025;SKU-10007;Courroie de distribution;26;7140;OMG-MAR
ND-001017;27-03-2026;SKU-10010;Pare-chocs avant;34;290;OMG-LIL
ND-000108;30/06/2026;SKU-10001;Plaquette de frein;24;5130;OMG-MAR
ND-000380;15-06-2026;SKU-10007;Courroie de distribution;21;7140;OMG-MAR
ND-000042;2026-01-03;SKU-10003;Filtre a huile;20;2240;OMG-LYO
ND-000892;27-03-2025;SKU-10010;Pare-chocs avant;22;290;OMG-MAR
ND-000380;2026-06-15;SKU-10002;Disque de frein;7;250;OMG-MAR
ND-001038;20/07/2025;SKU-10001;Plaquette de frein;36;5130;OMG-MAR
ND-000793;2026-02-02;SKU-10002;Disque de frein;12;250;OMG-LYO
ND-000554;01/04/2025;SKU-10008;Batterie 12V;18;740;OMG-LIL
ND-001132;24/07/2025;SKU-10003;Filtre a huile;8;2240;OMG-LYO
ND-000895;06/05/2026;SKU-10002;Disque de frein;25;250;OMG-LYO
ND-001297;07/03/2025;SKU-10008;Batterie 12V;3;740;OMG-MAR
ND-001080;2025-03-03;SKU-10004;Filtre a air;31;1820;OMG-MAR
ND-001158;20-06-2025;SKU-10007;Courroie de distribution;;7140;OMG-LYO
ND-001205;04/10/2025;SKU-10006;Amortisseur avant;27;5430;OMG-MAR
ND-000554;2025-04-01;SKU-10006;Amortisseur avant;28;5430;OMG-LIL
ND-001097;2025-09-11;SKU-10003;Filtre a huile;21;2240;OMG-LYO
ND-001307;11/04/2026;SKU-10004;Filtre a air;34;1820;OMG-LIL
ND-000781;30/04/2025;SKU-10010;Pare-chocs avant;;290;OMG-LYO
ND-001120;26/06/2025;SKU-10006;Amortisseur avant;24;5430;OMG-MAR
ND-000476;2025-07-02;SKU-10004;Filtre a air;7;1820;OMG-LYO
ND-000300;2025-05-29;SKU-10007;Courroie de distribution;3;7140;OMG-LIL
ND-001385;24-05-2025;SKU-10005;Bougie d'allumage;4;5900;OMG-MAR
ND-000700;2025-09-10;SKU-10009;Retroviseur;32;3400;OMG-LYO
ND-000919;04/02/2025;SKU-10003;Filtre a huile;1;2240;OMG-LIL
ND-000863;2026-05-25;SKU-10001;Plaquette de frein;12;5130;OMG-MAR
ND-000971;26-02-2026;SKU-10004;Filtre a air;38;1820;OMG-LYO
ND-000099;18/02/2026;SKU-10009;Retroviseur;23;3400;OMG-LIL
ND-001122;27/08/2025;SKU-10004;Filtre a air;2;1820;OMG-MAR
ND-000256;21/03/2026;SKU-10003;Filtre a huile;4;2240;OMG-LIL
ND-000648;15/04/2026;SKU-10008;Batterie 12V;30;740;OMG-LIL
ND-001230;14-09-2025;SKU-10010;Pare-chocs avant;18;290;OMG-LIL
ND-000510;2026-01-12;SKU-10004;Filtre a air;7;1820;OMG-LYO
ND-001293;29-09-2025;SKU-10002;Disque de frein;26;250;OMG-MAR
ND-000233;19/01/2025;SKU-10005;Bougie d'allumage;7;5900;OMG-LIL
ND-001298;26/05/2026;SKU-10010;Pare-chocs avant;35;290;OMG-MAR
ND-000938;2025-11-26;SKU-10001;Plaquette de frein;22;5130;OMG-LYO
ND-000864;2026-07-10;SKU-10010;Pare-chocs avant;16;290;OMG-LYO
ND-001389;15/05/2025;SKU-10003;Filtre a huile;27;2240;OMG-LYO
ND-000210;30/09/2025;SKU-10002;Disque de frein;9;250;OMG-MAR
ND-000109;20-03-2025;SKU-10006;Amortisseur avant;40;5430;OMG-LIL
ND-000290;2026-05-18;SKU-10006;Amortisseur avant;22;5430;OMG-MAR
ND-001298;2026-05-26;SKU-10010;Pare-chocs avant;5;290;OMG-MAR
ND-000769;30-07-2026;SKU-10008;Batterie 12V;3;740;OMG-MAR
ND-000538;17-05-2025;SKU-10008;Batterie 12V;27;740;OMG-LYO
ND-000549;19-07-2026;SKU-10004;Filtre a air;40;1820;OMG-LIL
ND-000255;23/05/2026;SKU-10003;Filtre a huile;4;2240;OMG-LIL
ND-000758;2025-07-29;SKU-10001;Plaquette de frein;4;5130;OMG-LYO
ND-001037;03/10/2025;SKU-10005;Bougie d'allumage;26;5900;OMG-LIL
ND-000808;2025-05-26;SKU-10002;Disque de frein;8;250;OMG-LIL
ND-000392;2026-03-20;SKU-10002;Disque de frein;26;250;OMG-LIL
ND-000108;30-06-2026;SKU-10009;Retroviseur;24;3400;OMG-MAR
ND-000471;20/05/2025;SKU-10005;Bougie d'allumage;34;5900;OMG-LYO
ND-000199;2026-03-11;SKU-10004;Filtre a air;26;1820;OMG-LIL
ND-000775;08-04-2025;SKU-10004;Filtre a air;;1820;OMG-LIL
ND-001280;04/06/2026;SKU-10006;Amortisseur avant;2;5430;OMG-LYO
ND-001274;10-12-2025;SKU-10004;Filtre a air;34;1820;OMG-MAR
ND-001225;05-02-2025;SKU-10008;Batterie 12V;15;740;OMG-LIL
ND-001195;25/07/2025;SKU-10004;Filtre a air;38;1820;OMG-LIL
ND-001052;22-01-2026;SKU-10008;Batterie 12V;7;740;OMG-MAR
ND-000476;2025-07-02;SKU-10004;Filtre a air;7;1820;OMG-LYO
ND-001040;24/01/2025;SKU-10002;Disque de frein;20;250;OMG-LIL
ND-001349;30-01-2026;SKU-10002;Disque de frein;16;250;OMG-LYO
ND-000691;2025-06-20;SKU-10001;Plaquette de frein;39;5130;OMG-LIL
ND-001336;25/04/2026;SKU-10004;Filtre a air;13;1820;OMG-LYO
ND-001140;07/03/2025;SKU-10001;Plaquette de frein;24;5130;OMG-MAR
ND-001296;15/09/2025;SKU-10004;Filtre a air;35;1820;OMG-LYO
ND-000853;14/07/2025;SKU-10008;Batterie 12V;23;740;OMG-LYO
ND-000824;04-06-2025;SKU-10009;Retroviseur;13;3400;OMG-MAR
ND-000785;10/07/2025;SKU-10005;Bougie d'allumage;4;5900;OMG-MAR
ND-001211;04/01/2025;SKU-10009;Retroviseur;7;3400;OMG-MAR
ND-000381;29/05/2025;SKU-10010;Pare-chocs avant;17;290;OMG-LIL
ND-000774;09-04-2026;SKU-10008;Batterie 12V;10;740;OMG-MAR
ND-000220;16/05/2026;SKU-10010;Pare-chocs avant;39;290;OMG-LIL
ND-000529;2025-07-25;SKU-10010;Pare-chocs avant;22;290;OMG-LIL
ND-000176;2025-11-17;SKU-10001;Plaquette de frein;14;5130;OMG-LYO
ND-001314;31/01/2025;SKU-10006;Amortisseur avant;15;5430;OMG-LYO
ND-000750;10/07/2026;SKU-10001;Plaquette de frein;14;5130;OMG-MAR
ND-000278;17-04-2025;SKU-10006;Amortisseur avant;12;5430;OMG-LYO
ND-001051;22-02-2026;SKU-10007;Courroie de distribution;19;7140;OMG-LYO
ND-000054;13/06/2025;SKU-10003;Filtre a huile;16;2240;OMG-MAR
ND-000476;02-07-2025;SKU-10006;Amortisseur avant;15;5430;OMG-LYO
ND-000099;2026-02-18;SKU-10001;Plaquette de frein;30;5130;OMG-LIL
ND-000842;07-10-2025;SKU-10009;Retroviseur;5;3400;OMG-LYO
ND-000405;21/04/2026;SKU-10004;Filtre a air;15;1820;OMG-LYO
ND-000518;2026-07-18;SKU-10010;Pare-chocs avant;18;290;OMG-LIL
ND-000660;19/06/2026;SKU-10002;Disque de frein;22;250;OMG-MAR
ND-000774;09-04-2026;SKU-10001;Plaquette de frein;10;5130;OMG-MAR
ND-000048;22/06/2026;SKU-10006;Amortisseur avant;31;5430;OMG-LIL
ND-000229;09/07/2026;SKU-10004;Filtre a air;27;1820;OMG-MAR
ND-000848;21/01/2026;SKU-10005;Bougie d'allumage;15;5900;OMG-LYO
ND-001359;09/02/2025;SKU-10002;Disque de frein;35;250;OMG-LIL
ND-001019;2026-05-05;SKU-10005;Bougie d'allumage;27;5900;OMG-LYO
ND-001163;2025-04-15;SKU-10006;Amortisseur avant;37;5430;OMG-LIL
ND-000287;05-06-2025;SKU-10009;Retroviseur;32;3400;OMG-MAR
ND-001148;12-02-2025;SKU-10005;Bougie d'allumage;7;5900;OMG-LIL
ND-000895;06/05/2026;SKU-10001;Plaquette de frein;18;5130;OMG-LYO
ND-001380;30-03-2025;SKU-10007;Courroie de distribution;4;7140;OMG-LIL
ND-001022;2025-10-01;SKU-10006;Amortisseur avant;20;5430;OMG-LIL
ND-000405;21/04/2026;SKU-10004;Filtre a air;39;1820;OMG-LYO
ND-000864;2026-07-10;SKU-10009;Retroviseur;3;3400;OMG-LYO
ND-000725;29-06-2026;SKU-10004;Filtre a air;31;1820;OMG-LIL
ND-000659;23-08-2025;SKU-10010;Pare-chocs avant;21;290;OMG-LIL
ND-000274;22-01-2026;SKU-10010;Pare-chocs avant;37;290;OMG-MAR
ND-000892;27-03-2025;SKU-10003;Filtre a huile;39;2240;OMG-MAR
ND-000414;2026-01-19;SKU-10002;Disque de frein;39;250;OMG-MAR
ND-001250;12/07/2026;SKU-10002;Disque de frein;26;250;OMG-LIL
ND-000189;10-05-2025;SKU-10002;Disque de frein;24;250;OMG-LYO
ND-001296;2025-09-15;SKU-10005;Bougie d'allumage;9;5900;OMG-LYO
ND-000590;21/10/2025;SKU-10009;Retroviseur;38;3400;OMG-MAR
ND-000268;14/10/2025;SKU-10001;Plaquette de frein;16;5130;OMG-LIL
ND-000427;2025-09-22;SKU-10008;Batterie 12V;25;740;OMG-LYO
ND-000009;07-07-2025;SKU-10002;Disque de frein;32;250;OMG-LYO
ND-000112;31-07-2025;SKU-10008;Batterie 12V;23;740;OMG-LYO
ND-000508;08/01/2026;SKU-10010;Pare-chocs avant;34;290;OMG-LYO
ND-000720;2026-02-04;SKU-10002;Disque de frein;32;250;OMG-MAR
ND-000454;24/05/2026;SKU-10006;Amortisseur avant;12;5430;OMG-LIL
ND-001054;04-09-2025;SKU-10003;Filtre a huile;22;2240;OMG-MAR
ND-000078;18-05-2026;SKU-10006;Amortisseur avant;9;5430;OMG-MAR
ND-000947;2026-07-05;SKU-10010;Pare-chocs avant;19;290;OMG-LYO
ND-000829;12-05-2026;SKU-10004;Filtre a air;8;1820;OMG-MAR
ND-001001;28-05-2026;SKU-10009;Retroviseur;37;3400;OMG-MAR
ND-000471;2025-05-20;SKU-10005;Bougie d'allumage;27;5900;OMG-LYO
ND-000816;25/08/2025;SKU-10006;Amortisseur avant;35;5430;OMG-LYO
ND-000754;26-11-2025;SKU-10007;Courroie de distribution;11;7140;OMG-LIL
ND-000373;2026-07-20;SKU-10005;Bougie d'allumage;13;5900;OMG-MAR
ND-000518;18/07/2026;SKU-10007;Courroie de distribution;32;7140;OMG-LIL
ND-000736;03-03-2026;SKU-10007;Courroie de distribution;40;7140;OMG-MAR
ND-000629;09/12/2025;SKU-10001;Plaquette de frein;13;5130;OMG-LIL
ND-001392;2025-04-10;SKU-10006;Amortisseur avant;17;5430;OMG-LIL
ND-000689;11/03/2025;SKU-10007;Courroie de distribution;37;7140;OMG-LYO
ND-001001;28/05/2026;SKU-10010;Pare-chocs avant;34;290;OMG-MAR
ND-000483;2025-08-18;SKU-10001;Plaquette de frein;31;5130;OMG-LIL
ND-000635;20/06/2025;SKU-10007;Courroie de distribution;25;7140;OMG-LYO
ND-000247;29-06-2026;SKU-10008;Batterie 12V;35;740;OMG-MAR
ND-000689;11/03/2025;SKU-10001;Plaquette de frein;20;5130;OMG-LYO
ND-000706;05-05-2026;SKU-10009;Retroviseur;39;3400;OMG-LYO
ND-000733;2026-01-31;SKU-10007;Courroie de distribution;39;7140;OMG-LIL
ND-000172;15/04/2026;SKU-10006;Amortisseur avant;19;5430;OMG-MAR
ND-000351;2025-07-13;SKU-10008;Batterie 12V;40;740;OMG-LYO
ND-000268;2025-10-14;SKU-10003;Filtre a huile;31;2240;OMG-LIL
ND-001262;03/05/2025;SKU-10004;Filtre a air;29;1820;OMG-MAR
ND-001028;09/07/2025;SKU-10008;Batterie 12V;29;740;OMG-LIL
ND-001081;2025-04-22;SKU-10004;Filtre a air;11;1820;OMG-LIL
ND-000893;2026-02-20;SKU-10009;Retroviseur;26;3400;OMG-LIL
ND-000358;05-04-2025;SKU-10009;Retroviseur;32;3400;OMG-LIL
ND-000181;2025-12-04;SKU-10010;Pare-chocs avant;7;290;OMG-LIL
ND-000012;2025-01-25;SKU-10009;Retroviseur;16;3400;OMG-LYO
ND-000552;16-09-2025;SKU-10010;Pare-chocs avant;3;290;OMG-LYO
ND-001381;02-09-2025;SKU-10010;Pare-chocs avant;17;290;OMG-LIL
ND-000134;2025-04-06;SKU-10001;Plaquette de frein;19;5130;OMG-LIL
ND-001038;20/07/2025;SKU-10001;Plaquette de frein;1;5130;OMG-MAR
ND-001118;06/10/2025;SKU-10010;Pare-chocs avant;22;290;OMG-LIL
ND-000535;01-09-2025;SKU-10007;Courroie de distribution;24;7140;OMG-LYO
ND-000813;08/06/2025;SKU-10010;Pare-chocs avant;19;290;OMG-LYO
ND-001080;03-03-2025;SKU-10010;Pare-chocs avant;12;290;OMG-MAR
ND-000976;30-05-2026;SKU-10007;Courroie de distribution;18;7140;OMG-MAR
ND-000570;27/05/2025;SKU-10008;Batterie 12V;10;740;OMG-MAR
ND-000048;22/06/2026;SKU-10006;Amortisseur avant;30;5430;OMG-LIL
ND-000818;2025-03-11;SKU-10009;Retroviseur;29;3400;OMG-MAR
ND-001165;2025-08-12;SKU-10009;Retroviseur;30;3400;OMG-LYO
ND-001105;2025-07-19;SKU-10002;Disque de frein;19;250;OMG-MAR
ND-000189;10/05/2025;SKU-10005;Bougie d'allumage;31;5900;OMG-LYO
ND-001204;2026-01-19;SKU-10008;Batterie 12V;13;740;OMG-MAR
ND-001382;20-01-2025;SKU-10005;Bougie d'allumage;9;5900;OMG-LYO
ND-000784;2025-01-20;SKU-10007;Courroie de distribution;2;7140;OMG-LYO
ND-000578;20-09-2025;SKU-10009;Retroviseur;15;3400;OMG-LYO
ND-001068;2025-10-05;SKU-10002;Disque de frein;24;250;OMG-LIL
ND-000268;14/10/2025;SKU-10010;Pare-chocs avant;29;290;OMG-LIL
ND-000998;2025-10-20;SKU-10002;Disque de frein;27;250;OMG-MAR
ND-000842;2025-10-07;SKU-10009;Retroviseur;32;3400;OMG-LYO
ND-000427;22-09-2025;SKU-10004;Filtre a air;3;1820;OMG-LYO
ND-000422;17/06/2026;SKU-10006;Amortisseur avant;31;5430;OMG-LYO
ND-001359;09-02-2025;SKU-10001;Plaquette de frein;17;5130;OMG-LIL
ND-000820;13/06/2026;SKU-10003;Filtre a huile;20;2240;OMG-LIL
ND-000816;2025-08-25;SKU-10005;Bougie d'allumage;32;5900;OMG-LYO
ND-000647;29/08/2025;SKU-10003;Filtre a huile;39;2240;OMG-LYO
ND-001038;20/07/2025;SKU-10001;Plaquette de frein;34;5130;OMG-MAR
ND-000051;07/01/2026;SKU-10007;Courroie de distribution;32;7140;OMG-LIL
ND-000247;29/06/2026;SKU-10005;Bougie d'allumage;12;5900;OMG-MAR
ND-001067;12-04-2025;SKU-10002;Disque de frein;6;250;OMG-MAR
ND-000751;24/12/2025;SKU-10002;Disque de frein;10;250;OMG-LIL
ND-000033;11-08-2025;SKU-10009;Retroviseur;31;3400;OMG-LIL
ND-000974;31-01-2026;SKU-10007;Courroie de distribution;20;7140;OMG-LIL
ND-001262;03-05-2025;SKU-10005;Bougie d'allumage;22;5900;OMG-MAR
ND-000033;11-08-2025;SKU-10003;Filtre a huile;6;2240;OMG-LIL
ND-000002;23/10/2025;SKU-10005;Bougie d'allumage;5;5900;OMG-LYO
ND-001040;2025-01-24;SKU-10006;Amortisseur avant;12;5430;OMG-LIL
ND-001238;05/03/2026;SKU-10009;Retroviseur;6;3400;OMG-MAR
ND-000826;10/03/2025;SKU-10010;Pare-chocs avant;;290;OMG-LIL
ND-000006;2025-10-24;SKU-10009;Retroviseur;17;3400;OMG-LIL
ND-000366;16-04-2025;SKU-10008;Batterie 12V;31;740;OMG-MAR
ND-000282;2026-06-23;SKU-10007;Courroie de distribution;33;7140;OMG-LYO
ND-000395;2025-02-04;SKU-10003;Filtre a huile;6;2240;OMG-LIL
ND-000804;2026-01-07;SKU-10005;Bougie d'allumage;19;5900;OMG-MAR
ND-001015;08-07-2026;SKU-10004;Filtre a air;38;1820;OMG-LYO
ND-000275;2026-07-19;SKU-10002;Disque de frein;31;250;OMG-LIL
ND-000669;04-01-2025;SKU-10006;Amortisseur avant;32;5430;OMG-LYO
ND-000205;2026-03-16;SKU-10005;Bougie d'allumage;15;5900;OMG-LYO
ND-001080;03-03-2025;SKU-10008;Batterie 12V;19;740;OMG-MAR
ND-000216;2026-05-01;SKU-10002;Disque de frein;1;250;OMG-LIL
ND-000635;20/06/2025;SKU-10004;Filtre a air;20;1820;OMG-LYO
ND-001031;2026-01-30;SKU-10005;Bougie d'allumage;37;5900;OMG-LYO
ND-000867;14-10-2025;SKU-10002;Disque de frein;39;250;OMG-LYO
ND-000545;06/04/2026;SKU-10003;Filtre a huile;26;2240;OMG-MAR
ND-000775;08-04-2025;SKU-10007;Courroie de distribution;14;7140;OMG-LIL
ND-000999;10-05-2026;SKU-10008;Batterie 12V;17;740;OMG-MAR
ND-000829;12-05-2026;SKU-10005;Bougie d'allumage;1;5900;OMG-MAR
ND-001014;20/01/2026;SKU-10005;Bougie d'allumage;17;5900;OMG-MAR
ND-000181;04/12/2025;SKU-10009;Retroviseur;;3400;OMG-LIL
ND-001338;2026-06-15;SKU-10006;Amortisseur avant;9;5430;OMG-MAR
ND-001040;24-01-2025;SKU-10005;Bougie d'allumage;7;5900;OMG-LIL
ND-000580;15-08-2025;SKU-10006;Amortisseur avant;9;5430;OMG-MAR
ND-000529;25/07/2025;SKU-10007;Courroie de distribution;15;7140;OMG-LIL
ND-000006;24-10-2025;SKU-10002;Disque de frein;35;250;OMG-LIL
ND-000038;16-06-2025;SKU-10006;Amortisseur avant;35;5430;OMG-MAR
ND-000793;2026-02-02;SKU-10009;Retroviseur;23;3400;OMG-LYO
ND-000541;18/07/2025;SKU-10003;Filtre a huile;29;2240;OMG-LIL
ND-000334;11-11-2025;SKU-10003;Filtre a huile;15;2240;OMG-MAR
ND-001389;15/05/2025;SKU-10008;Batterie 12V;1;740;OMG-LYO
ND-000644;19/03/2026;SKU-10003;Filtre a huile;3;2240;OMG-LIL
ND-000457;2026-06-25;SKU-10008;Batterie 12V;18;740;OMG-LYO
ND-000085;23/04/2025;SKU-10010;Pare-chocs avant;21;290;OMG-LIL
ND-000784;20-01-2025;SKU-10003;Filtre a huile;30;2240;OMG-LYO
ND-000422;2026-06-17;SKU-10004;Filtre a air;22;1820;OMG-LYO
ND-001026;22-03-2025;SKU-10002;Disque de frein;21;250;OMG-LIL
ND-000065;2025-04-30;SKU-10009;Retroviseur;18;3400;OMG-MAR
ND-000793;2026-02-02;SKU-10007;Courroie de distribution;2;7140;OMG-LYO
ND-000578;20-09-2025;SKU-10001;Plaquette de frein;36;5130;OMG-LYO
ND-001372;14-07-2026;SKU-10006;Amortisseur avant;12;5430;OMG-LIL
ND-000881;20-03-2026;SKU-10008;Batterie 12V;28;740;OMG-LIL
ND-000797;11/09/2025;SKU-10010;Pare-chocs avant;2;290;OMG-MAR
ND-000518;18-07-2026;SKU-10009;Retroviseur;18;3400;OMG-LIL
ND-000992;04/04/2025;SKU-10007;Courroie de distribution;13;7140;OMG-LYO
ND-000630;20-03-2025;SKU-10007;Courroie de distribution;8;7140;OMG-LIL
ND-000764;01-09-2025;SKU-10006;Amortisseur avant;23;5430;OMG-LIL
ND-001238;2026-03-05;SKU-10006;Amortisseur avant;36;5430;OMG-MAR
ND-000999;2026-05-10;SKU-10009;Retroviseur;24;3400;OMG-MAR
ND-001302;02/10/2025;SKU-10009;Retroviseur;37;3400;OMG-LYO
ND-000781;30-04-2025;SKU-10007;Courroie de distribution;13;7140;OMG-LYO
ND-000999;10-05-2026;SKU-10003;Filtre a huile;21;2240;OMG-MAR
ND-001228;15/05/2026;SKU-10004;Filtre a air;6;1820;OMG-LIL
ND-000804;07-01-2026;SKU-10004;Filtre a air;6;1820;OMG-MAR
ND-000052;24/08/2025;SKU-10007;Courroie de distribution;39;7140;OMG-MAR
ND-000438;17-05-2025;SKU-10002;Disque de frein;39;250;OMG-LIL
ND-001389;2025-05-15;SKU-10005;Bougie d'allumage;29;5900;OMG-LYO
ND-000538;17-05-2025;SKU-10005;Bougie d'allumage;38;5900;OMG-LYO
ND-000438;17/05/2025;SKU-10002;Disque de frein;39;250;OMG-LIL
ND-000113;05-09-2025;SKU-10008;Batterie 12V;9;740;OMG-LYO
ND-000808;26-05-2025;SKU-10003;Filtre a huile;20;2240;OMG-LIL
ND-000488;2026-07-06;SKU-10008;Batterie 12V;6;740;OMG-LIL
ND-001262;2025-05-03;SKU-10003;Filtre a huile;5;2240;OMG-MAR
ND-000392;20-03-2026;SKU-10009;Retroviseur;28;3400;OMG-LIL
ND-000838;24/03/2025;SKU-10003;Filtre a huile;25;2240;OMG-MAR
ND-000173;2025-12-31;SKU-10006;Amortisseur avant;27;5430;OMG-MAR
ND-000518;18/07/2026;SKU-10008;Batterie 12V;39;740;OMG-LIL
ND-000965;2025-02-20;SKU-10004;Filtre a air;15;1820;OMG-MAR
ND-001106;2025-03-29;SKU-10004;Filtre a air;13;1820;OMG-LYO
ND-001013;18-07-2025;SKU-10003;Filtre a huile;32;2240;OMG-LIL
ND-000975;30/06/2025;SKU-10010;Pare-chocs avant;10;290;OMG-LYO
ND-001338;15-06-2026;SKU-10003;Filtre a huile;39;2240;OMG-MAR
ND-001271;12/10/2025;SKU-10001;Plaquette de frein;33;5130;OMG-MAR
ND-000522;2026-05-28;SKU-10005;Bougie d'allumage;25;5900;OMG-MAR
ND-001146;2026-01-12;SKU-10005;Bougie d'allumage;39;5900;OMG-LIL
ND-001314;31/01/2025;SKU-10010;Pare-chocs avant;15;290;OMG-LYO
ND-001234;2025-06-14;SKU-10004;Filtre a air;11;1820;OMG-LYO
ND-000917;04/08/2025;SKU-10010;Pare-chocs avant;2;290;OMG-MAR
ND-001330;30/01/2025;SKU-10009;Retroviseur;32;3400;OMG-LYO
ND-000404;18/11/2025;SKU-10003;Filtre a huile;13;2240;OMG-LIL
ND-000464;07-03-2026;SKU-10006;Amortisseur avant;32;5430;OMG-LYO
ND-000327;22/07/2025;SKU-10005;Bougie d'allumage;9;5900;OMG-MAR
ND-001014;20-01-2026;SKU-10009;Retroviseur;22;3400;OMG-MAR
ND-000975;30/06/2025;SKU-10005;Bougie d'allumage;21;5900;OMG-LYO
ND-000381;2025-05-29;SKU-10004;Filtre a air;39;1820;OMG-LIL
ND-000932;10-07-2025;SKU-10008;Batterie 12V;36;740;OMG-MAR
ND-001099;02-07-2025;SKU-10002;Disque de frein;27;250;OMG-MAR
ND-000268;2025-10-14;SKU-10003;Filtre a huile;31;2240;OMG-LIL
ND-000339;2026-04-10;SKU-10010;Pare-chocs avant;34;290;OMG-LIL
ND-000327;2025-07-22;SKU-10008;Batterie 12V;10;740;OMG-MAR
ND-000713;09/05/2025;SKU-10005;Bougie d'allumage;36;5900;OMG-LYO
ND-001301;07/06/2026;SKU-10005;Bougie d'allumage;17;5900;OMG-LYO
ND-001116;2026-05-27;SKU-10006;Amortisseur avant;30;5430;OMG-LIL
ND-001225;05-02-2025;SKU-10009;Retroviseur;22;3400;OMG-LIL
ND-000242;2025-12-25;SKU-10004;Filtre a air;12;1820;OMG-LYO
ND-001302;02/10/2025;SKU-10005;Bougie d'allumage;;5900;OMG-LYO
ND-000329;04/06/2026;SKU-10007;Courroie de distribution;31;7140;OMG-LYO
ND-001271;12/10/2025;SKU-10006;Amortisseur avant;37;5430;OMG-MAR
ND-000513;18-06-2025;SKU-10003;Filtre a huile;35;2240;OMG-MAR
ND-001205;2025-10-04;SKU-10008;Batterie 12V;6;740;OMG-MAR
ND-000339;10/04/2026;SKU-10005;Bougie d'allumage;13;5900;OMG-LIL
ND-000489;29-03-2025;SKU-10003;Filtre a huile;14;2240;OMG-LIL
ND-000251;2026-04-13;SKU-10003;Filtre a huile;22;2240;OMG-LYO
ND-001246;15/10/2025;SKU-10005;Bougie d'allumage;11;5900;OMG-LIL
ND-000761;2025-12-26;SKU-10004;Filtre a air;14;1820;OMG-MAR
ND-000278;2025-04-17;SKU-10007;Courroie de distribution;37;7140;OMG-LYO
ND-001012;02-04-2025;SKU-10002;Disque de frein;35;250;OMG-MAR
ND-000770;2025-12-01;SKU-10001;Plaquette de frein;;5130;OMG-LIL
ND-000720;2026-02-04;SKU-10001;Plaquette de frein;10;5130;OMG-MAR
ND-000007;04-12-2025;SKU-10005;Bougie d'allumage;33;5900;OMG-LIL
ND-001170;2025-08-17;SKU-10006;Amortisseur avant;13;5430;OMG-MAR
ND-001078;2025-10-18;SKU-10004;Filtre a air;6;1820;OMG-LYO
ND-001013;2025-07-18;SKU-10009;Retroviseur;7;3400;OMG-LIL
ND-000204;02-09-2025;SKU-10003;Filtre a huile;13;2240;OMG-LYO
ND-000976;2026-05-30;SKU-10008;Batterie 12V;20;740;OMG-MAR
ND-001345;15/02/2025;SKU-10008;Batterie 12V;37;740;OMG-LYO
ND-001149;17/03/2026;SKU-10006;Amortisseur avant;40;5430;OMG-MAR
ND-000648;15/04/2026;SKU-10001;Plaquette de frein;6;5130;OMG-LIL
ND-001228;15/05/2026;SKU-10010;Pare-chocs avant;8;290;OMG-LIL
ND-001110;08/02/2025;SKU-10008;Batterie 12V;25;740;OMG-MAR
ND-000808;26/05/2025;SKU-10010;Pare-chocs avant;7;290;OMG-LIL
ND-000187;2025-12-01;SKU-10010;Pare-chocs avant;39;290;OMG-LYO
ND-000343;2025-10-26;SKU-10001;Plaquette de frein;12;5130;OMG-MAR
ND-000522;28/05/2026;SKU-10003;Filtre a huile;32;2240;OMG-MAR
ND-001118;2025-10-06;SKU-10001;Plaquette de frein;22;5130;OMG-LIL
ND-000489;29-03-2025;SKU-10009;Retroviseur;9;3400;OMG-LIL
ND-000099;2026-02-18;SKU-10001;Plaquette de frein;28;5130;OMG-LIL
ND-001161;14/01/2025;SKU-10002;Disque de frein;7;250;OMG-LYO
ND-001234;14-06-2025;SKU-10009;Retroviseur;34;3400;OMG-LYO
ND-000659;2025-08-23;SKU-10010;Pare-chocs avant;11;290;OMG-LIL
ND-000358;05-04-2025;SKU-10004;Filtre a air;37;1820;OMG-LIL
ND-000648;2026-04-15;SKU-10008;Batterie 12V;37;740;OMG-LIL
ND-000848;21/01/2026;SKU-10007;Courroie de distribution;31;7140;OMG-LYO
ND-000728;2026-01-02;SKU-10002;Disque de frein;28;250;OMG-LIL
ND-000922;03/09/2025;SKU-10003;Filtre a huile;19;2240;OMG-MAR
ND-000085;23-04-2025;SKU-10006;Amortisseur avant;16;5430;OMG-LIL
ND-001014;20/01/2026;SKU-10007;Courroie de distribution;4;7140;OMG-MAR
ND-000329;2026-06-04;SKU-10008;Batterie 12V;3;740;OMG-LYO
ND-000933;2025-10-29;SKU-10007;Courroie de distribution;21;7140;OMG-LYO
ND-001058;2025-10-24;SKU-10007;Courroie de distribution;37;7140;OMG-LYO
ND-001221;2026-05-17;SKU-10003;Filtre a huile;8;2240;OMG-LYO
ND-001055;2025-10-23;SKU-10004;Filtre a air;22;1820;OMG-LIL
ND-001013;18/07/2025;SKU-10007;Courroie de distribution;38;7140;OMG-LIL
ND-001028;2025-07-09;SKU-10003;Filtre a huile;34;2240;OMG-LIL
ND-001146;2026-01-12;SKU-10006;Amortisseur avant;10;5430;OMG-LIL
ND-000629;2025-12-09;SKU-10005;Bougie d'allumage;12;5900;OMG-LIL
ND-000230;05-02-2025;SKU-10008;Batterie 12V;19;740;OMG-MAR
ND-000989;2026-04-13;SKU-10003;Filtre a huile;35;2240;OMG-MAR
ND-001017;27/03/2026;SKU-10007;Courroie de distribution;26;7140;OMG-LIL
ND-000402;2025-04-18;SKU-10009;Retroviseur;9;3400;OMG-MAR
ND-000829;12-05-2026;SKU-10008;Batterie 12V;40;740;OMG-MAR
ND-000522;28/05/2026;SKU-10007;Courroie de distribution;9;7140;OMG-MAR
ND-000405;21-04-2026;SKU-10001;Plaquette de frein;23;5130;OMG-LYO
ND-000708;2025-08-01;SKU-10004;Filtre a air;25;1820;OMG-LYO
ND-000825;2025-12-10;SKU-10006;Amortisseur avant;30;5430;OMG-MAR
ND-001330;30/01/2025;SKU-10009;Retroviseur;32;3400;OMG-LYO
ND-000108;2026-06-30;SKU-10005;Bougie d'allumage;12;5900;OMG-MAR
ND-000287;2025-06-05;SKU-10007;Courroie de distribution;19;7140;OMG-MAR
ND-001349;30/01/2026;SKU-10002;Disque de frein;4;250;OMG-LYO
ND-001250;12-07-2026;SKU-10003;Filtre a huile;5;2240;OMG-LIL
ND-001382;20-01-2025;SKU-10005;Bougie d'allumage;34;5900;OMG-LYO
ND-000888;2025-11-22;SKU-10002;Disque de frein;12;250;OMG-LIL
ND-000816;25/08/2025;SKU-10008;Batterie 12V;32;740;OMG-LYO
ND-000998;20/10/2025;SKU-10002;Disque de frein;1;250;OMG-MAR
ND-000718;28-07-2026;SKU-10009;Retroviseur;3;3400;OMG-LYO
ND-001200;29-08-2025;SKU-10002;Disque de frein;18;250;OMG-LIL
ND-000824;04-06-2025;SKU-10005;Bougie d'allumage;20;5900;OMG-MAR
ND-000785;2025-07-10;SKU-10010;Pare-chocs avant;7;290;OMG-MAR
ND-001112;29-03-2025;SKU-10008;Batterie 12V;38;740;OMG-LYO
ND-000833;20/11/2025;SKU-10008;Batterie 12V;8;740;OMG-LIL
ND-001359;09-02-2025;SKU-10003;Filtre a huile;7;2240;OMG-LIL
ND-001108;10/01/2025;SKU-10008;Batterie 12V;25;740;OMG-LIL
ND-000854;2025-07-27;SKU-10001;Plaquette de frein;23;5130;OMG-MAR
ND-001238;05/03/2026;SKU-10005;Bougie d'allumage;17;5900;OMG-MAR
ND-001034;14-06-2026;SKU-10010;Pare-chocs avant;4;290;OMG-MAR
ND-000736;03/03/2026;SKU-10005;Bougie d'allumage;21;5900;OMG-MAR
ND-000267;2025-05-04;SKU-10001;Plaquette de frein;12;5130;OMG-MAR
ND-000344;11-04-2026;SKU-10010;Pare-chocs avant;11;290;OMG-LYO
ND-000275;19-07-2026;SKU-10009;Retroviseur;20;3400;OMG-LIL
ND-000660;19-06-2026;SKU-10001;Plaquette de frein;39;5130;OMG-MAR
ND-000669;2025-01-04;SKU-10007;Courroie de distribution;27;7140;OMG-LYO
ND-001112;29/03/2025;SKU-10009;Retroviseur;18;3400;OMG-LYO
ND-000567;05/02/2025;SKU-10008;Batterie 12V;29;740;OMG-LIL
ND-000176;17-11-2025;SKU-10002;Disque de frein;10;250;OMG-LYO
ND-000696;2026-01-04;SKU-10002;Disque de frein;33;250;OMG-LIL
ND-000751;24-12-2025;SKU-10007;Courroie de distribution;16;7140;OMG-LIL
ND-000951;2026-03-09;SKU-10007;Courroie de distribution;35;7140;OMG-LIL
ND-000513;18-06-2025;SKU-10001;Plaquette de frein;7;5130;OMG-MAR
ND-000876;07/01/2025;SKU-10006;Amortisseur avant;29;5430;OMG-LYO
ND-000297;2026-04-26;SKU-10008;Batterie 12V;22;740;OMG-MAR
ND-001178;2025-07-13;SKU-10009;Retroviseur;24;3400;OMG-LYO
ND-000756;2025-12-30;SKU-10005;Bougie d'allumage;7;5900;OMG-MAR
ND-000612;13-06-2026;SKU-10004;Filtre a air;15;1820;OMG-LIL
ND-000892;27/03/2025;SKU-10009;Retroviseur;2;3400;OMG-MAR
ND-000334;11-11-2025;SKU-10002;Disque de frein;14;250;OMG-MAR
ND-001250;2026-07-12;SKU-10005;Bougie d'allumage;16;5900;OMG-LIL
ND-001012;02-04-2025;SKU-10008;Batterie 12V;20;740;OMG-MAR
ND-000406;15-04-2026;SKU-10003;Filtre a huile;11;2240;OMG-MAR
ND-001131;21/01/2026;SKU-10002;Disque de frein;27;250;OMG-LIL
ND-000750;10-07-2026;SKU-10004;Filtre a air;24;1820;OMG-MAR
ND-000255;23-05-2026;SKU-10007;Courroie de distribution;36;7140;OMG-LIL
ND-000033;2025-08-11;SKU-10008;Batterie 12V;14;740;OMG-LIL
ND-000370;19-01-2026;SKU-10002;Disque de frein;10;250;OMG-LYO
ND-000939;24/12/2025;SKU-10006;Amortisseur avant;17;5430;OMG-LIL
ND-000661;07-04-2025;SKU-10002;Disque de frein;4;250;OMG-MAR
ND-000284;2025-01-15;SKU-10010;Pare-chocs avant;33;290;OMG-LIL
ND-000279;16/09/2025;SKU-10006;Amortisseur avant;4;5430;OMG-LIL
ND-000803;18/11/2025;SKU-10009;Retroviseur;34;3400;OMG-MAR
ND-001225;05-02-2025;SKU-10008;Batterie 12V;16;740;OMG-LIL
ND-000809;30-05-2026;SKU-10006;Amortisseur avant;28;5430;OMG-LIL
ND-000402;18-04-2025;SKU-10003;Filtre a huile;20;2240;OMG-MAR
ND-000413;28/08/2025;SKU-10004;Filtre a air;1;1820;OMG-LIL
ND-000826;10/03/2025;SKU-10006;Amortisseur avant;9;5430;OMG-LIL
ND-000404;2025-11-18;SKU-10002;Disque de frein;9;250;OMG-LIL
ND-001001;28-05-2026;SKU-10009;Retroviseur;37;3400;OMG-MAR
ND-000278;17-04-2025;SKU-10008;Batterie 12V;10;740;OMG-LYO
ND-000966;2026-02-12;SKU-10006;Amortisseur avant;3;5430;OMG-MAR
ND-000038;16-06-2025;SKU-10008;Batterie 12V;27;740;OMG-MAR
ND-000469;2026-04-06;SKU-10002;Disque de frein;18;250;OMG-LYO
ND-001330;2025-01-30;SKU-10010;Pare-chocs avant;30;290;OMG-LYO
ND-000343;2025-10-26;SKU-10005;Bougie d'allumage;39;5900;OMG-MAR
ND-000769;2026-07-30;SKU-10009;Retroviseur;10;3400;OMG-MAR
ND-001336;2026-04-25;SKU-10010;Pare-chocs avant;14;290;OMG-LYO
ND-000109;20/03/2025;SKU-10003;Filtre a huile;39;2240;OMG-LIL
ND-001208;2025-08-10;SKU-10003;Filtre a huile;34;2240;OMG-LYO
ND-000222;02/04/2026;SKU-10004;Filtre a air;3;1820;OMG-LYO
ND-000652;2025-04-17;SKU-10002;Disque de frein;6;250;OMG-MAR
ND-000413;2025-08-28;SKU-10005;Bougie d'allumage;12;5900;OMG-LIL
ND-000842;2025-10-07;SKU-10004;Filtre a air;14;1820;OMG-LYO
ND-000464;2026-03-07;SKU-10007;Courroie de distribution;7;7140;OMG-LYO
ND-001211;2025-01-04;SKU-10005;Bougie d'allumage;11;5900;OMG-MAR
ND-000818;11/03/2025;SKU-10002;Disque de frein;18;250;OMG-MAR
ND-001037;2025-10-03;SKU-10004;Filtre a air;15;1820;OMG-LIL
ND-001140;2025-03-07;SKU-10005;Bougie d'allumage;26;5900;OMG-MAR
ND-000344;11/04/2026;SKU-10001;Plaquette de frein;24;5130;OMG-LYO
ND-001256;2026-07-07;SKU-10002;Disque de frein;13;250;OMG-LYO
ND-000657;03/02/2026;SKU-10004;Filtre a air;40;1820;OMG-LIL
ND-000487;2026-01-07;SKU-10001;Plaquette de frein;5;5130;OMG-MAR
ND-001082;14/07/2025;SKU-10005;Bougie d'allumage;19;5900;OMG-LIL
ND-000094;2026-06-30;SKU-10010;Pare-chocs avant;26;290;OMG-LIL
ND-000612;13/06/2026;SKU-10010;Pare-chocs avant;20;290;OMG-LIL
ND-000288;04-06-2026;SKU-10009;Retroviseur;5;3400;OMG-MAR
ND-000380;15/06/2026;SKU-10003;Filtre a huile;40;2240;OMG-MAR
ND-000094;30-06-2026;SKU-10003;Filtre a huile;10;2240;OMG-LIL
ND-001207;20-07-2025;SKU-10007;Courroie de distribution;5;7140;OMG-MAR
ND-001297;07-03-2025;SKU-10009;Retroviseur;33;3400;OMG-MAR
ND-000691;2025-06-20;SKU-10006;Amortisseur avant;20;5430;OMG-LIL
ND-001163;15-04-2025;SKU-10004;Filtre a air;39;1820;OMG-LIL
ND-000757;07/05/2025;SKU-10004;Filtre a air;39;1820;OMG-LIL
ND-000471;2025-05-20;SKU-10008;Batterie 12V;27;740;OMG-LYO
ND-000909;14-03-2026;SKU-10010;Pare-chocs avant;39;290;OMG-LIL
ND-000125;13-10-2025;SKU-10001;Plaquette de frein;12;5130;OMG-MAR
ND-000840;16/12/2025;SKU-10004;Filtre a air;11;1820;OMG-MAR
ND-001215;16/07/2025;SKU-10002;Disque de frein;16;250;OMG-MAR
ND-001011;20-04-2025;SKU-10010;Pare-chocs avant;10;290;OMG-LIL
ND-001341;2025-10-06;SKU-10003;Filtre a huile;2;2240;OMG-LIL
ND-001031;30/01/2026;SKU-10004;Filtre a air;30;1820;OMG-LYO
ND-000629;09-12-2025;SKU-10006;Amortisseur avant;3;5430;OMG-LIL
ND-000939;24-12-2025;SKU-10007;Courroie de distribution;22;7140;OMG-LIL
ND-000725;29-06-2026;SKU-10004;Filtre a air;38;1820;OMG-LIL
ND-001224;2025-03-26;SKU-10010;Pare-chocs avant;37;290;OMG-LYO
ND-000526;2025-03-30;SKU-10009;Retroviseur;21;3400;OMG-LIL
ND-000256;21/03/2026;SKU-10007;Courroie de distribution;6;7140;OMG-LIL
ND-000251;13/04/2026;SKU-10004;Filtre a air;37;1820;OMG-LYO
ND-000932;10/07/2025;SKU-10006;Amortisseur avant;7;5430;OMG-MAR
ND-000549;19-07-2026;SKU-10003;Filtre a huile;27;2240;OMG-LIL
ND-000251;13/04/2026;SKU-10002;Disque de frein;16;250;OMG-LYO
ND-000992;2025-04-04;SKU-10008;Batterie 12V;17;740;OMG-LYO
ND-000950;16-02-2026;SKU-10003;Filtre a huile;40;2240;OMG-MAR
ND-000282;2026-06-23;SKU-10007;Courroie de distribution;33;7140;OMG-LYO
ND-000785;10-07-2025;SKU-10005;Bougie d'allumage;6;5900;OMG-MAR
ND-001231;02/08/2025;SKU-10004;Filtre a air;3;1820;OMG-MAR
ND-001301;2026-06-07;SKU-10006;Amortisseur avant;24;5430;OMG-LYO
ND-000637;2025-07-01;SKU-10006;Amortisseur avant;6;5430;OMG-LIL
ND-001381;02/09/2025;SKU-10002;Disque de frein;33;250;OMG-LIL
ND-000488;06-07-2026;SKU-10005;Bougie d'allumage;29;5900;OMG-LIL
ND-000065;30-04-2025;SKU-10007;Courroie de distribution;31;7140;OMG-MAR
ND-000700;10-09-2025;SKU-10003;Filtre a huile;26;2240;OMG-LYO
ND-000221;27-10-2025;SKU-10009;Retroviseur;1;3400;OMG-LIL
ND-000718;28/07/2026;SKU-10004;Filtre a air;20;1820;OMG-LYO
ND-000629;09-12-2025;SKU-10004;Filtre a air;19;1820;OMG-LIL
ND-000853;2025-07-14;SKU-10004;Filtre a air;29;1820;OMG-LYO
ND-000825;10-12-2025;SKU-10008;Batterie 12V;27;740;OMG-MAR
ND-001022;01/10/2025;SKU-10002;Disque de frein;6;250;OMG-LIL
ND-001116;2026-05-27;SKU-10010;Pare-chocs avant;26;290;OMG-LIL
ND-000679;06-01-2025;SKU-10002;Disque de frein;14;250;OMG-LIL
ND-000310;04/02/2026;SKU-10007;Courroie de distribution;18;7140;OMG-MAR
ND-000664;05/05/2026;SKU-10002;Disque de frein;12;250;OMG-LIL
ND-000720;2026-02-04;SKU-10002;Disque de frein;32;250;OMG-MAR
ND-001015;2026-07-08;SKU-10010;Pare-chocs avant;32;290;OMG-LYO
ND-001250;12-07-2026;SKU-10010;Pare-chocs avant;19;290;OMG-LIL
ND-000001;23/12/2025;SKU-10004;Filtre a air;5;1820;OMG-MAR
ND-000647;29-08-2025;SKU-10010;Pare-chocs avant;13;290;OMG-LYO
ND-000235;2025-03-16;SKU-10002;Disque de frein;38;250;OMG-MAR
ND-000433;27-06-2026;SKU-10005;Bougie d'allumage;30;5900;OMG-LYO
ND-001271;12-10-2025;SKU-10005;Bougie d'allumage;37;5900;OMG-MAR
ND-000242;25/12/2025;SKU-10007;Courroie de distribution;26;7140;OMG-LYO
ND-000381;29/05/2025;SKU-10007;Courroie de distribution;32;7140;OMG-LIL
ND-001133;28-05-2026;SKU-10003;Filtre a huile;38;2240;OMG-LIL
ND-000215;09/12/2025;SKU-10005;Bougie d'allumage;6;5900;OMG-LYO
ND-000242;25/12/2025;SKU-10003;Filtre a huile;23;2240;OMG-LYO
ND-000395;2025-02-04;SKU-10004;Filtre a air;;1820;OMG-LIL
ND-000002;23-10-2025;SKU-10006;Amortisseur avant;14;5430;OMG-LYO
ND-001333;24/08/2025;SKU-10004;Filtre a air;1;1820;OMG-LYO
ND-001302;2025-10-02;SKU-10005;Bougie d'allumage;12;5900;OMG-LYO
ND-000220;16-05-2026;SKU-10004;Filtre a air;34;1820;OMG-LIL
ND-000813;08/06/2025;SKU-10001;Plaquette de frein;7;5130;OMG-LYO
ND-001130;12-12-2025;SKU-10002;Disque de frein;11;250;OMG-MAR
ND-000461;26/04/2025;SKU-10001;Plaquette de frein;25;5130;OMG-LIL
ND-000471;20-05-2025;SKU-10004;Filtre a air;10;1820;OMG-LYO
ND-000261;03-02-2025;SKU-10002;Disque de frein;25;250;OMG-LYO
ND-000064;18-04-2026;SKU-10005;Bougie d'allumage;36;5900;OMG-MAR
ND-001051;2026-02-22;SKU-10009;Retroviseur;19;3400;OMG-LYO
ND-000618;27/04/2026;SKU-10008;Batterie 12V;38;740;OMG-MAR
ND-000162;18/01/2025;SKU-10009;Retroviseur;25;3400;OMG-LYO
ND-000247;29-06-2026;SKU-10010;Pare-chocs avant;10;290;OMG-MAR
ND-000747;27-11-2025;SKU-10005;Bougie d'allumage;32;5900;OMG-MAR
ND-000215;09/12/2025;SKU-10005;Bougie d'allumage;11;5900;OMG-LYO
ND-001131;21/01/2026;SKU-10001;Plaquette de frein;34;5130;OMG-LIL
ND-001081;22/04/2025;SKU-10003;Filtre a huile;21;2240;OMG-LIL
ND-000327;22-07-2025;SKU-10006;Amortisseur avant;26;5430;OMG-MAR
ND-000439;2026-05-29;SKU-10004;Filtre a air;21;1820;OMG-LYO
ND-000718;28-07-2026;SKU-10008;Batterie 12V;4;740;OMG-LYO
ND-001163;15/04/2025;SKU-10005;Bougie d'allumage;30;5900;OMG-LIL
ND-000511;2025-02-03;SKU-10002;Disque de frein;8;250;OMG-LIL
ND-000108;2026-06-30;SKU-10004;Filtre a air;;1820;OMG-MAR
ND-000662;10/04/2026;SKU-10007;Courroie de distribution;19;7140;OMG-MAR
ND-001302;02-10-2025;SKU-10004;Filtre a air;13;1820;OMG-LYO
ND-000720;2026-02-04;SKU-10008;Batterie 12V;26;740;OMG-MAR
ND-000909;14/03/2026;SKU-10006;Amortisseur avant;37;5430;OMG-LIL
ND-000669;04/01/2025;SKU-10007;Courroie de distribution;32;7140;OMG-LYO
ND-000720;04/02/2026;SKU-10005;Bougie d'allumage;15;5900;OMG-MAR
ND-001182;2026-01-01;SKU-10005;Bougie d'allumage;24;5900;OMG-LYO
ND-000590;21/10/2025;SKU-10002;Disque de frein;21;250;OMG-MAR
ND-000290;18-05-2026;SKU-10008;Batterie 12V;40;740;OMG-MAR
ND-000840;16/12/2025;SKU-10008;Batterie 12V;29;740;OMG-MAR
ND-000328;2026-06-16;SKU-10003;Filtre a huile;31;2240;OMG-MAR
ND-000048;22-06-2026;SKU-10009;Retroviseur;34;3400;OMG-LIL
ND-000991;07/12/2025;SKU-10007;Courroie de distribution;;7140;OMG-LIL
ND-000907;30-09-2025;SKU-10004;Filtre a air;18;1820;OMG-LYO
ND-000775;08-04-2025;SKU-10007;Courroie de distribution;35;7140;OMG-LIL
ND-001302;02/10/2025;SKU-10005;Bougie d'allumage;26;5900;OMG-LYO
ND-000240;2025-10-17;SKU-10010;Pare-chocs avant;38;290;OMG-LIL
ND-001081;22/04/2025;SKU-10004;Filtre a air;8;1820;OMG-LIL
ND-001097;2025-09-11;SKU-10007;Courroie de distribution;36;7140;OMG-LYO
ND-001132;2025-07-24;SKU-10009;Retroviseur;16;3400;OMG-LYO
ND-001256;07/07/2026;SKU-10008;Batterie 12V;8;740;OMG-LYO
ND-000189;10/05/2025;SKU-10005;Bougie d'allumage;16;5900;OMG-LYO
ND-001028;2025-07-09;SKU-10004;Filtre a air;27;1820;OMG-LIL
ND-000750;10-07-2026;SKU-10009;Retroviseur;31;3400;OMG-MAR
ND-000722;01/02/2025;SKU-10006;Amortisseur avant;3;5430;OMG-LIL
ND-000261;03-02-2025;SKU-10010;Pare-chocs avant;17;290;OMG-LYO
ND-000183;2025-04-22;SKU-10003;Filtre a huile;37;2240;OMG-MAR
ND-001345;15/02/2025;SKU-10010;Pare-chocs avant;5;290;OMG-LYO
ND-000661;07/04/2025;SKU-10008;Batterie 12V;19;740;OMG-MAR
ND-000172;2026-04-15;SKU-10007;Courroie de distribution;30;7140;OMG-MAR
ND-000358;2025-04-05;SKU-10006;Amortisseur avant;21;5430;OMG-LIL
ND-000774;09/04/2026;SKU-10008;Batterie 12V;21;740;OMG-MAR
ND-000922;03/09/2025;SKU-10005;Bougie d'allumage;13;5900;OMG-MAR
ND-000708;01-08-2025;SKU-10003;Filtre a huile;34;2240;OMG-LYO
ND-000748;24-04-2025;SKU-10008;Batterie 12V;31;740;OMG-MAR
ND-000373;20-07-2026;SKU-10005;Bougie d'allumage;31;5900;OMG-MAR
ND-000570;2025-05-27;SKU-10004;Filtre a air;28;1820;OMG-MAR
ND-000360;27/06/2025;SKU-10007;Courroie de distribution;18;7140;OMG-LIL
ND-000753;31-12-2025;SKU-10003;Filtre a huile;4;2240;OMG-LYO
ND-000521;01-12-2025;SKU-10007;Courroie de distribution;29;7140;OMG-LYO
ND-000578;20/09/2025;SKU-10006;Amortisseur avant;23;5430;OMG-LYO
ND-000478;20-12-2025;SKU-10003;Filtre a huile;30;2240;OMG-MAR
ND-001369;2026-03-12;SKU-10006;Amortisseur avant;38;5430;OMG-LYO
ND-000819;27-03-2026;SKU-10007;Courroie de distribution;30;7140;OMG-LYO
ND-001219;23-12-2025;SKU-10005;Bougie d'allumage;10;5900;OMG-MAR
ND-000786;23/07/2025;SKU-10002;Disque de frein;32;250;OMG-LIL
ND-000843;29-11-2025;SKU-10010;Pare-chocs avant;6;290;OMG-LIL
ND-000888;22/11/2025;SKU-10004;Filtre a air;28;1820;OMG-LIL
ND-000001;2025-12-23;SKU-10002;Disque de frein;36;250;OMG-MAR
ND-000187;2025-12-01;SKU-10002;Disque de frein;2;250;OMG-LYO
ND-000819;27/03/2026;SKU-10010;Pare-chocs avant;23;290;OMG-LYO
ND-000358;05/04/2025;SKU-10010;Pare-chocs avant;35;290;OMG-LIL
ND-000427;2025-09-22;SKU-10003;Filtre a huile;7;2240;OMG-LYO
ND-000998;20-10-2025;SKU-10006;Amortisseur avant;15;5430;OMG-MAR
ND-000603;2026-04-09;SKU-10006;Amortisseur avant;30;5430;OMG-LYO
ND-001031;2026-01-30;SKU-10010;Pare-chocs avant;15;290;OMG-LYO
ND-000297;26/04/2026;SKU-10006;Amortisseur avant;4;5430;OMG-MAR
ND-001078;18-10-2025;SKU-10001;Plaquette de frein;22;5130;OMG-LYO
ND-001297;07/03/2025;SKU-10006;Amortisseur avant;12;5430;OMG-MAR
ND-000848;21/01/2026;SKU-10001;Plaquette de frein;4;5130;OMG-LYO
ND-000657;2026-02-03;SKU-10006;Amortisseur avant;36;5430;OMG-LIL
ND-000855;18/07/2026;SKU-10001;Plaquette de frein;16;5130;OMG-LIL
ND-000006;24-10-2025;SKU-10009;Retroviseur;1;3400;OMG-LIL
ND-000339;10/04/2026;SKU-10002;Disque de frein;34;250;OMG-LIL
ND-000794;26/05/2026;SKU-10006;Amortisseur avant;8;5430;OMG-LYO
ND-000818;2025-03-11;SKU-10005;Bougie d'allumage;23;5900;OMG-MAR
ND-000603;09-04-2026;SKU-10007;Courroie de distribution;;7140;OMG-LYO
ND-000454;2026-05-24;SKU-10006;Amortisseur avant;36;5430;OMG-LIL
ND-000809;30-05-2026;SKU-10005;Bougie d'allumage;8;5900;OMG-LIL
ND-000472;24-01-2026;SKU-10005;Bougie d'allumage;23;5900;OMG-MAR
ND-001178;2025-07-13;SKU-10002;Disque de frein;35;250;OMG-LYO
ND-000946;18-11-2025;SKU-10005;Bougie d'allumage;30;5900;OMG-LYO
ND-000722;01/02/2025;SKU-10003;Filtre a huile;13;2240;OMG-LIL
ND-000838;24/03/2025;SKU-10004;Filtre a air;7;1820;OMG-MAR
ND-000559;18-10-2025;SKU-10006;Amortisseur avant;10;5430;OMG-LIL
ND-001279;06-01-2025;SKU-10002;Disque de frein;4;250;OMG-LYO
ND-001340;27-06-2025;SKU-10003;Filtre a huile;18;2240;OMG-LYO
ND-000900;20/04/2025;SKU-10009;Retroviseur;37;3400;OMG-LYO
ND-000221;27/10/2025;SKU-10003;Filtre a huile;;2240;OMG-LIL
ND-001157;2026-03-21;SKU-10007;Courroie de distribution;17;7140;OMG-LIL
ND-000758;29/07/2025;SKU-10010;Pare-chocs avant;3;290;OMG-LYO
ND-000225;21-04-2026;SKU-10003;Filtre a huile;8;2240;OMG-LIL
ND-000774;09/04/2026;SKU-10006;Amortisseur avant;21;5430;OMG-MAR
ND-001152;2026-04-19;SKU-10004;Filtre a air;18;1820;OMG-LIL
ND-000938;2025-11-26;SKU-10004;Filtre a air;33;1820;OMG-LYO
ND-001028;09-07-2025;SKU-10009;Retroviseur;37;3400;OMG-LIL
ND-000267;04-05-2025;SKU-10001;Plaquette de frein;16;5130;OMG-MAR
ND-000603;2026-04-09;SKU-10009;Retroviseur;33;3400;OMG-LYO
ND-000998;20-10-2025;SKU-10002;Disque de frein;8;250;OMG-MAR
ND-001055;2025-10-23;SKU-10009;Retroviseur;5;3400;OMG-LIL
ND-001043;2025-06-03;SKU-10008;Batterie 12V;7;740;OMG-LIL
ND-000935;2025-08-23;SKU-10007;Courroie de distribution;10;7140;OMG-LYO
ND-000608;2026-03-09;SKU-10004;Filtre a air;40;1820;OMG-MAR
ND-001138;12-11-2025;SKU-10001;Plaquette de frein;21;5130;OMG-LIL
ND-000267;04/05/2025;SKU-10004;Filtre a air;13;1820;OMG-MAR
ND-000134;06/04/2025;SKU-10003;Filtre a huile;7;2240;OMG-LIL
ND-000251;13-04-2026;SKU-10002;Disque de frein;32;250;OMG-LYO
ND-000864;2026-07-10;SKU-10001;Plaquette de frein;23;5130;OMG-LYO
ND-000112;31-07-2025;SKU-10002;Disque de frein;15;250;OMG-LYO
ND-000939;2025-12-24;SKU-10005;Bougie d'allumage;2;5900;OMG-LIL
ND-001222;27/05/2026;SKU-10007;Courroie de distribution;2;7140;OMG-LIL
ND-000339;2026-04-10;SKU-10010;Pare-chocs avant;34;290;OMG-LIL
ND-000854;2025-07-27;SKU-10009;Retroviseur;7;3400;OMG-MAR
ND-000036;21-12-2025;SKU-10009;Retroviseur;36;3400;OMG-LYO
ND-001284;30/06/2025;SKU-10003;Filtre a huile;13;2240;OMG-LIL
ND-001309;05-01-2026;SKU-10007;Courroie de distribution;29;7140;OMG-LIL
ND-001204;2026-01-19;SKU-10001;Plaquette de frein;3;5130;OMG-MAR
ND-000728;02-01-2026;SKU-10003;Filtre a huile;17;2240;OMG-LIL
ND-000380;2026-06-15;SKU-10009;Retroviseur;5;3400;OMG-MAR
ND-001279;2025-01-06;SKU-10007;Courroie de distribution;39;7140;OMG-LYO
ND-000900;20/04/2025;SKU-10004;Filtre a air;4;1820;OMG-LYO
ND-001052;2026-01-22;SKU-10001;Plaquette de frein;31;5130;OMG-MAR
ND-000758;29-07-2025;SKU-10010;Pare-chocs avant;31;290;OMG-LYO
ND-001382;20-01-2025;SKU-10010;Pare-chocs avant;17;290;OMG-LYO
ND-001341;2025-10-06;SKU-10005;Bougie d'allumage;9;5900;OMG-LIL
ND-001014;20-01-2026;SKU-10002;Disque de frein;18;250;OMG-MAR
ND-000974;31/01/2026;SKU-10003;Filtre a huile;5;2240;OMG-LIL
ND-001231;2025-08-02;SKU-10003;Filtre a huile;13;2240;OMG-MAR
ND-001051;2026-02-22;SKU-10005;Bougie d'allumage;37;5900;OMG-LYO
ND-000826;10-03-2025;SKU-10010;Pare-chocs avant;35;290;OMG-LIL
ND-001255;17/06/2025;SKU-10004;Filtre a air;34;1820;OMG-LYO
ND-000733;2026-01-31;SKU-10005;Bougie d'allumage;14;5900;OMG-LIL
ND-000498;08-10-2025;SKU-10006;Amortisseur avant;20;5430;OMG-MAR
ND-000282;23-06-2026;SKU-10010;Pare-chocs avant;20;290;OMG-LYO
ND-000476;02-07-2025;SKU-10010;Pare-chocs avant;21;290;OMG-LYO
ND-000784;20-01-2025;SKU-10002;Disque de frein;37;250;OMG-LYO
ND-001067;12-04-2025;SKU-10006;Amortisseur avant;40;5430;OMG-MAR
ND-001369;12/03/2026;SKU-10004;Filtre a air;27;1820;OMG-LYO
ND-000754;26-11-2025;SKU-10010;Pare-chocs avant;33;290;OMG-LIL
ND-000728;02/01/2026;SKU-10008;Batterie 12V;24;740;OMG-LIL
ND-000362;2025-11-05;SKU-10002;Disque de frein;17;250;OMG-LYO
ND-000852;2025-04-09;SKU-10006;Amortisseur avant;39;5430;OMG-LYO
ND-000935;23-08-2025;SKU-10007;Courroie de distribution;12;7140;OMG-LYO
ND-000205;16-03-2026;SKU-10005;Bougie d'allumage;3;5900;OMG-LYO
ND-000043;2025-01-20;SKU-10002;Disque de frein;20;250;OMG-MAR
ND-000261;03/02/2025;SKU-10006;Amortisseur avant;5;5430;OMG-LYO
ND-000443;14-05-2026;SKU-10008;Batterie 12V;33;740;OMG-LYO
ND-001255;2025-06-17;SKU-10005;Bougie d'allumage;;5900;OMG-LYO
ND-000980;2026-04-17;SKU-10002;Disque de frein;4;250;OMG-LIL
ND-001345;15/02/2025;SKU-10008;Batterie 12V;24;740;OMG-LYO
ND-000328;16/06/2026;SKU-10006;Amortisseur avant;3;5430;OMG-MAR
ND-000660;19-06-2026;SKU-10007;Courroie de distribution;33;7140;OMG-MAR
ND-001074;16/07/2025;SKU-10003;Filtre a huile;4;2240;OMG-LIL
ND-001146;2026-01-12;SKU-10002;Disque de frein;17;250;OMG-LIL
ND-000648;15/04/2026;SKU-10006;Amortisseur avant;37;5430;OMG-LIL
ND-000413;2025-08-28;SKU-10010;Pare-chocs avant;17;290;OMG-LIL
ND-001182;01-01-2026;SKU-10006;Amortisseur avant;37;5430;OMG-LYO
ND-000036;21/12/2025;SKU-10010;Pare-chocs avant;21;290;OMG-LYO
ND-000187;01/12/2025;SKU-10002;Disque de frein;;250;OMG-LYO
ND-000664;05-05-2026;SKU-10004;Filtre a air;9;1820;OMG-LIL
ND-001207;2025-07-20;SKU-10005;Bougie d'allumage;22;5900;OMG-MAR
ND-000099;2026-02-18;SKU-10002;Disque de frein;21;250;OMG-LIL
ND-000609;2025-09-07;SKU-10010;Pare-chocs avant;22;290;OMG-MAR
ND-000806;11/01/2025;SKU-10006;Amortisseur avant;14;5430;OMG-LYO
ND-000433;27/06/2026;SKU-10010;Pare-chocs avant;17;290;OMG-LYO
ND-000099;2026-02-18;SKU-10002;Disque de frein;26;250;OMG-LIL
ND-000455;2025-01-07;SKU-10007;Courroie de distribution;7;7140;OMG-MAR
ND-000016;2025-05-10;SKU-10007;Courroie de distribution;1;7140;OMG-LYO
ND-001172;14-01-2026;SKU-10002;Disque de frein;10;250;OMG-LIL
ND-000646;2026-02-07;SKU-10003;Filtre a huile;8;2240;OMG-LIL
ND-001256;07/07/2026;SKU-10010;Pare-chocs avant;13;290;OMG-LYO
ND-000842;07/10/2025;SKU-10010;Pare-chocs avant;31;290;OMG-LYO
ND-000221;2025-10-27;SKU-10010;Pare-chocs avant;5;290;OMG-LIL
ND-001067;2025-04-12;SKU-10001;Plaquette de frein;7;5130;OMG-MAR
ND-001341;2025-10-06;SKU-10006;Amortisseur avant;25;5430;OMG-LIL
ND-001120;26/06/2025;SKU-10008;Batterie 12V;8;740;OMG-MAR
ND-001219;23/12/2025;SKU-10007;Courroie de distribution;8;7140;OMG-MAR
ND-000233;2025-01-19;SKU-10001;Plaquette de frein;22;5130;OMG-LIL
ND-000306;2026-06-05;SKU-10005;Bougie d'allumage;10;5900;OMG-LYO
ND-000275;2026-07-19;SKU-10008;Batterie 12V;23;740;OMG-LIL
ND-000454;24-05-2026;SKU-10004;Filtre a air;38;1820;OMG-LIL
ND-000938;2025-11-26;SKU-10002;Disque de frein;10;250;OMG-LYO
ND-001031;30/01/2026;SKU-10006;Amortisseur avant;7;5430;OMG-LYO
ND-000852;2025-04-09;SKU-10004;Filtre a air;19;1820;OMG-LYO
ND-001363;27-05-2025;SKU-10005;Bougie d'allumage;39;5900;OMG-LYO
ND-000255;2026-05-23;SKU-10002;Disque de frein;22;250;OMG-LIL
ND-001335;03-05-2025;SKU-10002;Disque de frein;39;250;OMG-LYO
ND-000700;2025-09-10;SKU-10009;Retroviseur;35;3400;OMG-LYO
ND-000467;08/02/2025;SKU-10008;Batterie 12V;40;740;OMG-MAR
ND-000433;27-06-2026;SKU-10008;Batterie 12V;15;740;OMG-LYO
ND-001040;24-01-2025;SKU-10003;Filtre a huile;7;2240;OMG-LIL
ND-000754;26/11/2025;SKU-10005;Bougie d'allumage;15;5900;OMG-LIL
ND-000691;20/06/2025;SKU-10005;Bougie d'allumage;10;5900;OMG-LIL
ND-000296;12-12-2025;SKU-10008;Batterie 12V;21;740;OMG-LIL
ND-000542;2026-01-01;SKU-10003;Filtre a huile;17;2240;OMG-LIL
ND-000487;2026-01-07;SKU-10005;Bougie d'allumage;33;5900;OMG-MAR
ND-000748;24/04/2025;SKU-10002;Disque de frein;8;250;OMG-MAR
ND-000235;16/03/2025;SKU-10010;Pare-chocs avant;4;290;OMG-MAR
ND-000360;2025-06-27;SKU-10005;Bougie d'allumage;39;5900;OMG-LIL
ND-000676;25/05/2025;SKU-10008;Batterie 12V;12;740;OMG-LIL
ND-000086;2025-07-26;SKU-10002;Disque de frein;31;250;OMG-LYO
ND-000395;2025-02-04;SKU-10003;Filtre a huile;6;2240;OMG-LIL
ND-001304;2026-02-16;SKU-10002;Disque de frein;;250;OMG-LIL
ND-001189;25-01-2025;SKU-10007;Courroie de distribution;21;7140;OMG-LYO
ND-000806;11/01/2025;SKU-10010;Pare-chocs avant;34;290;OMG-LYO
ND-000418;04/03/2026;SKU-10009;Retroviseur;27;3400;OMG-LIL
ND-000748;24/04/2025;SKU-10010;Pare-chocs avant;28;290;OMG-MAR
ND-000876;07-01-2025;SKU-10003;Filtre a huile;33;2240;OMG-LYO
ND-000415;12-02-2025;SKU-10003;Filtre a huile;3;2240;OMG-LYO
ND-000006;24-10-2025;SKU-10005;Bougie d'allumage;22;5900;OMG-LIL
ND-000220;16-05-2026;SKU-10010;Pare-chocs avant;19;290;OMG-LIL
ND-001122;27/08/2025;SKU-10009;Retroviseur;7;3400;OMG-MAR
ND-001110;2025-02-08;SKU-10010;Pare-chocs avant;11;290;OMG-MAR
ND-001017;27-03-2026;SKU-10001;Plaquette de frein;26;5130;OMG-LIL
ND-000009;07-07-2025;SKU-10002;Disque de frein;32;250;OMG-LYO
ND-000373;2026-07-20;SKU-10004;Filtre a air;8;1820;OMG-MAR
ND-000652;2025-04-17;SKU-10008;Batterie 12V;9;740;OMG-MAR
ND-000935;2025-08-23;SKU-10005;Bougie d'allumage;20;5900;OMG-LYO
ND-000552;2025-09-16;SKU-10009;Retroviseur;40;3400;OMG-LYO
ND-000545;06/04/2026;SKU-10007;Courroie de distribution;24;7140;OMG-MAR
ND-001138;12-11-2025;SKU-10007;Courroie de distribution;2;7140;OMG-LIL
ND-000549;2026-07-19;SKU-10003;Filtre a huile;;2240;OMG-LIL
ND-000351;2025-07-13;SKU-10003;Filtre a huile;7;2240;OMG-LYO
ND-000016;10/05/2025;SKU-10007;Courroie de distribution;17;7140;OMG-LYO
ND-001133;28-05-2026;SKU-10009;Retroviseur;17;3400;OMG-LIL
ND-000343;2025-10-26;SKU-10008;Batterie 12V;29;740;OMG-MAR
ND-000337;26/01/2026;SKU-10008;Batterie 12V;9;740;OMG-MAR
ND-001116;27-05-2026;SKU-10007;Courroie de distribution;12;7140;OMG-LIL
ND-000247;29/06/2026;SKU-10008;Batterie 12V;3;740;OMG-MAR
ND-000242;25/12/2025;SKU-10007;Courroie de distribution;28;7140;OMG-LYO
ND-001296;2025-09-15;SKU-10005;Bougie d'allumage;33;5900;OMG-LYO
ND-000751;24-12-2025;SKU-10001;Plaquette de frein;9;5130;OMG-LIL
ND-000255;2026-05-23;SKU-10002;Disque de frein;22;250;OMG-LIL
ND-001256;07/07/2026;SKU-10009;Retroviseur;4;3400;OMG-LYO
ND-000909;2026-03-14;SKU-10008;Batterie 12V;14;740;OMG-LIL
ND-000242;2025-12-25;SKU-10008;Batterie 12V;2;740;OMG-LYO
ND-001266;21/03/2026;SKU-10007;Courroie de distribution;36;7140;OMG-LIL
ND-000422;17-06-2026;SKU-10001;Plaquette de frein;12;5130;OMG-LYO
ND-000718;28-07-2026;SKU-10008;Batterie 12V;40;740;OMG-LYO
ND-000660;19/06/2026;SKU-10010;Pare-chocs avant;29;290;OMG-MAR
ND-001333;24-08-2025;SKU-10001;Plaquette de frein;40;5130;OMG-LYO
ND-000750;2026-07-10;SKU-10004;Filtre a air;6;1820;OMG-MAR
ND-000975;2025-06-30;SKU-10010;Pare-chocs avant;14;290;OMG-LYO
ND-000747;27/11/2025;SKU-10006;Amortisseur avant;7;5430;OMG-MAR
ND-001200;29/08/2025;SKU-10003;Filtre a huile;8;2240;OMG-LIL
ND-000222;2026-04-02;SKU-10009;Retroviseur;19;3400;OMG-LYO
ND-000418;04-03-2026;SKU-10003;Filtre a huile;8;2240;OMG-LIL
ND-000162;18-01-2025;SKU-10008;Batterie 12V;23;740;OMG-LYO
ND-000199;2026-03-11;SKU-10003;Filtre a huile;;2240;OMG-LIL
ND-000204;02/09/2025;SKU-10007;Courroie de distribution;36;7140;OMG-LYO
ND-001325;2025-05-10;SKU-10006;Amortisseur avant;36;5430;OMG-LYO
ND-000406;15/04/2026;SKU-10008;Batterie 12V;31;740;OMG-MAR
ND-001038;20/07/2025;SKU-10001;Plaquette de frein;24;5130;OMG-MAR
ND-001000;04/02/2026;SKU-10002;Disque de frein;26;250;OMG-LYO
ND-000229;09-07-2026;SKU-10006;Amortisseur avant;18;5430;OMG-MAR
ND-000870;24-07-2026;SKU-10009;Retroviseur;5;3400;OMG-LIL
ND-000631;2026-04-30;SKU-10002;Disque de frein;10;250;OMG-MAR
ND-001255;17/06/2025;SKU-10006;Amortisseur avant;8;5430;OMG-LYO
ND-000909;2026-03-14;SKU-10010;Pare-chocs avant;25;290;OMG-LIL
ND-000919;04-02-2025;SKU-10009;Retroviseur;27;3400;OMG-LIL
ND-000785;10-07-2025;SKU-10003;Filtre a huile;2;2240;OMG-MAR
ND-000427;22/09/2025;SKU-10005;Bougie d'allumage;21;5900;OMG-LYO
ND-000538;2025-05-17;SKU-10001;Plaquette de frein;32;5130;OMG-LYO
ND-001291;27/06/2025;SKU-10010;Pare-chocs avant;35;290;OMG-LIL
ND-000222;02/04/2026;SKU-10001;Plaquette de frein;26;5130;OMG-LYO
ND-000221;2025-10-27;SKU-10006;Amortisseur avant;21;5430;OMG-LIL
ND-001013;18-07-2025;SKU-10005;Bougie d'allumage;15;5900;OMG-LIL
ND-000541;18/07/2025;SKU-10005;Bougie d'allumage;14;5900;OMG-LIL
ND-000162;18/01/2025;SKU-10009;Retroviseur;28;3400;OMG-LYO
ND-001335;03-05-2025;SKU-10002;Disque de frein;8;250;OMG-LYO
ND-000781;30/04/2025;SKU-10010;Pare-chocs avant;21;290;OMG-LYO
ND-000363;27/07/2026;SKU-10003;Filtre a huile;2;2240;OMG-LYO
ND-000860;12-01-2025;SKU-10009;Retroviseur;19;3400;OMG-LYO
ND-001293;29/09/2025;SKU-10006;Amortisseur avant;1;5430;OMG-MAR
ND-000405;2026-04-21;SKU-10010;Pare-chocs avant;40;290;OMG-LYO
ND-001037;03/10/2025;SKU-10005;Bougie d'allumage;32;5900;OMG-LIL
ND-001172;14/01/2026;SKU-10001;Plaquette de frein;36;5130;OMG-LIL
ND-000164;2026-04-10;SKU-10004;Filtre a air;3;1820;OMG-LIL
ND-001118;06/10/2025;SKU-10009;Retroviseur;10;3400;OMG-LIL
ND-000659;23/08/2025;SKU-10005;Bougie d'allumage;7;5900;OMG-LIL
ND-000125;13-10-2025;SKU-10004;Filtre a air;8;1820;OMG-MAR
ND-000404;2025-11-18;SKU-10008;Batterie 12V;18;740;OMG-LIL
ND-000204;02/09/2025;SKU-10009;Retroviseur;32;3400;OMG-LYO
ND-000662;2026-04-10;SKU-10005;Bougie d'allumage;21;5900;OMG-MAR
ND-000268;14/10/2025;SKU-10007;Courroie de distribution;8;7140;OMG-LIL
ND-000939;24/12/2025;SKU-10003;Filtre a huile;19;2240;OMG-LIL
ND-000826;10/03/2025;SKU-10005;Bougie d'allumage;;5900;OMG-LIL
ND-000042;03/01/2026;SKU-10005;Bougie d'allumage;24;5900;OMG-LYO
ND-000751;24/12/2025;SKU-10007;Courroie de distribution;2;7140;OMG-LIL
ND-000334;2025-11-11;SKU-10008;Batterie 12V;39;740;OMG-MAR
ND-001222;27-05-2026;SKU-10002;Disque de frein;16;250;OMG-LIL
ND-000975;2025-06-30;SKU-10002;Disque de frein;20;250;OMG-LYO
ND-000049;03-04-2025;SKU-10004;Filtre a air;14;1820;OMG-LIL
ND-001001;28-05-2026;SKU-10006;Amortisseur avant;28;5430;OMG-MAR
ND-000086;26/07/2025;SKU-10009;Retroviseur;38;3400;OMG-LYO
ND-001330;30/01/2025;SKU-10009;Retroviseur;33;3400;OMG-LYO
ND-000965;20/02/2025;SKU-10010;Pare-chocs avant;8;290;OMG-MAR
ND-000677;22-05-2025;SKU-10005;Bougie d'allumage;27;5900;OMG-MAR
ND-000784;20/01/2025;SKU-10010;Pare-chocs avant;35;290;OMG-LYO
ND-001385;2025-05-24;SKU-10006;Amortisseur avant;39;5430;OMG-MAR
ND-001080;03-03-2025;SKU-10008;Batterie 12V;19;740;OMG-MAR
ND-000629;2025-12-09;SKU-10003;Filtre a huile;;2240;OMG-LIL
ND-001296;2025-09-15;SKU-10007;Courroie de distribution;39;7140;OMG-LYO
ND-001028;09/07/2025;SKU-10007;Courroie de distribution;36;7140;OMG-LIL
ND-000753;31/12/2025;SKU-10008;Batterie 12V;1;740;OMG-LYO
ND-000275;19/07/2026;SKU-10003;Filtre a huile;19;2240;OMG-LIL
ND-000043;20/01/2025;SKU-10010;Pare-chocs avant;16;290;OMG-MAR
ND-000560;2025-12-24;SKU-10010;Pare-chocs avant;1;290;OMG-LYO
ND-000489;2025-03-29;SKU-10005;Bougie d'allumage;27;5900;OMG-LIL
ND-000580;15-08-2025;SKU-10008;Batterie 12V;27;740;OMG-MAR
ND-000172;15/04/2026;SKU-10009;Retroviseur;23;3400;OMG-MAR
ND-001309;05-01-2026;SKU-10005;Bougie d'allumage;10;5900;OMG-LIL
ND-001185;17-04-2026;SKU-10001;Plaquette de frein;26;5130;OMG-LIL
ND-000101;29-08-2025;SKU-10006;Amortisseur avant;11;5430;OMG-LIL
ND-000183;22-04-2025;SKU-10004;Filtre a air;37;1820;OMG-MAR
ND-001099;02/07/2025;SKU-10006;Amortisseur avant;22;5430;OMG-MAR
ND-000233;19/01/2025;SKU-10001;Plaquette de frein;25;5130;OMG-LIL
ND-000825;2025-12-10;SKU-10006;Amortisseur avant;28;5430;OMG-MAR
ND-000094;2026-06-30;SKU-10006;Amortisseur avant;1;5430;OMG-LIL
ND-000808;26-05-2025;SKU-10003;Filtre a huile;30;2240;OMG-LIL
ND-001177;2025-01-18;SKU-10005;Bougie d'allumage;32;5900;OMG-LYO
ND-000488;06/07/2026;SKU-10010;Pare-chocs avant;24;290;OMG-LIL
ND-000234;07/07/2026;SKU-10004;Filtre a air;34;1820;OMG-LYO
ND-001105;19-07-2025;SKU-10005;Bougie d'allumage;26;5900;OMG-MAR
ND-001329;26/04/2025;SKU-10003;Filtre a huile;24;2240;OMG-LYO
ND-000529;25/07/2025;SKU-10010;Pare-chocs avant;6;290;OMG-LIL
ND-000287;05-06-2025;SKU-10004;Filtre a air;23;1820;OMG-MAR
ND-001392;10/04/2025;SKU-10006;Amortisseur avant;18;5430;OMG-LIL
ND-000782;31-10-2025;SKU-10007;Courroie de distribution;21;7140;OMG-MAR
ND-000774;2026-04-09;SKU-10010;Pare-chocs avant;10;290;OMG-MAR
ND-001043;2025-06-03;SKU-10007;Courroie de distribution;28;7140;OMG-LIL
ND-000290;2026-05-18;SKU-10005;Bougie d'allumage;6;5900;OMG-MAR
ND-001158;20/06/2025;SKU-10010;Pare-chocs avant;34;290;OMG-LYO
ND-001101;16/05/2026;SKU-10001;Plaquette de frein;15;5130;OMG-LYO
ND-000595;29-07-2026;SKU-10009;Retroviseur;23;3400;OMG-LYO
ND-000797;11-09-2025;SKU-10005;Bougie d'allumage;2;5900;OMG-MAR
ND-000429;2025-06-05;SKU-10008;Batterie 12V;8;740;OMG-LIL
ND-001177;18-01-2025;SKU-10007;Courroie de distribution;4;7140;OMG-LYO
ND-000392;2026-03-20;SKU-10007;Courroie de distribution;17;7140;OMG-LIL
ND-000750;10/07/2026;SKU-10001;Plaquette de frein;24;5130;OMG-MAR
ND-001074;2025-07-16;SKU-10008;Batterie 12V;21;740;OMG-LIL
ND-001230;2025-09-14;SKU-10010;Pare-chocs avant;15;290;OMG-LIL
ND-001052;2026-01-22;SKU-10002;Disque de frein;15;250;OMG-MAR
ND-000043;2025-01-20;SKU-10004;Filtre a air;5;1820;OMG-MAR
ND-000187;2025-12-01;SKU-10002;Disque de frein;2;250;OMG-LYO
ND-001325;10/05/2025;SKU-10004;Filtre a air;37;1820;OMG-LYO
ND-000210;2025-09-30;SKU-10006;Amortisseur avant;19;5430;OMG-MAR
ND-000229;09/07/2026;SKU-10004;Filtre a air;21;1820;OMG-MAR
ND-000078;18/05/2026;SKU-10002;Disque de frein;19;250;OMG-MAR
ND-000950;16/02/2026;SKU-10006;Amortisseur avant;29;5430;OMG-MAR
ND-000552;16/09/2025;SKU-10006;Amortisseur avant;39;5430;OMG-LYO
ND-000381;2025-05-29;SKU-10001;Plaquette de frein;24;5130;OMG-LIL
ND-001375;30-07-2026;SKU-10009;Retroviseur;9;3400;OMG-LIL
ND-001279;06/01/2025;SKU-10009;Retroviseur;13;3400;OMG-LYO
ND-001246;15-10-2025;SKU-10001;Plaquette de frein;36;5130;OMG-LIL
ND-000746;2025-09-17;SKU-10001;Plaquette de frein;39;5130;OMG-MAR
ND-000820;13-06-2026;SKU-10008;Batterie 12V;19;740;OMG-LIL
ND-000208;24/07/2025;SKU-10008;Batterie 12V;8;740;OMG-LIL
ND-001279;06/01/2025;SKU-10002;Disque de frein;25;250;OMG-LYO
ND-000893;20-02-2026;SKU-10004;Filtre a air;19;1820;OMG-LIL
ND-000603;2026-04-09;SKU-10005;Bougie d'allumage;4;5900;OMG-LYO
ND-000268;14/10/2025;SKU-10006;Amortisseur avant;32;5430;OMG-LIL
ND-000608;09/03/2026;SKU-10008;Batterie 12V;18;740;OMG-MAR
ND-000708;2025-08-01;SKU-10002;Disque de frein;8;250;OMG-LYO
ND-000406;15-04-2026;SKU-10003;Filtre a huile;25;2240;OMG-MAR
ND-000424;06-08-2025;SKU-10003;Filtre a huile;37;2240;OMG-LYO
ND-000049;03-04-2025;SKU-10008;Batterie 12V;18;740;OMG-LIL
ND-001172;2026-01-14;SKU-10010;Pare-chocs avant;33;290;OMG-LIL
ND-001250;12-07-2026;SKU-10003;Filtre a huile;26;2240;OMG-LIL
ND-001349;30/01/2026;SKU-10004;Filtre a air;22;1820;OMG-LYO
ND-000881;20/03/2026;SKU-10002;Disque de frein;8;250;OMG-LIL
ND-000663;24/07/2026;SKU-10004;Filtre a air;35;1820;OMG-LYO
ND-000852;09/04/2025;SKU-10001;Plaquette de frein;21;5130;OMG-LYO
ND-001158;20/06/2025;SKU-10004;Filtre a air;3;1820;OMG-LYO
ND-000691;20/06/2025;SKU-10003;Filtre a huile;39;2240;OMG-LIL
ND-000125;2025-10-13;SKU-10008;Batterie 12V;34;740;OMG-MAR
ND-001037;03/10/2025;SKU-10002;Disque de frein;12;250;OMG-LIL
ND-000297;2026-04-26;SKU-10009;Retroviseur;14;3400;OMG-MAR
ND-000844;20/08/2025;SKU-10004;Filtre a air;4;1820;OMG-MAR
ND-000366;16/04/2025;SKU-10005;Bougie d'allumage;1;5900;OMG-MAR
ND-001230;14/09/2025;SKU-10008;Batterie 12V;36;740;OMG-LIL
ND-000751;24-12-2025;SKU-10004;Filtre a air;15;1820;OMG-LIL
ND-000700;10-09-2025;SKU-10002;Disque de frein;34;250;OMG-LYO
ND-001260;30/08/2025;SKU-10009;Retroviseur;37;3400;OMG-LYO
ND-000518;18-07-2026;SKU-10007;Courroie de distribution;23;7140;OMG-LIL
ND-001012;02-04-2025;SKU-10002;Disque de frein;39;250;OMG-MAR
ND-000513;18-06-2025;SKU-10003;Filtre a huile;35;2240;OMG-MAR
ND-000113;05/09/2025;SKU-10001;Plaquette de frein;19;5130;OMG-LYO
ND-001133;2026-05-28;SKU-10008;Batterie 12V;5;740;OMG-LIL
ND-001038;20-07-2025;SKU-10002;Disque de frein;11;250;OMG-MAR
ND-001369;2026-03-12;SKU-10003;Filtre a huile;11;2240;OMG-LYO
ND-000612;13-06-2026;SKU-10004;Filtre a air;6;1820;OMG-LIL
ND-000907;30-09-2025;SKU-10006;Amortisseur avant;1;5430;OMG-LYO
ND-001052;22-01-2026;SKU-10001;Plaquette de frein;25;5130;OMG-MAR
ND-000296;12/12/2025;SKU-10001;Plaquette de frein;7;5130;OMG-LIL
ND-001131;2026-01-21;SKU-10008;Batterie 12V;3;740;OMG-LIL
ND-000946;2025-11-18;SKU-10010;Pare-chocs avant;21;290;OMG-LYO
ND-000450;29/06/2026;SKU-10006;Amortisseur avant;6;5430;OMG-LIL
ND-000770;01-12-2025;SKU-10001;Plaquette de frein;14;5130;OMG-LIL
ND-000896;27/01/2026;SKU-10010;Pare-chocs avant;26;290;OMG-LYO
ND-000840;16-12-2025;SKU-10009;Retroviseur;13;3400;OMG-MAR
ND-001043;03/06/2025;SKU-10008;Batterie 12V;2;740;OMG-LIL
ND-000064;2026-04-18;SKU-10001;Plaquette de frein;36;5130;OMG-MAR
ND-000414;19/01/2026;SKU-10004;Filtre a air;36;1820;OMG-MAR
ND-000900;2025-04-20;SKU-10008;Batterie 12V;17;740;OMG-LYO
ND-000052;24/08/2025;SKU-10002;Disque de frein;36;250;OMG-MAR
ND-001211;2025-01-04;SKU-10001;Plaquette de frein;31;5130;OMG-MAR
ND-000187;2025-12-01;SKU-10009;Retroviseur;27;3400;OMG-LYO
ND-001012;2025-04-02;SKU-10008;Batterie 12V;15;740;OMG-MAR
ND-001264;14-01-2025;SKU-10001;Plaquette de frein;34;5130;OMG-LIL
ND-000216;2026-05-01;SKU-10007;Courroie de distribution;6;7140;OMG-LIL
ND-001314;2025-01-31;SKU-10002;Disque de frein;16;250;OMG-LYO
ND-000215;09/12/2025;SKU-10006;Amortisseur avant;17;5430;OMG-LYO
ND-000764;01/09/2025;SKU-10005;Bougie d'allumage;37;5900;OMG-LIL
ND-000488;06-07-2026;SKU-10002;Disque de frein;26;250;OMG-LIL
ND-001325;10/05/2025;SKU-10009;Retroviseur;14;3400;OMG-LYO
ND-001196;15-12-2025;SKU-10007;Courroie de distribution;4;7140;OMG-LYO
ND-001291;27-06-2025;SKU-10007;Courroie de distribution;26;7140;OMG-LIL
ND-000699;01/04/2026;SKU-10008;Batterie 12V;28;740;OMG-LYO
ND-000825;10-12-2025;SKU-10001;Plaquette de frein;36;5130;OMG-MAR
ND-001131;2026-01-21;SKU-10006;Amortisseur avant;35;5430;OMG-LIL
ND-000838;24-03-2025;SKU-10006;Amortisseur avant;15;5430;OMG-MAR
ND-000654;11/02/2026;SKU-10007;Courroie de distribution;20;7140;OMG-MAR
ND-000826;10-03-2025;SKU-10010;Pare-chocs avant;33;290;OMG-LIL
ND-001309;2026-01-05;SKU-10006;Amortisseur avant;;5430;OMG-LIL
ND-000982;10/07/2025;SKU-10005;Bougie d'allumage;;5900;OMG-LIL
ND-001289;11-01-2025;SKU-10008;Batterie 12V;38;740;OMG-LYO
ND-000489;29-03-2025;SKU-10009;Retroviseur;;3400;OMG-LIL
ND-001164;13/05/2026;SKU-10002;Disque de frein;25;250;OMG-LYO
ND-000608;09-03-2026;SKU-10006;Amortisseur avant;17;5430;OMG-MAR
ND-000181;04/12/2025;SKU-10004;Filtre a air;14;1820;OMG-LIL
ND-001280;04-06-2026;SKU-10001;Plaquette de frein;40;5130;OMG-LYO
ND-000183;2025-04-22;SKU-10007;Courroie de distribution;35;7140;OMG-MAR
ND-001108;10-01-2025;SKU-10006;Amortisseur avant;14;5430;OMG-LIL
ND-001343;2026-02-17;SKU-10006;Amortisseur avant;21;5430;OMG-LIL
ND-000946;2025-11-18;SKU-10002;Disque de frein;15;250;OMG-LYO
ND-001262;03/05/2025;SKU-10006;Amortisseur avant;27;5430;OMG-MAR
ND-001120;2025-06-26;SKU-10009;Retroviseur;26;3400;OMG-MAR
ND-000261;03/02/2025;SKU-10004;Filtre a air;10;1820;OMG-LYO
ND-000036;2025-12-21;SKU-10008;Batterie 12V;40;740;OMG-LYO
ND-000275;19/07/2026;SKU-10003;Filtre a huile;36;2240;OMG-LIL
ND-000388;13/10/2025;SKU-10004;Filtre a air;17;1820;OMG-LIL
ND-001007;22/06/2025;SKU-10010;Pare-chocs avant;10;290;OMG-MAR
ND-001222;2026-05-27;SKU-10002;Disque de frein;37;250;OMG-LIL
ND-000498;08-10-2025;SKU-10006;Amortisseur avant;1;5430;OMG-MAR
ND-001187;08/04/2025;SKU-10005;Bougie d'allumage;22;5900;OMG-LIL
ND-001345;2025-02-15;SKU-10006;Amortisseur avant;26;5430;OMG-LYO
ND-000162;18/01/2025;SKU-10004;Filtre a air;16;1820;OMG-LYO
ND-000457;25/06/2026;SKU-10007;Courroie de distribution;21;7140;OMG-LYO
ND-001172;14-01-2026;SKU-10008;Batterie 12V;18;740;OMG-LIL
ND-001169;2025-02-09;SKU-10006;Amortisseur avant;4;5430;OMG-LIL
ND-000392;2026-03-20;SKU-10008;Batterie 12V;36;740;OMG-LIL
ND-000163;2025-05-27;SKU-10001;Plaquette de frein;27;5130;OMG-LIL
ND-001197;24-07-2026;SKU-10004;Filtre a air;35;1820;OMG-MAR
ND-000699;01/04/2026;SKU-10008;Batterie 12V;28;740;OMG-LYO
ND-001291;27/06/2025;SKU-10010;Pare-chocs avant;35;290;OMG-LIL
ND-000992;2025-04-04;SKU-10004;Filtre a air;6;1820;OMG-LYO
ND-000328;2026-06-16;SKU-10010;Pare-chocs avant;37;290;OMG-MAR
ND-000870;24-07-2026;SKU-10006;Amortisseur avant;36;5430;OMG-LIL
ND-001359;09-02-2025;SKU-10002;Disque de frein;27;250;OMG-LIL
ND-000033;11-08-2025;SKU-10008;Batterie 12V;29;740;OMG-LIL
ND-000775;2025-04-08;SKU-10002;Disque de frein;3;250;OMG-LIL
ND-001304;2026-02-16;SKU-10002;Disque de frein;15;250;OMG-LIL
ND-000870;24/07/2026;SKU-10006;Amortisseur avant;;5430;OMG-LIL
ND-000284;15-01-2025;SKU-10004;Filtre a air;2;1820;OMG-LIL
ND-000187;2025-12-01;SKU-10009;Retroviseur;6;3400;OMG-LYO
ND-001266;21-03-2026;SKU-10004;Filtre a air;34;1820;OMG-LIL
ND-000975;30-06-2025;SKU-10009;Retroviseur;31;3400;OMG-LYO
ND-000840;16/12/2025;SKU-10005;Bougie d'allumage;15;5900;OMG-MAR
ND-001345;15/02/2025;SKU-10007;Courroie de distribution;20;7140;OMG-LYO
ND-000429;05/06/2025;SKU-10005;Bougie d'allumage;10;5900;OMG-LIL
ND-000476;2025-07-02;SKU-10002;Disque de frein;21;250;OMG-LYO
ND-000043;2025-01-20;SKU-10010;Pare-chocs avant;8;290;OMG-MAR
ND-000497;23-02-2026;SKU-10009;Retroviseur;26;3400;OMG-LYO
ND-001170;2025-08-17;SKU-10002;Disque de frein;23;250;OMG-MAR
ND-000443;14-05-2026;SKU-10010;Pare-chocs avant;28;290;OMG-LYO
ND-001376;25-02-2026;SKU-10007;Courroie de distribution;30;7140;OMG-MAR
ND-001298;26/05/2026;SKU-10008;Batterie 12V;18;740;OMG-MAR
ND-001297;07/03/2025;SKU-10008;Batterie 12V;3;740;OMG-MAR
ND-001241;2025-05-28;SKU-10008;Batterie 12V;35;740;OMG-MAR
ND-000306;05-06-2026;SKU-10001;Plaquette de frein;19;5130;OMG-LYO
ND-000038;16-06-2025;SKU-10001;Plaquette de frein;14;5130;OMG-MAR
ND-001159;18-07-2025;SKU-10005;Bougie d'allumage;12;5900;OMG-MAR
ND-000026;13-06-2025;SKU-10006;Amortisseur avant;36;5430;OMG-LIL
ND-000509;21/04/2025;SKU-10003;Filtre a huile;14;2240;OMG-MAR
ND-001097;2025-09-11;SKU-10001;Plaquette de frein;28;5130;OMG-LYO
ND-001055;2025-10-23;SKU-10004;Filtre a air;12;1820;OMG-LIL
ND-000306;05/06/2026;SKU-10003;Filtre a huile;19;2240;OMG-LYO
ND-000438;2025-05-17;SKU-10007;Courroie de distribution;21;7140;OMG-LIL
ND-001279;06-01-2025;SKU-10007;Courroie de distribution;25;7140;OMG-LYO
ND-000366;16-04-2025;SKU-10009;Retroviseur;1;3400;OMG-MAR
ND-001172;2026-01-14;SKU-10007;Courroie de distribution;22;7140;OMG-LIL
ND-000932;2025-07-10;SKU-10008;Batterie 12V;11;740;OMG-MAR
ND-000409;22/02/2026;SKU-10009;Retroviseur;25;3400;OMG-MAR
ND-000739;05/05/2026;SKU-10008;Batterie 12V;6;740;OMG-MAR
ND-000818;2025-03-11;SKU-10009;Retroviseur;12;3400;OMG-MAR
ND-000860;12-01-2025;SKU-10002;Disque de frein;16;250;OMG-LYO
ND-001099;02-07-2025;SKU-10006;Amortisseur avant;5;5430;OMG-MAR
ND-000370;2026-01-19;SKU-10006;Amortisseur avant;30;5430;OMG-LYO
ND-000373;20/07/2026;SKU-10009;Retroviseur;8;3400;OMG-MAR
ND-000109;20/03/2025;SKU-10007;Courroie de distribution;10;7140;OMG-LIL
ND-000775;08/04/2025;SKU-10003;Filtre a huile;39;2240;OMG-LIL
ND-000489;29/03/2025;SKU-10009;Retroviseur;2;3400;OMG-LIL
ND-000358;2025-04-05;SKU-10003;Filtre a huile;19;2240;OMG-LIL
ND-000172;15-04-2026;SKU-10004;Filtre a air;36;1820;OMG-MAR
ND-000706;05-05-2026;SKU-10006;Amortisseur avant;;5430;OMG-LYO
ND-001116;2026-05-27;SKU-10006;Amortisseur avant;23;5430;OMG-LIL
ND-001170;17/08/2025;SKU-10009;Retroviseur;31;3400;OMG-MAR
ND-001170;17/08/2025;SKU-10005;Bougie d'allumage;33;5900;OMG-MAR
ND-001335;03-05-2025;SKU-10007;Courroie de distribution;30;7140;OMG-LYO
ND-000580;15/08/2025;SKU-10008;Batterie 12V;7;740;OMG-MAR
ND-000971;26-02-2026;SKU-10010;Pare-chocs avant;28;290;OMG-LYO
ND-001215;16-07-2025;SKU-10001;Plaquette de frein;5;5130;OMG-MAR
ND-000647;2025-08-29;SKU-10009;Retroviseur;30;3400;OMG-LYO
ND-000896;27-01-2026;SKU-10009;Retroviseur;39;3400;OMG-LYO
ND-001007;22-06-2025;SKU-10006;Amortisseur avant;34;5430;OMG-MAR
ND-000112;31-07-2025;SKU-10008;Batterie 12V;23;740;OMG-LYO
ND-000351;13/07/2025;SKU-10002;Disque de frein;6;250;OMG-LYO
ND-001302;2025-10-02;SKU-10004;Filtre a air;9;1820;OMG-LYO
ND-001204;19/01/2026;SKU-10007;Courroie de distribution;21;7140;OMG-MAR
ND-000635;2025-06-20;SKU-10010;Pare-chocs avant;11;290;OMG-LYO
ND-000328;16/06/2026;SKU-10003;Filtre a huile;29;2240;OMG-MAR
ND-000699;01/04/2026;SKU-10008;Batterie 12V;;740;OMG-LYO
ND-000078;2026-05-18;SKU-10006;Amortisseur avant;27;5430;OMG-MAR
ND-001349;30/01/2026;SKU-10001;Plaquette de frein;30;5130;OMG-LYO
ND-001105;19-07-2025;SKU-10008;Batterie 12V;2;740;OMG-MAR
ND-000824;04/06/2025;SKU-10010;Pare-chocs avant;30;290;OMG-MAR
ND-001031;30-01-2026;SKU-10006;Amortisseur avant;36;5430;OMG-LYO
ND-000851;21-02-2026;SKU-10004;Filtre a air;4;1820;OMG-LIL
ND-001221;17-05-2026;SKU-10009;Retroviseur;33;3400;OMG-LYO
ND-000508;08/01/2026;SKU-10003;Filtre a huile;29;2240;OMG-LYO
ND-000663;24/07/2026;SKU-10001;Plaquette de frein;16;5130;OMG-LYO
ND-000042;03/01/2026;SKU-10010;Pare-chocs avant;8;290;OMG-LYO
ND-000256;2026-03-21;SKU-10005;Bougie d'allumage;39;5900;OMG-LIL
ND-001338;2026-06-15;SKU-10005;Bougie d'allumage;25;5900;OMG-MAR
ND-001280;04/06/2026;SKU-10007;Courroie de distribution;34;7140;OMG-LYO
ND-000580;2025-08-15;SKU-10002;Disque de frein;13;250;OMG-MAR
ND-001122;2025-08-27;SKU-10001;Plaquette de frein;2;5130;OMG-MAR
ND-000659;23-08-2025;SKU-10002;Disque de frein;35;250;OMG-LIL
ND-000942;17-07-2026;SKU-10007;Courroie de distribution;33;7140;OMG-MAR
ND-000689;11/03/2025;SKU-10003;Filtre a huile;21;2240;OMG-LYO
ND-000427;2025-09-22;SKU-10009;Retroviseur;9;3400;OMG-LYO
ND-000542;01-01-2026;SKU-10009;Retroviseur;5;3400;OMG-LIL
ND-000085;2025-04-23;SKU-10002;Disque de frein;2;250;OMG-LIL
ND-000316;20-02-2025;SKU-10007;Courroie de distribution;7;7140;OMG-MAR
ND-001197;24/07/2026;SKU-10008;Batterie 12V;38;740;OMG-MAR
ND-000840;16/12/2025;SKU-10004;Filtre a air;17;1820;OMG-MAR
ND-000422;2026-06-17;SKU-10010;Pare-chocs avant;40;290;OMG-LYO
ND-000413;28/08/2025;SKU-10002;Disque de frein;9;250;OMG-LIL
ND-000661;07-04-2025;SKU-10004;Filtre a air;40;1820;OMG-MAR
ND-000443;14/05/2026;SKU-10010;Pare-chocs avant;12;290;OMG-LYO
ND-000112;31-07-2025;SKU-10003;Filtre a huile;28;2240;OMG-LYO
ND-001336;25/04/2026;SKU-10003;Filtre a huile;22;2240;OMG-LYO
ND-001122;2025-08-27;SKU-10005;Bougie d'allumage;14;5900;OMG-MAR
ND-001110;2025-02-08;SKU-10001;Plaquette de frein;20;5130;OMG-MAR
ND-001262;03-05-2025;SKU-10010;Pare-chocs avant;33;290;OMG-MAR
ND-000199;11/03/2026;SKU-10007;Courroie de distribution;;7140;OMG-LIL
ND-000220;16-05-2026;SKU-10010;Pare-chocs avant;33;290;OMG-LIL
ND-001228;15/05/2026;SKU-10002;Disque de frein;17;250;OMG-LIL
ND-000813;08-06-2025;SKU-10003;Filtre a huile;33;2240;OMG-LYO
ND-000825;2025-12-10;SKU-10006;Amortisseur avant;30;5430;OMG-MAR
ND-000722;2025-02-01;SKU-10002;Disque de frein;27;250;OMG-LIL
ND-000567;05/02/2025;SKU-10010;Pare-chocs avant;17;290;OMG-LIL
ND-000418;04/03/2026;SKU-10009;Retroviseur;14;3400;OMG-LIL
ND-001230;14-09-2025;SKU-10006;Amortisseur avant;23;5430;OMG-LIL
ND-001126;10-07-2025;SKU-10008;Batterie 12V;25;740;OMG-LYO
ND-000769;30-07-2026;SKU-10008;Batterie 12V;10;740;OMG-MAR
ND-000578;2025-09-20;SKU-10004;Filtre a air;8;1820;OMG-LYO
ND-000188;11-03-2026;SKU-10010;Pare-chocs avant;34;290;OMG-MAR
ND-001204;2026-01-19;SKU-10006;Amortisseur avant;13;5430;OMG-MAR
ND-001266;21-03-2026;SKU-10003;Filtre a huile;40;2240;OMG-LIL
ND-000881;20-03-2026;SKU-10008;Batterie 12V;19;740;OMG-LIL
ND-001132;24/07/2025;SKU-10008;Batterie 12V;26;740;OMG-LYO
ND-000002;2025-10-23;SKU-10003;Filtre a huile;24;2240;OMG-LYO
ND-000976;30-05-2026;SKU-10004;Filtre a air;17;1820;OMG-MAR
ND-000739;2026-05-05;SKU-10004;Filtre a air;28;1820;OMG-MAR
ND-001284;2025-06-30;SKU-10006;Amortisseur avant;23;5430;OMG-LIL
ND-000420;30/06/2025;SKU-10001;Plaquette de frein;30;5130;OMG-MAR
ND-000819;2026-03-27;SKU-10010;Pare-chocs avant;8;290;OMG-LYO
ND-001078;2025-10-18;SKU-10010;Pare-chocs avant;5;290;OMG-LYO
ND-000758;29-07-2025;SKU-10005;Bougie d'allumage;1;5900;OMG-LYO
ND-001234;2025-06-14;SKU-10005;Bougie d'allumage;34;5900;OMG-LYO
ND-000728;2026-01-02;SKU-10002;Disque de frein;7;250;OMG-LIL
ND-000951;2026-03-09;SKU-10003;Filtre a huile;25;2240;OMG-LIL
ND-000439;2026-05-29;SKU-10005;Bougie d'allumage;37;5900;OMG-LYO
ND-001185;17/04/2026;SKU-10008;Batterie 12V;29;740;OMG-LIL
ND-000322;06-06-2026;SKU-10009;Retroviseur;30;3400;OMG-LYO
ND-000256;2026-03-21;SKU-10006;Amortisseur avant;1;5430;OMG-LIL
ND-000758;29/07/2025;SKU-10006;Amortisseur avant;6;5430;OMG-LYO
ND-000328;16/06/2026;SKU-10003;Filtre a huile;12;2240;OMG-MAR
ND-000056;01/05/2026;SKU-10007;Courroie de distribution;8;7140;OMG-LIL
ND-000152;2025-08-13;SKU-10005;Bougie d'allumage;37;5900;OMG-MAR
ND-001345;15/02/2025;SKU-10007;Courroie de distribution;20;7140;OMG-LYO
ND-000487;07/01/2026;SKU-10006;Amortisseur avant;23;5430;OMG-MAR
ND-000339;2026-04-10;SKU-10001;Plaquette de frein;1;5130;OMG-LIL
ND-000183;22-04-2025;SKU-10002;Disque de frein;20;250;OMG-MAR
ND-000806;11/01/2025;SKU-10007;Courroie de distribution;13;7140;OMG-LYO
ND-000669;04-01-2025;SKU-10007;Courroie de distribution;24;7140;OMG-LYO
ND-000888;22-11-2025;SKU-10008;Batterie 12V;21;740;OMG-LIL
ND-001382;20/01/2025;SKU-10005;Bougie d'allumage;25;5900;OMG-LYO
ND-000630;20-03-2025;SKU-10006;Amortisseur avant;14;5430;OMG-LIL
ND-000664;05/05/2026;SKU-10001;Plaquette de frein;10;5130;OMG-LIL
ND-000101;29/08/2025;SKU-10002;Disque de frein;33;250;OMG-LIL
ND-000033;11/08/2025;SKU-10010;Pare-chocs avant;21;290;OMG-LIL
ND-001224;26/03/2025;SKU-10005;Bougie d'allumage;18;5900;OMG-LYO
ND-000091;2026-07-28;SKU-10009;Retroviseur;4;3400;OMG-MAR
ND-000287;05/06/2025;SKU-10004;Filtre a air;31;1820;OMG-MAR
ND-001359;09/02/2025;SKU-10001;Plaquette de frein;11;5130;OMG-LIL
ND-000976;30/05/2026;SKU-10006;Amortisseur avant;10;5430;OMG-MAR
ND-000739;05/05/2026;SKU-10003;Filtre a huile;29;2240;OMG-MAR
ND-000782;31-10-2025;SKU-10009;Retroviseur;11;3400;OMG-MAR
ND-000844;20/08/2025;SKU-10010;Pare-chocs avant;35;290;OMG-MAR
ND-000648;15/04/2026;SKU-10008;Batterie 12V;30;740;OMG-LIL
ND-000424;06-08-2025;SKU-10007;Courroie de distribution;35;7140;OMG-LYO
ND-000753;31-12-2025;SKU-10007;Courroie de distribution;22;7140;OMG-LYO
ND-001052;22-01-2026;SKU-10003;Filtre a huile;6;2240;OMG-MAR
ND-000664;05-05-2026;SKU-10002;Disque de frein;13;250;OMG-LIL
ND-000722;01/02/2025;SKU-10008;Batterie 12V;18;740;OMG-LIL
ND-001185;2026-04-17;SKU-10006;Amortisseur avant;11;5430;OMG-LIL
ND-000108;30-06-2026;SKU-10002;Disque de frein;28;250;OMG-MAR
ND-000992;04/04/2025;SKU-10009;Retroviseur;24;3400;OMG-LYO
ND-000274;22/01/2026;SKU-10007;Courroie de distribution;26;7140;OMG-MAR
ND-000392;20/03/2026;SKU-10003;Filtre a huile;9;2240;OMG-LIL
ND-000173;31-12-2025;SKU-10001;Plaquette de frein;37;5130;OMG-MAR
ND-000296;12-12-2025;SKU-10002;Disque de frein;32;250;OMG-LIL
ND-000917;04/08/2025;SKU-10006;Amortisseur avant;21;5430;OMG-MAR
ND-001159;18-07-2025;SKU-10004;Filtre a air;;1820;OMG-MAR
ND-001256;07/07/2026;SKU-10004;Filtre a air;38;1820;OMG-LYO
ND-000251;13-04-2026;SKU-10006;Amortisseur avant;21;5430;OMG-LYO
ND-000360;27-06-2025;SKU-10008;Batterie 12V;24;740;OMG-LIL
ND-000545;06-04-2026;SKU-10004;Filtre a air;6;1820;OMG-MAR
ND-000247;29-06-2026;SKU-10010;Pare-chocs avant;13;290;OMG-MAR
ND-001224;2025-03-26;SKU-10007;Courroie de distribution;39;7140;OMG-LYO
ND-001177;18/01/2025;SKU-10006;Amortisseur avant;33;5430;OMG-LYO
ND-001066;09-11-2025;SKU-10006;Amortisseur avant;30;5430;OMG-MAR
ND-001081;2025-04-22;SKU-10002;Disque de frein;13;250;OMG-LIL
ND-001165;12/08/2025;SKU-10009;Retroviseur;26;3400;OMG-LYO
ND-000476;02-07-2025;SKU-10007;Courroie de distribution;13;7140;OMG-LYO
ND-000991;07/12/2025;SKU-10002;Disque de frein;6;250;OMG-LIL
ND-000296;12-12-2025;SKU-10002;Disque de frein;32;250;OMG-LIL
ND-001341;2025-10-06;SKU-10004;Filtre a air;2;1820;OMG-LIL
ND-001026;2025-03-22;SKU-10004;Filtre a air;29;1820;OMG-LIL
ND-000725;29/06/2026;SKU-10002;Disque de frein;33;250;OMG-LIL
ND-001259;19-06-2026;SKU-10008;Batterie 12V;17;740;OMG-LYO
ND-000109;20/03/2025;SKU-10003;Filtre a huile;12;2240;OMG-LIL
ND-000487;07/01/2026;SKU-10007;Courroie de distribution;18;7140;OMG-MAR
ND-000334;11/11/2025;SKU-10008;Batterie 12V;31;740;OMG-MAR
ND-000388;2025-10-13;SKU-10005;Bougie d'allumage;6;5900;OMG-LIL
ND-001301;07-06-2026;SKU-10009;Retroviseur;;3400;OMG-LYO
ND-001074;16/07/2025;SKU-10009;Retroviseur;2;3400;OMG-LIL
ND-000042;03-01-2026;SKU-10004;Filtre a air;30;1820;OMG-LYO
ND-000580;2025-08-15;SKU-10003;Filtre a huile;24;2240;OMG-MAR
ND-000842;2025-10-07;SKU-10006;Amortisseur avant;12;5430;OMG-LYO
ND-000608;09/03/2026;SKU-10009;Retroviseur;21;3400;OMG-MAR
ND-001165;12/08/2025;SKU-10007;Courroie de distribution;36;7140;OMG-LYO
ND-000488;06/07/2026;SKU-10002;Disque de frein;13;250;OMG-LIL
ND-000647;29/08/2025;SKU-10010;Pare-chocs avant;20;290;OMG-LYO
ND-001138;12-11-2025;SKU-10007;Courroie de distribution;2;7140;OMG-LIL
ND-001333;24-08-2025;SKU-10009;Retroviseur;13;3400;OMG-LYO
ND-000629;09/12/2025;SKU-10001;Plaquette de frein;13;5130;OMG-LIL
ND-000567;2025-02-05;SKU-10006;Amortisseur avant;38;5430;OMG-LIL
ND-000529;25/07/2025;SKU-10007;Courroie de distribution;15;7140;OMG-LIL
ND-001280;04/06/2026;SKU-10001;Plaquette de frein;5;5130;OMG-LYO
ND-001189;25/01/2025;SKU-10008;Batterie 12V;30;740;OMG-LYO
ND-001215;16/07/2025;SKU-10004;Filtre a air;16;1820;OMG-MAR
ND-000199;2026-03-11;SKU-10004;Filtre a air;26;1820;OMG-LIL
ND-001298;2026-05-26;SKU-10008;Batterie 12V;32;740;OMG-MAR
ND-000282;23-06-2026;SKU-10003;Filtre a huile;7;2240;OMG-LYO
ND-000669;2025-01-04;SKU-10005;Bougie d'allumage;38;5900;OMG-LYO
ND-000199;11-03-2026;SKU-10001;Plaquette de frein;40;5130;OMG-LIL
ND-000560;24/12/2025;SKU-10010;Pare-chocs avant;29;290;OMG-LYO
ND-001392;2025-04-10;SKU-10001;Plaquette de frein;3;5130;OMG-LIL
ND-000478;2025-12-20;SKU-10004;Filtre a air;23;1820;OMG-MAR
ND-000657;2026-02-03;SKU-10004;Filtre a air;35;1820;OMG-LIL
ND-000578;20-09-2025;SKU-10008;Batterie 12V;17;740;OMG-LYO
ND-000727;2025-03-27;SKU-10004;Filtre a air;21;1820;OMG-LIL
ND-000662;10/04/2026;SKU-10006;Amortisseur avant;9;5430;OMG-MAR
ND-000542;01-01-2026;SKU-10007;Courroie de distribution;7;7140;OMG-LIL
ND-000609;07-09-2025;SKU-10001;Plaquette de frein;9;5130;OMG-MAR
ND-000844;20-08-2025;SKU-10004;Filtre a air;19;1820;OMG-MAR
ND-000644;2026-03-19;SKU-10002;Disque de frein;11;250;OMG-LIL
ND-001309;05/01/2026;SKU-10001;Plaquette de frein;40;5130;OMG-LIL
ND-000820;13-06-2026;SKU-10010;Pare-chocs avant;36;290;OMG-LIL
ND-001228;15/05/2026;SKU-10006;Amortisseur avant;16;5430;OMG-LIL
ND-000733;31-01-2026;SKU-10003;Filtre a huile;37;2240;OMG-LIL
ND-001159;18-07-2025;SKU-10003;Filtre a huile;28;2240;OMG-MAR
ND-001138;12/11/2025;SKU-10007;Courroie de distribution;29;7140;OMG-LIL
ND-001068;05-10-2025;SKU-10004;Filtre a air;20;1820;OMG-LIL
ND-000652;17/04/2025;SKU-10009;Retroviseur;16;3400;OMG-MAR
ND-001230;14/09/2025;SKU-10001;Plaquette de frein;28;5130;OMG-LIL
ND-000699;01/04/2026;SKU-10002;Disque de frein;38;250;OMG-LYO
ND-000210;2025-09-30;SKU-10005;Bougie d'allumage;37;5900;OMG-MAR
ND-000509;21/04/2025;SKU-10007;Courroie de distribution;8;7140;OMG-MAR
ND-000662;2026-04-10;SKU-10001;Plaquette de frein;34;5130;OMG-MAR
ND-001271;2025-10-12;SKU-10002;Disque de frein;19;250;OMG-MAR
ND-000450;29/06/2026;SKU-10009;Retroviseur;3;3400;OMG-LIL
ND-000844;2025-08-20;SKU-10006;Amortisseur avant;2;5430;OMG-MAR
ND-001385;2025-05-24;SKU-10002;Disque de frein;26;250;OMG-MAR
ND-000366;16-04-2025;SKU-10007;Courroie de distribution;19;7140;OMG-MAR
ND-001078;2025-10-18;SKU-10003;Filtre a huile;38;2240;OMG-LYO
ND-000370;2026-01-19;SKU-10005;Bougie d'allumage;32;5900;OMG-LYO
ND-001266;21/03/2026;SKU-10007;Courroie de distribution;36;7140;OMG-LIL
ND-000754;2025-11-26;SKU-10009;Retroviseur;17;3400;OMG-LIL
ND-000781;2025-04-30;SKU-10006;Amortisseur avant;11;5430;OMG-LYO
ND-000405;21/04/2026;SKU-10002;Disque de frein;31;250;OMG-LYO
ND-000016;10-05-2025;SKU-10001;Plaquette de frein;11;5130;OMG-LYO
ND-000971;2026-02-26;SKU-10002;Disque de frein;29;250;OMG-LYO
ND-001200;2025-08-29;SKU-10001;Plaquette de frein;16;5130;OMG-LIL
ND-000784;20/01/2025;SKU-10003;Filtre a huile;2;2240;OMG-LYO
ND-000112;31-07-2025;SKU-10001;Plaquette de frein;27;5130;OMG-LYO
ND-000443;14/05/2026;SKU-10007;Courroie de distribution;36;7140;OMG-LYO
ND-000669;04/01/2025;SKU-10007;Courroie de distribution;32;7140;OMG-LYO
ND-000487;2026-01-07;SKU-10004;Filtre a air;15;1820;OMG-MAR
ND-000804;07/01/2026;SKU-10006;Amortisseur avant;31;5430;OMG-MAR
ND-001158;20/06/2025;SKU-10001;Plaquette de frein;15;5130;OMG-LYO
ND-000323;2026-03-27;SKU-10004;Filtre a air;7;1820;OMG-MAR
ND-000764;01-09-2025;SKU-10003;Filtre a huile;5;2240;OMG-LIL
ND-001157;2026-03-21;SKU-10001;Plaquette de frein;32;5130;OMG-LIL
ND-001264;14-01-2025;SKU-10004;Filtre a air;24;1820;OMG-LIL
ND-000267;2025-05-04;SKU-10007;Courroie de distribution;9;7140;OMG-MAR
ND-000210;2025-09-30;SKU-10005;Bougie d'allumage;33;5900;OMG-MAR
ND-000900;20/04/2025;SKU-10007;Courroie de distribution;20;7140;OMG-LYO
ND-000971;2026-02-26;SKU-10008;Batterie 12V;20;740;OMG-LYO
ND-000414;19-01-2026;SKU-10010;Pare-chocs avant;1;290;OMG-MAR
ND-001234;14/06/2025;SKU-10002;Disque de frein;28;250;OMG-LYO
ND-001382;20/01/2025;SKU-10003;Filtre a huile;4;2240;OMG-LYO
ND-001152;19-04-2026;SKU-10002;Disque de frein;1;250;OMG-LIL
ND-001309;2026-01-05;SKU-10002;Disque de frein;16;250;OMG-LIL
ND-000809;30/05/2026;SKU-10009;Retroviseur;;3400;OMG-LIL
ND-001189;2025-01-25;SKU-10007;Courroie de distribution;12;7140;OMG-LYO
ND-000091;2026-07-28;SKU-10010;Pare-chocs avant;36;290;OMG-MAR
ND-000433;27/06/2026;SKU-10004;Filtre a air;10;1820;OMG-LYO
ND-000976;2026-05-30;SKU-10008;Batterie 12V;39;740;OMG-MAR
ND-000477;01-01-2026;SKU-10007;Courroie de distribution;10;7140;OMG-LYO
ND-000699;01-04-2026;SKU-10003;Filtre a huile;25;2240;OMG-LYO
ND-000756;30/12/2025;SKU-10007;Courroie de distribution;13;7140;OMG-MAR
ND-000529;25/07/2025;SKU-10005;Bougie d'allumage;5;5900;OMG-LIL
ND-000839;18-10-2025;SKU-10003;Filtre a huile;21;2240;OMG-LIL
ND-000048;2026-06-22;SKU-10006;Amortisseur avant;28;5430;OMG-LIL
ND-000085;23/04/2025;SKU-10005;Bougie d'allumage;12;5900;OMG-LIL
ND-000727;2025-03-27;SKU-10001;Plaquette de frein;12;5130;OMG-LIL
ND-000560;24/12/2025;SKU-10006;Amortisseur avant;3;5430;OMG-LYO
ND-000085;23/04/2025;SKU-10003;Filtre a huile;1;2240;OMG-LIL
ND-001369;2026-03-12;SKU-10005;Bougie d'allumage;35;5900;OMG-LYO
ND-000753;2025-12-31;SKU-10005;Bougie d'allumage;31;5900;OMG-LYO
ND-000809;30-05-2026;SKU-10005;Bougie d'allumage;8;5900;OMG-LIL
ND-000438;17-05-2025;SKU-10008;Batterie 12V;4;740;OMG-LIL
ND-000854;27/07/2025;SKU-10007;Courroie de distribution;40;7140;OMG-MAR
ND-000225;21-04-2026;SKU-10001;Plaquette de frein;9;5130;OMG-LIL
ND-001298;26/05/2026;SKU-10007;Courroie de distribution;5;7140;OMG-MAR
ND-000932;10/07/2025;SKU-10007;Courroie de distribution;14;7140;OMG-MAR
ND-001200;2025-08-29;SKU-10003;Filtre a huile;8;2240;OMG-LIL
ND-000932;2025-07-10;SKU-10006;Amortisseur avant;1;5430;OMG-MAR
ND-001163;2025-04-15;SKU-10003;Filtre a huile;9;2240;OMG-LIL
ND-000661;07/04/2025;SKU-10003;Filtre a huile;24;2240;OMG-MAR
ND-000826;10/03/2025;SKU-10010;Pare-chocs avant;19;290;OMG-LIL
ND-000992;04/04/2025;SKU-10009;Retroviseur;24;3400;OMG-LYO
ND-000892;2025-03-27;SKU-10002;Disque de frein;22;250;OMG-MAR
ND-001341;06/10/2025;SKU-10005;Bougie d'allumage;5;5900;OMG-LIL
ND-000689;2025-03-11;SKU-10010;Pare-chocs avant;24;290;OMG-LYO
ND-000676;25/05/2025;SKU-10009;Retroviseur;8;3400;OMG-LIL
ND-000824;04/06/2025;SKU-10002;Disque de frein;20;250;OMG-MAR
ND-000966;2026-02-12;SKU-10007;Courroie de distribution;7;7140;OMG-MAR
ND-001146;12/01/2026;SKU-10008;Batterie 12V;35;740;OMG-LIL
ND-000854;27-07-2025;SKU-10002;Disque de frein;14;250;OMG-MAR
ND-000327;22-07-2025;SKU-10008;Batterie 12V;33;740;OMG-MAR
ND-000001;23-12-2025;SKU-10006;Amortisseur avant;37;5430;OMG-MAR
ND-000112;31/07/2025;SKU-10001;Plaquette de frein;26;5130;OMG-LYO
ND-000014;09/11/2025;SKU-10004;Filtre a air;13;1820;OMG-LYO
ND-000998;20-10-2025;SKU-10003;Filtre a huile;11;2240;OMG-MAR
ND-000646;07/02/2026;SKU-10003;Filtre a huile;35;2240;OMG-LIL
ND-000939;24/12/2025;SKU-10009;Retroviseur;18;3400;OMG-LIL
ND-001274;2025-12-10;SKU-10005;Bougie d'allumage;36;5900;OMG-MAR
ND-001146;12/01/2026;SKU-10002;Disque de frein;25;250;OMG-LIL
ND-000646;2026-02-07;SKU-10007;Courroie de distribution;26;7140;OMG-LIL
ND-000609;2025-09-07;SKU-10001;Plaquette de frein;39;5130;OMG-MAR
ND-000794;26-05-2026;SKU-10001;Plaquette de frein;21;5130;OMG-LYO
ND-001001;28-05-2026;SKU-10005;Bougie d'allumage;9;5900;OMG-MAR
ND-000753;31-12-2025;SKU-10005;Bougie d'allumage;8;5900;OMG-LYO
ND-000048;2026-06-22;SKU-10009;Retroviseur;22;3400;OMG-LIL
ND-000756;2025-12-30;SKU-10007;Courroie de distribution;11;7140;OMG-MAR
ND-000188;11/03/2026;SKU-10003;Filtre a huile;25;2240;OMG-MAR
ND-001183;29-03-2026;SKU-10010;Pare-chocs avant;1;290;OMG-LYO
ND-000279;16-09-2025;SKU-10001;Plaquette de frein;29;5130;OMG-LIL
ND-000162;18/01/2025;SKU-10009;Retroviseur;25;3400;OMG-LYO
ND-000109;2025-03-20;SKU-10009;Retroviseur;3;3400;OMG-LIL
ND-000334;11-11-2025;SKU-10001;Plaquette de frein;19;5130;OMG-MAR
ND-000287;05/06/2025;SKU-10003;Filtre a huile;3;2240;OMG-MAR
ND-000508;08-01-2026;SKU-10006;Amortisseur avant;12;5430;OMG-LYO
ND-000411;04-04-2026;SKU-10008;Batterie 12V;6;740;OMG-LIL
ND-000733;31/01/2026;SKU-10003;Filtre a huile;1;2240;OMG-LIL
ND-001266;21-03-2026;SKU-10005;Bougie d'allumage;19;5900;OMG-LIL
ND-001170;17-08-2025;SKU-10001;Plaquette de frein;31;5130;OMG-MAR
ND-001040;24-01-2025;SKU-10010;Pare-chocs avant;34;290;OMG-LIL
ND-000078;18-05-2026;SKU-10001;Plaquette de frein;38;5130;OMG-MAR
ND-000418;04/03/2026;SKU-10005;Bougie d'allumage;22;5900;OMG-LIL
ND-001338;15-06-2026;SKU-10001;Plaquette de frein;37;5130;OMG-MAR
ND-000725;29/06/2026;SKU-10010;Pare-chocs avant;12;290;OMG-LIL
ND-000806;11/01/2025;SKU-10008;Batterie 12V;7;740;OMG-LYO
ND-001259;2026-06-19;SKU-10005;Bougie d'allumage;39;5900;OMG-LYO
ND-000036;21-12-2025;SKU-10009;Retroviseur;36;3400;OMG-LYO
ND-001215;2025-07-16;SKU-10003;Filtre a huile;3;2240;OMG-MAR
ND-000274;2026-01-22;SKU-10007;Courroie de distribution;3;7140;OMG-MAR
ND-000439;29/05/2026;SKU-10008;Batterie 12V;13;740;OMG-LYO
ND-000689;11-03-2025;SKU-10004;Filtre a air;8;1820;OMG-LYO
ND-001392;10-04-2025;SKU-10004;Filtre a air;33;1820;OMG-LIL
ND-001259;19-06-2026;SKU-10001;Plaquette de frein;40;5130;OMG-LYO
ND-000454;24/05/2026;SKU-10004;Filtre a air;34;1820;OMG-LIL
ND-001271;2025-10-12;SKU-10004;Filtre a air;10;1820;OMG-MAR
ND-000513;18/06/2025;SKU-10004;Filtre a air;33;1820;OMG-MAR
ND-000756;30-12-2025;SKU-10001;Plaquette de frein;24;5130;OMG-MAR
ND-000854;27/07/2025;SKU-10008;Batterie 12V;18;740;OMG-MAR
ND-001116;2026-05-27;SKU-10009;Retroviseur;10;3400;OMG-LIL
ND-001291;27-06-2025;SKU-10002;Disque de frein;30;250;OMG-LIL
ND-000982;10/07/2025;SKU-10006;Amortisseur avant;29;5430;OMG-LIL
ND-001246;15-10-2025;SKU-10010;Pare-chocs avant;25;290;OMG-LIL
ND-001082;14/07/2025;SKU-10009;Retroviseur;1;3400;OMG-LIL
ND-001080;03-03-2025;SKU-10004;Filtre a air;32;1820;OMG-MAR
ND-001169;09-02-2025;SKU-10002;Disque de frein;19;250;OMG-LIL
ND-000747;27/11/2025;SKU-10010;Pare-chocs avant;19;290;OMG-MAR
ND-000950;2026-02-16;SKU-10008;Batterie 12V;2;740;OMG-MAR
ND-000056;2026-05-01;SKU-10009;Retroviseur;15;3400;OMG-LIL
ND-001336;25-04-2026;SKU-10009;Retroviseur;29;3400;OMG-LYO
ND-000816;2025-08-25;SKU-10005;Bougie d'allumage;32;5900;OMG-LYO
ND-000535;01-09-2025;SKU-10007;Courroie de distribution;24;7140;OMG-LYO
ND-000896;27-01-2026;SKU-10001;Plaquette de frein;1;5130;OMG-LYO
ND-000297;2026-04-26;SKU-10006;Amortisseur avant;36;5430;OMG-MAR
ND-000414;19-01-2026;SKU-10007;Courroie de distribution;29;7140;OMG-MAR
ND-001215;16/07/2025;SKU-10003;Filtre a huile;38;2240;OMG-MAR
ND-000215;2025-12-09;SKU-10004;Filtre a air;9;1820;OMG-LYO
ND-000498;2025-10-08;SKU-10005;Bougie d'allumage;23;5900;OMG-MAR
ND-000999;2026-05-10;SKU-10010;Pare-chocs avant;7;290;OMG-MAR
ND-001012;02-04-2025;SKU-10010;Pare-chocs avant;30;290;OMG-MAR
ND-000870;24/07/2026;SKU-10006;Amortisseur avant;6;5430;OMG-LIL
ND-000373;20/07/2026;SKU-10006;Amortisseur avant;4;5430;OMG-MAR
ND-000204;02/09/2025;SKU-10001;Plaquette de frein;32;5130;OMG-LYO
ND-000471;20/05/2025;SKU-10008;Batterie 12V;9;740;OMG-LYO
ND-000982;10/07/2025;SKU-10001;Plaquette de frein;9;5130;OMG-LIL
ND-001067;12-04-2025;SKU-10010;Pare-chocs avant;34;290;OMG-MAR
ND-001038;20/07/2025;SKU-10001;Plaquette de frein;36;5130;OMG-MAR
ND-000086;26/07/2025;SKU-10008;Batterie 12V;24;740;OMG-LYO
ND-000838;2025-03-24;SKU-10007;Courroie de distribution;5;7140;OMG-MAR
ND-000938;26/11/2025;SKU-10010;Pare-chocs avant;17;290;OMG-LYO
ND-001291;27-06-2025;SKU-10001;Plaquette de frein;32;5130;OMG-LIL
ND-001157;21-03-2026;SKU-10007;Courroie de distribution;6;7140;OMG-LIL
ND-001080;2025-03-03;SKU-10010;Pare-chocs avant;4;290;OMG-MAR
ND-000965;20-02-2025;SKU-10003;Filtre a huile;18;2240;OMG-MAR
ND-000833;20/11/2025;SKU-10001;Plaquette de frein;19;5130;OMG-LIL
ND-001238;05-03-2026;SKU-10001;Plaquette de frein;28;5130;OMG-MAR
ND-000881;20/03/2026;SKU-10009;Retroviseur;9;3400;OMG-LIL
ND-000529;25/07/2025;SKU-10010;Pare-chocs avant;7;290;OMG-LIL
ND-001161;14-01-2025;SKU-10010;Pare-chocs avant;5;290;OMG-LYO
ND-000439;29-05-2026;SKU-10005;Bougie d'allumage;25;5900;OMG-LYO
ND-000204;02-09-2025;SKU-10001;Plaquette de frein;23;5130;OMG-LYO
ND-000677;22-05-2025;SKU-10008;Batterie 12V;40;740;OMG-MAR
ND-000343;26-10-2025;SKU-10010;Pare-chocs avant;34;290;OMG-MAR
ND-000225;21-04-2026;SKU-10001;Plaquette de frein;11;5130;OMG-LIL
ND-001304;16-02-2026;SKU-10009;Retroviseur;26;3400;OMG-LIL
ND-000316;20-02-2025;SKU-10004;Filtre a air;35;1820;OMG-MAR
ND-000235;16-03-2025;SKU-10004;Filtre a air;19;1820;OMG-MAR
ND-001017;27-03-2026;SKU-10001;Plaquette de frein;23;5130;OMG-LIL
ND-001296;15-09-2025;SKU-10005;Bougie d'allumage;39;5900;OMG-LYO
ND-001248;20/02/2025;SKU-10002;Disque de frein;26;250;OMG-LYO
ND-000189;10/05/2025;SKU-10008;Batterie 12V;39;740;OMG-LYO
ND-000036;21-12-2025;SKU-10009;Retroviseur;28;3400;OMG-LYO
ND-001318;22/04/2025;SKU-10005;Bougie d'allumage;40;5900;OMG-MAR
ND-000363;2026-07-27;SKU-10003;Filtre a huile;34;2240;OMG-LYO
ND-000892;2025-03-27;SKU-10001;Plaquette de frein;25;5130;OMG-MAR
ND-000381;29-05-2025;SKU-10009;Retroviseur;40;3400;OMG-LIL
ND-000552;2025-09-16;SKU-10001;Plaquette de frein;17;5130;OMG-LYO
ND-000042;2026-01-03;SKU-10003;Filtre a huile;39;2240;OMG-LYO
ND-000323;27/03/2026;SKU-10006;Amortisseur avant;9;5430;OMG-MAR
ND-000001;2025-12-23;SKU-10005;Bougie d'allumage;40;5900;OMG-MAR
ND-000992;2025-04-04;SKU-10006;Amortisseur avant;21;5430;OMG-LYO
ND-000173;31-12-2025;SKU-10004;Filtre a air;24;1820;OMG-MAR
ND-000414;19-01-2026;SKU-10008;Batterie 12V;30;740;OMG-MAR
ND-000763;17-04-2026;SKU-10002;Disque de frein;1;250;OMG-MAR
ND-001017;27-03-2026;SKU-10008;Batterie 12V;30;740;OMG-LIL
ND-001118;2025-10-06;SKU-10009;Retroviseur;11;3400;OMG-LIL
ND-000933;2025-10-29;SKU-10005;Bougie d'allumage;28;5900;OMG-LYO
ND-000708;01/08/2025;SKU-10005;Bougie d'allumage;38;5900;OMG-LYO
ND-001197;24-07-2026;SKU-10010;Pare-chocs avant;4;290;OMG-MAR
ND-000464;07/03/2026;SKU-10004;Filtre a air;20;1820;OMG-LYO
ND-001200;29-08-2025;SKU-10002;Disque de frein;5;250;OMG-LIL
ND-000793;02-02-2026;SKU-10005;Bougie d'allumage;39;5900;OMG-LYO
ND-001165;12-08-2025;SKU-10009;Retroviseur;23;3400;OMG-LYO
ND-000229;2026-07-09;SKU-10002;Disque de frein;37;250;OMG-MAR
ND-001332;2026-03-20;SKU-10001;Plaquette de frein;10;5130;OMG-MAR
ND-001158;20/06/2025;SKU-10002;Disque de frein;11;250;OMG-LYO
ND-000038;2025-06-16;SKU-10007;Courroie de distribution;25;7140;OMG-MAR
ND-000609;07-09-2025;SKU-10001;Plaquette de frein;9;5130;OMG-MAR
ND-000876;07/01/2025;SKU-10008;Batterie 12V;25;740;OMG-LYO
ND-000727;27/03/2025;SKU-10006;Amortisseur avant;27;5430;OMG-LIL
ND-000748;24/04/2025;SKU-10005;Bougie d'allumage;10;5900;OMG-MAR
ND-001335;03-05-2025;SKU-10003;Filtre a huile;4;2240;OMG-LYO
ND-001157;21/03/2026;SKU-10007;Courroie de distribution;29;7140;OMG-LIL
ND-000210;30-09-2025;SKU-10009;Retroviseur;11;3400;OMG-MAR
