id,client_id,entrepot_id,date_commande,statut
1,1,3,2025-12-23,Livree
2,1,1,2025-10-23,Livree
3,2,2,2026-05-13,En preparation
4,2,2,2025-07-27,Livree
5,2,1,2025-04-18,Livree
6,1,2,2025-10-24,En preparation
7,1,2,2025-12-04,Livree
8,3,3,2026-04-19,Livree
9,1,1,2025-07-07,Expediee
10,2,3,2025-05-09,Livree
11,3,3,2025-06-28,En preparation
12,1,1,2025-01-25,Expediee
13,3,3,2026-03-24,Livree
14,1,1,2025-11-09,Expediee
15,2,2,2025-07-14,Expediee
16,1,1,2025-05-10,Livree
17,3,2,2025-05-01,Livree
18,3,1,2025-02-14,Annulee
19,3,1,2026-06-09,Expediee
20,2,1,2026-06-05,Expediee
21,2,3,2026-03-14,Annulee
22,3,2,2025-04-13,Expediee
23,2,3,2026-05-23,Livree
24,3,2,2025-07-15,Expediee
25,2,1,2026-07-30,Livree
26,1,2,2025-06-13,En preparation
27,2,3,2025-05-01,Expediee
28,3,1,2025-07-27,Livree
29,2,1,2025-06-23,Livree
30,3,2,2025-01-22,Livree
31,3,3,2025-03-31,Livree
32,3,1,2026-07-14,Expediee
33,1,2,2025-08-11,Livree
34,1,1,2026-06-07,Livree
35,2,3,2026-03-24,Livree
36,1,1,2025-12-21,Livree
37,2,1,2026-05-11,Livree
38,1,3,2025-06-16,Livree
39,2,2,2025-11-22,Livree
40,3,3,2025-01-21,Expediee
41,2,2,2025-07-15,Expediee
42,1,1,2026-01-03,En preparation
43,1,3,2025-01-20,Expediee
44,3,3,2025-09-23,Livree
45,2,2,2026-07-22,En preparation
46,3,3,2026-06-03,Livree
47,2,3,2026-06-29,Expediee
48,1,2,2026-06-22,Livree
49,1,2,2025-04-03,Expediee
50,2,1,2025-08-23,Livree
51,1,2,2026-01-07,Livree
52,1,3,2025-08-24,Livree
53,3,2,2025-08-26,En preparation
54,1,3,2025-06-13,Livree
55,2,3,2026-04-07,Livree
56,1,2,2026-05-01,En preparation
57,3,1,2025-07-26,Expediee
58,2,1,2025-12-31,En preparation
59,2,3,2025-09-08,En preparation
60,3,3,2026-04-02,Annulee
61,2,1,2026-03-31,Livree
62,2,3,2025-01-29,Livree
63,3,2,2026-05-01,Livree
64,1,3,2026-04-18,Expediee
65,1,3,2025-04-30,Livree
66,3,3,2025-04-17,Expediee
67,2,3,2026-01-12,Livree
68,3,3,2025-04-29,Livree
69,3,2,2025-01-12,Expediee
70,3,3,2026-01-15,Expediee
71,3,1,2025-12-04,Annulee
72,3,2,2025-01-23,Livree
73,3,3,2025-05-20,Livree
74,2,3,2025-07-17,Livree
75,2,3,2025-11-26,En preparation
76,2,3,2025-08-18,Annulee
77,3,3,2026-01-21,Expediee
78,1,3,2026-05-18,Livree
79,3,3,2025-07-31,Expediee
80,2,1,2025-11-03,Livree
81,3,1,2026-05-19,Livree
82,2,2,2025-10-16,En preparation
83,3,2,2025-06-18,Livree
84,2,1,2026-05-30,Livree
85,1,2,2025-04-23,Annulee
86,1,1,2025-07-26,Livree
87,3,3,2026-02-10,Livree
88,2,1,2025-03-04,Livree
89,2,3,2026-04-16,Livree
90,2,2,2025-11-20,Expediee
91,1,3,2026-07-28,Livree
92,2,3,2025-02-09,Annulee
93,2,3,2025-10-13,Livree
94,1,2,2026-06-30,Expediee
95,3,3,2025-06-17,Livree
96,3,1,2025-07-31,Livree
97,3,2,2026-02-14,En preparation
98,3,1,2025-01-06,Livree
99,1,2,2026-02-18,Expediee
100,2,1,2025-11-11,Livree
101,1,2,2025-08-29,Expediee
102,3,3,2025-04-25,Livree
103,2,3,2026-03-27,Livree
104,2,1,2025-02-14,Livree
105,3,3,2025-05-27,Livree
106,3,3,2026-04-19,Livree
107,2,2,2025-07-15,Expediee
108,1,3,2026-06-30,Expediee
109,1,2,2025-03-20,Livree
110,3,3,2025-07-04,Annulee
111,2,2,2025-08-07,Expediee
112,1,1,2025-07-31,Livree
113,1,1,2025-09-05,Expediee
114,2,1,2025-04-27,Livree
115,3,1,2026-05-06,Livree
116,3,1,2026-02-11,Annulee
117,3,3,2026-03-07,Livree
118,3,2,2025-04-14,Livree
119,2,3,2025-11-06,Annulee
120,2,2,2025-11-07,Expediee
121,2,2,2025-03-21,Livree
122,2,2,2026-05-12,Annulee
123,2,3,2026-06-12,Livree
124,2,2,2025-10-25,Expediee
125,1,3,2025-10-13,Livree
126,2,1,2026-04-21,Livree
127,3,2,2025-08-21,Expediee
128,2,3,2026-03-21,Livree
129,2,2,2026-06-13,Livree
130,3,1,2025-08-25,Livree
131,3,2,2026-04-23,Livree
132,2,3,2025-06-13,Expediee
133,2,2,2026-01-12,Livree
134,1,2,2025-04-06,Livree
135,3,3,2025-08-31,Livree
136,2,1,2025-06-17,En preparation
137,2,3,2026-05-24,En preparation
138,3,2,2025-11-10,Livree
139,3,3,2026-04-20,Livree
140,3,3,2025-11-08,Livree
141,3,1,2025-09-12,Expediee
142,2,2,2026-06-08,Livree
143,3,3,2026-07-15,En preparation
144,2,2,2025-04-28,Livree
145,2,3,2026-01-07,Livree
146,3,2,2025-06-24,Expediee
147,2,2,2025-04-24,Livree
148,2,1,2025-03-26,En preparation
149,3,2,2025-03-20,En preparation
150,3,2,2026-01-06,En preparation
151,3,3,2026-07-16,Expediee
152,1,3,2025-08-13,Expediee
153,3,2,2025-04-15,Expediee
154,3,1,2025-05-17,En preparation
155,2,2,2025-07-12,Livree
156,3,1,2025-12-28,Livree
157,2,3,2026-03-03,Expediee
158,3,3,2025-04-27,Livree
159,3,2,2026-06-07,Expediee
160,2,2,2026-06-29,Livree
161,3,3,2025-11-23,Livree
162,1,1,2025-01-18,Annulee
163,1,2,2025-05-27,Expediee
164,1,2,2026-04-10,En preparation
165,2,2,2025-07-02,Livree
166,3,3,2026-06-07,Expediee
167,3,1,2026-05-02,En preparation
168,2,1,2026-02-22,Livree
169,1,2,2025-06-07,Livree
170,2,2,2026-06-08,En preparation
171,3,3,2026-06-06,En preparation
172,1,3,2026-04-15,Expediee
173,1,3,2025-12-31,Expediee
174,3,3,2026-07-14,Livree
175,2,3,2026-05-14,Expediee
176,1,1,2025-11-17,Livree
177,3,2,2026-05-28,Livree
178,3,2,2025-01-14,Livree
179,2,2,2025-12-23,En preparation
180,2,2,2025-10-20,En preparation
181,1,2,2025-12-04,En preparation
182,3,3,2026-01-05,Livree
183,1,3,2025-04-22,Expediee
184,3,1,2026-01-24,Expediee
185,2,1,2025-10-04,En preparation
186,3,1,2025-03-05,Livree
187,1,1,2025-12-01,Livree
188,1,3,2026-03-11,Expediee
189,1,1,2025-05-10,Livree
190,2,2,2026-04-27,Livree
191,2,1,2025-11-06,Annulee
192,2,2,2025-03-30,Expediee
193,2,3,2025-02-23,Expediee
194,2,3,2026-01-29,Expediee
195,3,3,2026-05-18,Livree
196,3,3,2026-01-24,Livree
197,3,1,2025-09-28,Livree
198,2,3,2025-03-26,En preparation
199,1,2,2026-03-11,Livree
200,3,1,2025-06-09,Livree
201,2,3,2026-01-16,Livree
202,3,3,2025-08-20,Expediee
203,2,1,2026-01-14,En preparation
204,1,1,2025-09-02,Expediee
205,1,1,2026-03-16,Livree
206,2,3,2026-02-01,Livree
207,2,3,2025-06-19,Annulee
208,1,2,2025-07-24,Livree
209,2,3,2026-04-20,En preparation
210,1,3,2025-09-30,Livree
211,3,1,2025-07-13,Livree
212,2,3,2025-08-05,En preparation
213,3,2,2026-05-09,En preparation
214,2,2,2025-09-08,Expediee
215,1,1,2025-12-09,Livree
216,1,2,2026-05-01,Livree
217,3,3,2025-12-12,Livree
218,2,2,2025-08-21,Livree
219,3,1,2026-05-03,Expediee
220,1,2,2026-05-16,Livree
221,1,2,2025-10-27,Livree
222,1,1,2026-04-02,Livree
223,3,3,2026-04-24,Livree
224,3,3,2026-06-13,En preparation
225,1,2,2026-04-21,En preparation
226,2,2,2026-02-11,Livree
227,3,3,2026-05-03,Livree
228,3,3,2025-01-02,Livree
229,1,3,2026-07-09,Expediee
230,1,3,2025-02-05,Annulee
231,2,2,2025-03-09,En preparation
232,2,3,2025-08-25,Expediee
233,1,2,2025-01-19,Livree
234,1,1,2026-07-07,Livree
235,1,3,2025-03-16,Livree
236,3,2,2025-09-05,Livree
237,2,2,2025-04-04,Livree
238,3,3,2025-02-01,Livree
239,2,2,2026-03-08,Expediee
240,1,2,2025-10-17,En preparation
241,2,1,2025-01-17,Annulee
242,1,1,2025-12-25,Livree
243,3,3,2026-04-25,Livree
244,3,1,2026-05-05,Annulee
245,2,2,2025-05-20,Livree
246,3,1,2025-06-20,En preparation
247,1,3,2026-06-29,Livree
248,3,2,2025-01-01,Livree
249,3,3,2025-11-04,En preparation
250,3,2,2025-05-16,Expediee
251,1,1,2026-04-13,Livree
252,3,3,2026-07-21,Expediee
253,2,2,2025-10-22,Livree
254,2,1,2025-10-19,Livree
255,1,2,2026-05-23,Livree
256,1,2,2026-03-21,Livree
257,3,2,2025-03-05,Livree
258,3,3,2025-10-29,Livree
259,3,1,2025-03-08,En preparation
260,3,1,2026-01-05,Livree
261,1,1,2025-02-03,Livree
262,2,1,2026-06-29,En preparation
263,3,1,2025-08-11,Expediee
264,3,3,2026-06-13,En preparation
265,3,1,2025-02-08,Expediee
266,2,3,2025-12-11,Expediee
267,1,3,2025-05-04,Livree
268,1,2,2025-10-14,Expediee
269,3,1,2025-08-10,Livree
270,3,2,2026-02-03,Livree
271,3,2,2026-07-08,Annulee
272,2,2,2026-06-10,Livree
273,2,3,2025-09-10,Expediee
274,1,3,2026-01-22,Annulee
275,1,2,2026-07-19,Expediee
276,3,2,2026-05-24,Livree
277,3,3,2026-03-27,Expediee
278,1,1,2025-04-17,Annulee
279,1,2,2025-09-16,En preparation
280,2,1,2025-05-11,En preparation
281,2,3,2025-11-30,Livree
282,1,1,2026-06-23,Expediee
283,2,3,2026-02-09,En preparation
284,1,2,2025-01-15,Livree
285,2,3,2025-07-18,Expediee
286,3,3,2026-05-05,Livree
287,1,3,2025-06-05,Expediee
288,1,3,2026-06-04,Livree
289,2,2,2025-02-08,Livree
290,1,3,2026-05-18,Livree
291,2,3,2026-01-07,Expediee
292,3,2,2025-05-21,En preparation
293,2,2,2025-02-05,Livree
294,2,3,2026-06-10,En preparation
295,3,1,2026-01-28,Expediee
296,1,2,2025-12-12,Expediee
297,1,3,2026-04-26,En preparation
298,3,3,2026-01-03,Expediee
299,3,2,2026-06-30,Livree
300,1,2,2025-05-29,Expediee
301,1,2,2025-01-04,Livree
302,3,1,2026-07-22,Expediee
303,3,1,2025-08-01,Livree
304,3,3,2026-05-07,Livree
305,3,1,2025-10-01,En preparation
306,1,1,2026-06-05,Livree
307,3,3,2026-07-29,En preparation
308,3,2,2026-06-23,En preparation
309,3,2,2025-06-25,Expediee
310,1,3,2026-02-04,Livree
311,2,2,2026-07-06,Expediee
312,3,3,2025-10-06,Livree
313,2,1,2025-06-15,En preparation
314,3,3,2025-01-07,Livree
315,2,3,2026-07-17,Livree
316,1,3,2025-02-20,Livree
317,3,1,2025-01-19,Livree
318,2,2,2026-05-05,Livree
319,3,1,2025-08-14,Expediee
320,3,2,2026-02-28,Livree
321,2,3,2026-03-02,Expediee
322,1,1,2026-06-06,Expediee
323,1,3,2026-03-27,Livree
324,3,3,2025-08-26,En preparation
325,2,1,2025-01-04,Livree
326,2,3,2025-03-26,Livree
327,1,3,2025-07-22,Livree
328,1,3,2026-06-16,Livree
329,1,1,2026-06-04,Livree
330,3,2,2026-03-26,Livree
331,2,2,2025-09-25,Livree
332,3,3,2025-04-02,En preparation
333,3,2,2025-01-18,Livree
334,1,3,2025-11-11,En preparation
335,2,3,2025-04-21,Expediee
336,2,2,2025-04-13,Livree
337,1,3,2026-01-26,Expediee
338,2,1,2026-06-26,Livree
339,1,2,2026-04-10,Expediee
340,2,1,2025-05-01,Livree
341,2,3,2026-03-08,Livree
342,3,2,2025-09-20,Expediee
343,1,3,2025-10-26,Expediee
344,1,1,2026-04-11,Livree
345,2,2,2025-10-02,En preparation
346,3,3,2026-03-29,Livree
347,3,1,2026-01-26,Livree
348,2,1,2025-09-21,Annulee
349,3,1,2026-06-10,Expediee
350,2,1,2026-03-07,Expediee
351,1,1,2025-07-13,Expediee
352,3,2,2026-01-18,Expediee
353,2,2,2026-06-18,Expediee
354,3,2,2025-07-04,Livree
355,3,1,2025-03-19,Expediee
356,2,2,2025-04-15,Annulee
357,3,1,2025-02-16,Livree
358,1,2,2025-04-05,Livree
359,3,1,2025-05-11,En preparation
360,1,2,2025-06-27,Livree
361,3,1,2026-05-30,Livree
362,1,1,2025-11-05,Livree
363,1,1,2026-07-27,Livree
364,2,3,2025-07-31,Livree
365,3,3,2026-05-12,Livree
366,1,3,2025-04-16,Livree
367,3,2,2025-11-03,Livree
368,2,1,2025-02-23,Livree
369,3,1,2025-05-25,Annulee
370,1,1,2026-01-19,Livree
371,2,1,2025-05-30,Expediee
372,3,1,2026-02-09,En preparation
373,1,3,2026-07-20,Livree
374,2,3,2025-04-03,Livree
375,2,1,2026-06-17,En preparation
376,3,1,2026-06-29,Livree
377,2,3,2025-05-30,Livree
378,2,3,2025-12-30,Livree
379,3,1,2025-01-15,En preparation
380,1,3,2026-06-15,Livree
381,1,2,2025-05-29,Livree
382,2,1,2025-12-30,Expediee
383,2,3,2025-02-01,Expediee
384,3,1,2026-03-10,Expediee
385,3,2,2025-10-01,Expediee
386,2,2,2025-11-05,Livree
387,2,1,2025-06-16,Expediee
388,1,2,2025-10-13,Expediee
389,2,2,2025-05-15,Livree
390,3,3,2026-04-13,Expediee
391,3,3,2025-11-02,Annulee
392,1,2,2026-03-20,Expediee
393,3,3,2026-07-26,Livree
394,2,1,2025-09-07,Livree
395,1,2,2025-02-04,Expediee
396,2,1,2025-09-24,En preparation
397,2,1,2025-09-15,Livree
398,2,1,2025-02-16,Livree
399,3,1,2025-09-03,Livree
400,2,3,2025-10-01,Livree
401,2,2,2026-05-26,Livree
402,1,3,2025-04-18,En preparation
403,2,1,2026-05-25,Expediee
404,1,2,2025-11-18,Annulee
405,1,1,2026-04-21,En preparation
406,1,3,2026-04-15,Livree
407,2,1,2026-07-31,En preparation
408,3,2,2026-06-19,Livree
409,1,3,2026-02-22,Livree
410,2,2,2025-05-10,Livree
411,1,2,2026-04-04,Expediee
412,3,2,2026-05-08,Livree
413,1,2,2025-08-28,Livree
414,1,3,2026-01-19,Livree
415,1,1,2025-02-12,En preparation
416,3,3,2026-04-14,Livree
417,3,3,2026-06-28,En preparation
418,1,2,2026-03-04,Livree
419,3,3,2025-03-10,Livree
420,1,3,2025-06-30,Expediee
421,2,1,2025-09-17,Livree
422,1,1,2026-06-17,Livree
423,3,2,2026-02-22,Expediee
424,1,1,2025-08-06,Expediee
425,2,3,2025-01-25,Livree
426,3,2,2025-05-16,Livree
427,1,1,2025-09-22,Expediee
428,3,1,2025-09-16,Livree
429,1,2,2025-06-05,Livree
430,3,1,2025-06-10,Livree
431,2,3,2025-02-09,Livree
432,3,3,2025-12-13,En preparation
433,1,1,2026-06-27,Livree
434,2,2,2025-01-24,Livree
435,3,1,2026-01-30,Livree
436,2,1,2026-04-28,Livree
437,2,3,2026-06-24,Livree
438,1,2,2025-05-17,Livree
439,1,1,2026-05-29,Livree
440,3,1,2026-04-20,Annulee
441,2,1,2025-08-08,Expediee
442,3,1,2026-01-04,Livree
443,1,1,2026-05-14,Expediee
444,3,1,2026-03-25,Livree
445,3,2,2025-03-29,En preparation
446,2,2,2026-02-06,Livree
447,3,2,2025-11-24,Livree
448,3,1,2026-05-25,Annulee
449,3,2,2025-08-02,Expediee
450,1,2,2026-06-29,Livree
451,2,2,2025-07-04,En preparation
452,3,2,2025-04-01,Livree
453,2,2,2025-10-24,En preparation
454,1,2,2026-05-24,En preparation
455,1,3,2025-01-07,Expediee
456,2,2,2025-05-30,Livree
457,1,1,2026-06-25,Livree
458,2,2,2025-09-16,Annulee
459,3,2,2025-05-19,En preparation
460,2,1,2026-04-22,En preparation
461,1,2,2025-04-26,En preparation
462,2,1,2026-06-28,Livree
463,3,3,2025-10-06,Livree
464,1,1,2026-03-07,Livree
465,3,1,2026-01-15,Livree
466,3,2,2026-06-11,Expediee
467,1,3,2025-02-08,Expediee
468,2,3,2026-04-24,Livree
469,1,1,2026-04-06,Livree
470,1,2,2025-07-09,Expediee
471,1,1,2025-05-20,Expediee
472,1,3,2026-01-24,En preparation
473,2,1,2026-03-10,Livree
474,3,1,2025-08-03,Livree
475,3,2,2025-08-10,Livree
476,1,1,2025-07-02,Expediee
477,1,1,2026-01-01,En preparation
478,1,3,2025-12-20,Livree
479,2,1,2025-03-28,Expediee
480,2,3,2026-01-15,Expediee
481,2,2,2026-03-27,Livree
482,2,1,2025-03-06,En preparation
483,1,2,2025-08-18,Livree
484,3,1,2025-12-20,Livree
485,3,1,2025-08-19,Livree
486,2,1,2025-03-28,Livree
487,1,3,2026-01-07,Expediee
488,1,2,2026-07-06,Livree
489,1,2,2025-03-29,En preparation
490,2,2,2025-11-23,Livree
491,3,2,2025-11-16,En preparation
492,2,3,2025-04-13,Expediee
493,3,1,2026-07-07,Livree
494,2,2,2025-10-15,Livree
495,2,2,2025-05-02,Livree
496,3,3,2025-04-01,Livree
497,1,1,2026-02-23,Expediee
498,1,3,2025-10-08,Livree
499,3,2,2025-12-10,Livree
500,2,1,2025-01-06,Livree
501,2,1,2025-08-23,Expediee
502,2,1,2026-05-23,En preparation
503,2,2,2025-02-21,En preparation
504,3,1,2025-10-17,Livree
505,2,1,2025-08-14,Livree
506,2,2,2026-06-17,Expediee
507,2,2,2025-05-07,Livree
508,1,1,2026-01-08,Livree
509,1,3,2025-04-21,En preparation
510,1,1,2026-01-12,Expediee
511,1,2,2025-02-03,Livree
512,2,1,2025-03-12,Livree
513,1,3,2025-06-18,Expediee
514,3,1,2025-05-21,Expediee
515,3,2,2026-03-09,Expediee
516,2,3,2025-12-11,Livree
517,3,3,2025-03-08,Livree
518,1,2,2026-07-18,Livree
519,2,1,2026-05-04,Expediee
520,3,3,2025-09-11,Livree
521,1,1,2025-12-01,Expediee
522,1,3,2026-05-28,Expediee
523,3,3,2026-02-23,En preparation
524,2,3,2026-06-10,Livree
525,3,2,2025-10-23,Livree
526,1,2,2025-03-30,Livree
527,3,2,2025-07-27,Livree
528,2,2,2026-01-26,Expediee
529,1,2,2025-07-25,Livree
530,2,3,2025-08-21,Livree
531,2,1,2026-05-29,Annulee
532,2,2,2025-04-25,Livree
533,3,1,2025-11-12,Livree
534,3,1,2025-06-06,Livree
535,1,1,2025-09-01,En preparation
536,3,3,2025-03-12,Livree
537,2,2,2025-03-12,Livree
538,1,1,2025-05-17,Livree
539,2,2,2026-06-15,Livree
540,3,1,2025-07-16,En preparation
541,1,2,2025-07-18,Livree
542,1,2,2026-01-01,Expediee
543,2,2,2026-06-24,Livree
544,2,3,2025-03-05,Livree
545,1,3,2026-04-06,Expediee
546,3,3,2026-05-02,Livree
547,3,2,2026-04-12,Livree
548,3,2,2025-04-03,Livree
549,1,2,2026-07-19,En preparation
550,2,1,2025-10-15,En preparation
551,3,2,2026-07-26,En preparation
552,1,1,2025-09-16,Expediee
553,3,1,2026-03-27,Livree
554,1,2,2025-04-01,Livree
555,2,2,2025-05-09,Livree
556,2,2,2025-04-01,Annulee
557,3,1,2025-04-07,Livree
558,3,1,2026-02-13,Expediee
559,1,2,2025-10-18,En preparation
560,1,1,2025-12-24,Expediee
561,1,1,2026-05-15,Livree
562,2,1,2025-01-16,Expediee
563,2,3,2026-04-14,Livree
564,2,3,2026-04-12,Livree
565,3,1,2026-01-20,Livree
566,3,1,2025-02-05,Livree
567,1,2,2025-02-05,Livree
568,3,2,2026-06-08,Livree
569,3,3,2026-06-21,En preparation
570,1,3,2025-05-27,Expediee
571,2,2,2025-01-17,Livree
572,2,1,2025-09-17,Livree
573,2,1,2026-07-09,Livree
574,2,1,2026-01-20,En preparation
575,2,2,2025-12-07,Livree
576,3,3,2026-07-25,Livree
577,2,2,2025-07-02,Livree
578,1,1,2025-09-20,Livree
579,3,1,2026-07-03,Livree
580,1,3,2025-08-15,Expediee
581,2,3,2025-05-14,Livree
582,2,3,2026-06-14,Livree
583,2,2,2025-11-08,Annulee
584,3,3,2025-04-28,Expediee
585,3,3,2025-09-01,Expediee
586,3,3,2026-04-26,En preparation
587,2,2,2026-07-18,Expediee
588,3,1,2025-01-19,Livree
589,2,2,2026-03-21,Expediee
590,1,3,2025-10-21,Livree
591,2,2,2025-03-05,Livree
592,2,3,2026-01-16,Expediee
593,3,1,2026-03-11,Livree
594,3,1,2025-04-02,Livree
595,1,1,2026-07-29,Livree
596,3,2,2025-09-20,Expediee
597,2,1,2025-11-04,Livree
598,3,2,2026-03-12,En preparation
599,3,1,2025-04-04,En preparation
600,2,2,2026-04-03,Livree
601,2,2,2025-03-12,Livree
602,2,2,2026-06-12,Livree
603,1,1,2026-04-09,En preparation
604,3,2,2025-02-20,Livree
605,3,3,2025-06-08,Expediee
606,3,2,2026-05-23,Annulee
607,2,3,2025-07-14,Expediee
608,1,3,2026-03-09,Annulee
609,1,3,2025-09-07,Livree
610,3,2,2025-11-02,Livree
611,2,2,2025-05-18,Expediee
612,1,2,2026-06-13,Expediee
613,3,3,2025-06-12,Livree
614,2,3,2025-06-27,Expediee
615,3,1,2025-09-08,Livree
616,2,2,2025-01-05,Livree
617,3,3,2025-03-17,Livree
618,1,3,2026-04-27,Livree
619,2,3,2025-02-20,Expediee
620,3,1,2026-03-11,Livree
621,3,1,2025-09-21,En preparation
622,2,3,2025-05-30,Livree
623,2,2,2026-01-09,Expediee
624,3,3,2025-04-24,Livree
625,2,2,2025-06-01,Annulee
626,3,3,2025-12-30,En preparation
627,2,1,2025-03-23,Livree
628,3,1,2025-07-05,Livree
629,1,2,2025-12-09,Livree
630,1,2,2025-03-20,Livree
631,1,3,2026-04-30,Expediee
632,2,2,2026-04-11,Livree
633,2,1,2026-01-30,Annulee
634,3,3,2025-10-18,Livree
635,1,1,2025-06-20,Expediee
636,2,2,2026-02-07,Livree
637,1,2,2025-07-01,Livree
638,2,1,2025-03-18,Livree
639,3,3,2025-04-18,Annulee
640,3,3,2025-04-26,Expediee
641,2,1,2025-11-30,Expediee
642,3,2,2025-09-21,Livree
643,3,3,2026-04-18,En preparation
644,1,2,2026-03-19,Annulee
645,3,3,2026-01-15,Livree
646,1,2,2026-02-07,Livree
647,1,1,2025-08-29,Livree
648,1,2,2026-04-15,Expediee
649,3,1,2025-11-19,Livree
650,3,3,2025-06-18,Expediee
651,2,1,2025-02-26,En preparation
652,1,3,2025-04-17,Livree
653,3,1,2025-05-18,Livree
654,1,3,2026-02-11,En preparation
655,2,1,2026-04-10,Livree
656,3,1,2025-06-21,Annulee
657,1,2,2026-02-03,Livree
658,2,2,2025-05-15,Livree
659,1,2,2025-08-23,Expediee
660,1,3,2026-06-19,Livree
661,1,3,2025-04-07,Livree
662,1,3,2026-04-10,Annulee
663,1,1,2026-07-24,Livree
664,1,2,2026-05-05,Livree
665,2,2,2025-05-08,Expediee
666,2,2,2025-03-04,Annulee
667,3,3,2026-07-25,Livree
668,3,1,2025-07-19,Livree
669,1,1,2025-01-04,Livree
670,3,1,2025-05-31,Expediee
671,2,3,2026-07-03,En preparation
672,2,1,2026-04-13,En preparation
673,2,3,2026-04-01,Annulee
674,2,1,2025-11-28,Livree
675,2,3,2025-06-12,Expediee
676,1,2,2025-05-25,Expediee
677,1,3,2025-05-22,Expediee
678,2,1,2025-08-03,Livree
679,1,2,2025-01-06,En preparation
680,3,1,2025-10-19,En preparation
681,2,3,2025-09-24,Annulee
682,1,2,2025-09-14,Expediee
683,3,1,2025-10-14,Livree
684,2,3,2026-04-21,Expediee
685,3,3,2025-01-25,Livree
686,3,3,2025-07-07,Livree
687,3,2,2026-06-02,Livree
688,3,3,2025-02-20,En preparation
689,1,1,2025-03-11,Livree
690,2,2,2026-06-12,Expediee
691,1,2,2025-06-20,Livree
692,3,1,2026-01-20,Livree
693,3,2,2025-09-20,Livree
694,3,2,2025-12-22,En preparation
695,3,3,2025-03-21,En preparation
696,1,2,2026-01-04,Livree
697,3,2,2025-07-10,Livree
698,3,2,2025-08-02,En preparation
699,1,1,2026-04-01,En preparation
700,1,1,2025-09-10,Livree
701,3,3,2025-05-20,Livree
702,2,2,2026-02-27,Livree
703,3,2,2025-04-19,En preparation
704,3,1,2026-05-30,Expediee
705,2,2,2025-04-10,Expediee
706,1,1,2026-05-05,Expediee
707,2,1,2026-04-14,Livree
708,1,1,2025-08-01,Livree
709,3,2,2026-04-17,Livree
710,3,2,2026-01-06,En preparation
711,3,3,2025-07-27,Livree
712,3,3,2025-06-27,Livree
713,1,1,2025-05-09,En preparation
714,2,1,2025-11-26,En preparation
715,3,1,2025-11-11,Livree
716,3,1,2026-04-17,Livree
717,2,2,2025-05-13,Livree
718,1,1,2026-07-28,En preparation
719,2,1,2026-04-24,Livree
720,1,3,2026-02-04,Expediee
721,2,1,2025-12-07,En preparation
722,1,2,2025-02-01,Livree
723,2,3,2026-07-18,Expediee
724,3,3,2025-01-07,Livree
725,1,2,2026-06-29,Livree
726,2,1,2025-04-24,Livree
727,1,2,2025-03-27,Livree
728,1,2,2026-01-02,Livree
729,2,3,2025-10-08,Expediee
730,3,3,2025-05-28,Livree
731,3,2,2026-03-12,Annulee
732,3,3,2025-01-17,Livree
733,1,2,2026-01-31,Livree
734,3,3,2026-07-14,Livree
735,3,1,2025-08-04,Expediee
736,1,3,2026-03-03,Livree
737,3,2,2025-05-18,Livree
738,2,3,2026-05-08,En preparation
739,1,3,2026-05-05,Expediee
740,3,2,2026-07-21,Livree
741,2,3,2025-11-09,Livree
742,3,3,2025-01-11,Expediee
743,3,2,2025-05-07,Livree
744,2,1,2025-01-01,Expediee
745,3,2,2026-06-18,Expediee
746,1,3,2025-09-17,Livree
747,1,3,2025-11-27,Livree
748,1,3,2025-04-24,Livree
749,2,2,2026-01-19,Livree
750,1,3,2026-07-10,Livree
751,1,2,2025-12-24,Livree
752,3,1,2026-01-06,Expediee
753,1,1,2025-12-31,Expediee
754,1,2,2025-11-26,En preparation
755,2,1,2026-02-10,Livree
756,1,3,2025-12-30,Livree
757,1,2,2025-05-07,Livree
758,1,1,2025-07-29,Livree
759,2,2,2026-07-18,Livree
760,3,2,2026-01-06,En preparation
761,1,3,2025-12-26,Livree
762,3,3,2026-05-21,Livree
763,1,3,2026-04-17,Livree
764,1,2,2025-09-01,Livree
765,2,2,2025-12-10,En preparation
766,2,2,2025-11-08,Livree
767,3,1,2026-07-30,Expediee
768,2,3,2026-02-20,Expediee
769,1,3,2026-07-30,Livree
770,1,2,2025-12-01,Annulee
771,2,2,2026-05-09,Livree
772,1,3,2025-07-21,Livree
773,2,2,2026-02-20,En preparation
774,1,3,2026-04-09,Livree
775,1,2,2025-04-08,En preparation
776,2,1,2025-05-29,Annulee
777,2,2,2025-10-01,Livree
778,3,3,2025-12-06,En preparation
779,3,1,2026-05-08,Livree
780,3,3,2026-07-30,Livree
781,1,1,2025-04-30,Expediee
782,1,3,2025-10-31,Annulee
783,2,1,2025-03-19,Expediee
784,1,1,2025-01-20,Livree
785,1,3,2025-07-10,Expediee
786,1,2,2025-07-23,Expediee
787,2,1,2026-01-13,Annulee
788,2,2,2026-05-08,Expediee
789,3,3,2026-03-01,Livree
790,2,1,2025-06-20,Livree
791,2,3,2026-01-21,Livree
792,2,2,2026-04-09,Expediee
793,1,1,2026-02-02,Livree
794,1,1,2026-05-26,Livree
795,2,1,2026-03-13,Livree
796,3,2,2026-06-14,Expediee
797,1,3,2025-09-11,En preparation
798,3,3,2025-01-04,Expediee
799,2,3,2025-08-22,Livree
800,3,1,2025-10-18,Expediee
801,3,2,2025-06-25,Livree
802,2,2,2026-06-19,En preparation
803,1,3,2025-11-18,En preparation
804,1,3,2026-01-07,En preparation
805,3,1,2025-10-02,En preparation
806,1,1,2025-01-11,En preparation
807,3,2,2025-08-31,Expediee
808,1,2,2025-05-26,Livree
809,1,2,2026-05-30,Livree
810,2,1,2025-12-09,Livree
811,3,2,2026-02-16,En preparation
812,2,1,2025-02-21,Livree
813,1,1,2025-06-08,Livree
814,2,3,2025-02-23,Livree
815,3,1,2026-04-07,Livree
816,1,1,2025-08-25,Expediee
817,3,2,2026-02-07,Expediee
818,1,3,2025-03-11,Livree
819,1,1,2026-03-27,Livree
820,1,2,2026-06-13,Livree
821,2,3,2025-04-06,Livree
822,3,1,2025-03-08,Expediee
823,3,3,2025-10-28,Livree
824,1,3,2025-06-04,Livree
825,1,3,2025-12-10,En preparation
826,1,2,2025-03-10,Expediee
827,3,2,2025-02-12,Livree
828,3,3,2026-06-08,Livree
829,1,3,2026-05-12,Expediee
830,1,1,2025-06-08,Livree
831,2,1,2025-07-02,Expediee
832,2,2,2025-08-14,Livree
833,1,2,2025-11-20,Expediee
834,3,3,2026-04-27,Livree
835,2,3,2026-02-12,Livree
836,3,1,2025-08-05,Expediee
837,3,2,2025-04-11,En preparation
838,1,3,2025-03-24,Livree
839,1,2,2025-10-18,En preparation
840,1,3,2025-12-16,Livree
841,3,1,2026-05-04,Annulee
842,1,1,2025-10-07,Expediee
843,1,2,2025-11-29,En preparation
844,1,3,2025-08-20,Livree
845,2,1,2026-02-20,En preparation
846,2,3,2025-01-24,Livree
847,3,1,2025-09-26,Annulee
848,1,1,2026-01-21,Livree
849,3,3,2025-01-15,En preparation
850,3,1,2025-11-30,Expediee
851,1,2,2026-02-21,En preparation
852,1,1,2025-04-09,Livree
853,1,1,2025-07-14,Expediee
854,1,3,2025-07-27,Livree
855,1,2,2026-07-18,Expediee
856,2,3,2025-10-26,Livree
857,2,1,2025-06-24,Livree
858,2,2,2026-04-05,Livree
859,3,2,2026-07-15,Expediee
860,1,1,2025-01-12,Livree
861,3,2,2026-05-23,Expediee
862,3,3,2025-06-19,Livree
863,1,3,2026-05-25,Livree
864,1,1,2026-07-10,Annulee
865,2,1,2025-03-02,Livree
866,2,1,2026-05-14,Livree
867,1,1,2025-10-14,Livree
868,3,2,2025-06-16,Livree
869,3,2,2026-05-28,Livree
870,1,2,2026-07-24,Annulee
871,3,1,2025-12-15,Expediee
872,2,2,2025-09-23,Livree
873,2,1,2025-05-10,Livree
874,3,3,2025-10-29,Expediee
875,3,1,2025-02-27,Expediee
876,1,1,2025-01-07,En preparation
877,3,3,2025-08-05,Expediee
878,3,3,2025-11-28,Livree
879,2,2,2026-01-13,Livree
880,3,3,2025-05-12,Livree
881,1,2,2026-03-20,Livree
882,3,3,2025-04-01,Annulee
883,2,1,2026-01-29,Livree
884,3,3,2025-01-07,Livree
885,3,3,2025-06-16,Livree
886,2,3,2025-10-23,En preparation
887,2,1,2025-08-15,En preparation
888,1,2,2025-11-22,Annulee
889,3,1,2025-09-27,En preparation
890,3,1,2025-01-23,Livree
891,2,3,2025-06-20,Livree
892,1,3,2025-03-27,Expediee
893,1,2,2026-02-20,Livree
894,3,1,2025-01-11,Livree
895,1,1,2026-05-06,Expediee
896,1,1,2026-01-27,Expediee
897,3,3,2025-01-19,Livree
898,2,2,2026-06-30,Livree
899,3,1,2025-11-05,Expediee
900,1,1,2025-04-20,Livree
901,3,2,2025-01-05,Livree
902,2,3,2026-03-07,Expediee
903,3,3,2025-04-05,Livree
904,2,3,2026-06-10,Livree
905,3,2,2026-01-02,Livree
906,2,3,2025-05-26,Livree
907,1,1,2025-09-30,En preparation
908,2,2,2026-03-30,Expediee
909,1,2,2026-03-14,Livree
910,3,1,2025-04-22,Livree
911,3,2,2025-09-12,Livree
912,2,3,2025-09-04,Livree
913,2,3,2025-09-26,Expediee
914,2,2,2026-02-13,Livree
915,3,2,2025-08-01,En preparation
916,2,1,2026-04-22,Expediee
917,1,3,2025-08-04,Annulee
918,3,1,2026-04-01,Expediee
919,1,2,2025-02-04,Livree
920,2,3,2026-06-25,Livree
921,2,2,2025-03-05,Expediee
922,1,3,2025-09-03,Livree
923,2,3,2025-10-10,Livree
924,2,3,2026-01-27,En preparation
925,2,1,2025-03-31,Livree
926,2,3,2025-03-23,En preparation
927,2,2,2025-09-19,En preparation
928,2,1,2025-12-29,Livree
929,2,2,2025-07-09,Livree
930,3,2,2026-04-06,Livree
931,2,2,2025-05-09,Livree
932,1,3,2025-07-10,Livree
933,1,1,2025-10-29,Livree
934,3,3,2025-01-21,Livree
935,1,1,2025-08-23,Livree
936,2,1,2025-05-08,Livree
937,3,2,2025-11-25,Expediee
938,1,1,2025-11-26,Livree
939,1,2,2025-12-24,Livree
940,3,1,2026-04-08,Livree
941,3,1,2026-05-07,Livree
942,1,3,2026-07-17,En preparation
943,3,1,2025-09-20,Expediee
944,2,3,2026-02-04,Livree
945,3,3,2025-02-05,En preparation
946,1,1,2025-11-18,En preparation
947,1,1,2026-07-05,Livree
948,3,2,2026-01-05,Expediee
949,3,2,2025-06-13,Livree
950,1,3,2026-02-16,Livree
951,1,2,2026-03-09,Expediee
952,3,2,2025-05-19,Expediee
953,3,2,2026-01-26,Livree
954,3,1,2026-06-15,Expediee
955,3,3,2025-11-14,Expediee
956,3,3,2025-05-30,Expediee
957,2,1,2025-01-24,Livree
958,2,3,2025-02-24,Livree
959,3,3,2025-04-04,Expediee
960,2,3,2025-03-28,Expediee
961,3,2,2025-07-10,Expediee
962,3,2,2025-01-21,Livree
963,3,3,2025-04-10,Livree
964,3,3,2026-02-06,Livree
965,1,3,2025-02-20,Livree
966,1,3,2026-02-12,Expediee
967,3,3,2025-03-03,Annulee
968,3,1,2025-07-10,Livree
969,3,1,2026-07-24,Expediee
970,3,2,2025-12-27,Livree
971,1,1,2026-02-26,En preparation
972,3,3,2025-12-21,Annulee
973,3,2,2026-02-04,Livree
974,1,2,2026-01-31,Livree
975,1,1,2025-06-30,Livree
976,1,3,2026-05-30,Livree
977,2,2,2026-03-14,Livree
978,2,1,2025-09-07,Livree
979,3,2,2026-07-15,En preparation
980,1,2,2026-04-17,En preparation
981,3,2,2025-08-03,Livree
982,1,2,2025-07-10,Livree
983,2,2,2025-06-04,En preparation
984,2,2,2026-01-13,Expediee
985,3,1,2026-03-16,Livree
986,2,1,2025-05-22,En preparation
987,2,1,2026-04-30,Expediee
988,3,2,2026-02-18,Livree
989,1,3,2026-04-13,Expediee
990,3,1,2025-06-06,Livree
991,1,2,2025-12-07,Livree
992,1,1,2025-04-04,Expediee
993,2,1,2025-10-03,Livree
994,3,2,2025-02-05,Livree
995,3,1,2026-07-29,En preparation
996,3,1,2026-07-31,Expediee
997,2,3,2025-09-07,Livree
998,1,3,2025-10-20,Expediee
999,1,3,2026-05-10,Livree
1000,1,1,2026-02-04,Livree
1001,1,3,2026-05-28,Livree
1002,2,3,2025-02-07,Expediee
1003,2,2,2025-05-26,En preparation
1004,3,3,2025-09-20,Livree
1005,2,1,2025-10-11,Livree
1006,3,3,2025-08-18,Livree
1007,1,3,2025-06-22,Expediee
1008,3,1,2025-10-18,Livree
1009,2,3,2025-11-24,Expediee
1010,2,1,2025-04-22,Livree
1011,1,2,2025-04-20,Expediee
1012,1,3,2025-04-02,Livree
1013,1,2,2025-07-18,Livree
1014,1,3,2026-01-20,Expediee
1015,1,1,2026-07-08,Expediee
1016,3,3,2025-10-19,En preparation
1017,1,2,2026-03-27,En preparation
1018,3,3,2025-12-02,En preparation
1019,1,1,2026-05-05,Expediee
1020,3,2,2025-10-01,Annulee
1021,2,3,2026-05-09,Livree
1022,1,2,2025-10-01,En preparation
1023,3,2,2025-09-01,En preparation
1024,2,2,2025-12-07,Expediee
1025,3,3,2025-08-19,Expediee
1026,1,2,2025-03-22,Expediee
1027,2,1,2026-06-24,Annulee
1028,1,2,2025-07-09,Annulee
1029,3,2,2026-05-03,En preparation
1030,3,2,2025-03-01,Annulee
1031,1,1,2026-01-30,Expediee
1032,2,1,2025-05-14,Livree
1033,3,2,2025-12-01,Expediee
1034,1,3,2026-06-14,En preparation
1035,3,2,2026-04-02,Livree
1036,3,1,2025-05-21,Livree
1037,1,2,2025-10-03,Livree
1038,1,3,2025-07-20,Livree
1039,2,1,2025-05-14,Livree
1040,1,2,2025-01-24,En preparation
1041,2,1,2026-04-14,Livree
1042,2,1,2025-10-06,Livree
1043,1,2,2025-06-03,Livree
1044,2,2,2026-06-16,En preparation
1045,3,1,2025-02-06,Annulee
1046,3,2,2026-06-14,En preparation
1047,3,2,2025-02-26,Expediee
1048,2,1,2025-10-16,Expediee
1049,2,2,2026-06-21,Livree
1050,3,1,2025-02-24,En preparation
1051,1,1,2026-02-22,Livree
1052,1,3,2026-01-22,Livree
1053,3,1,2025-12-10,En preparation
1054,1,3,2025-09-04,Livree
1055,1,2,2025-10-23,Livree
1056,3,3,2025-08-12,En preparation
1057,3,1,2025-11-15,Livree
1058,1,1,2025-10-24,Livree
1059,3,1,2025-01-16,En preparation
1060,3,2,2025-09-26,Annulee
1061,3,3,2025-05-16,Annulee
1062,2,2,2026-07-07,Expediee
1063,2,2,2025-10-29,Livree
1064,3,3,2025-10-10,Expediee
1065,2,3,2025-05-02,En preparation
1066,1,3,2025-11-09,En preparation
1067,1,3,2025-04-12,Expediee
1068,1,2,2025-10-05,Livree
1069,2,3,2025-05-17,Livree
1070,2,1,2026-03-13,En preparation
1071,2,2,2025-10-22,Livree
1072,2,3,2026-03-17,Livree
1073,3,1,2026-05-08,Livree
1074,1,2,2025-07-16,Livree
1075,2,1,2025-07-31,Expediee
1076,2,1,2026-06-25,En preparation
1077,3,2,2026-03-06,Livree
1078,1,1,2025-10-18,Livree
1079,1,1,2026-07-01,Livree
1080,1,3,2025-03-03,Livree
1081,1,2,2025-04-22,Expediee
1082,1,2,2025-07-14,Expediee
1083,3,1,2026-04-27,Expediee
1084,2,3,2026-01-09,Livree
1085,2,2,2025-11-10,Livree
1086,2,3,2025-05-15,Livree
1087,2,2,2025-05-03,Livree
1088,3,2,2026-04-18,Livree
1089,2,3,2025-08-30,En preparation
1090,3,1,2025-10-15,En preparation
1091,3,1,2025-08-31,En preparation
1092,3,3,2025-06-27,Expediee
1093,2,3,2026-07-20,Livree
1094,2,3,2025-04-24,Expediee
1095,3,2,2025-07-12,Expediee
1096,3,2,2026-03-08,Livree
1097,1,1,2025-09-11,En preparation
1098,3,2,2025-11-04,Livree
1099,1,3,2025-07-02,Livree
1100,3,2,2026-06-24,Livree
1101,1,1,2026-05-16,En preparation
1102,2,1,2025-02-02,Livree
1103,3,2,2026-01-18,Livree
1104,2,3,2025-05-08,Livree
1105,1,3,2025-07-19,Livree
1106,1,1,2025-03-29,Livree
1107,2,2,2025-02-12,En preparation
1108,1,2,2025-01-10,Livree
1109,2,2,2026-03-12,En preparation
1110,1,3,2025-02-08,Expediee
1111,2,3,2025-10-17,Livree
1112,1,1,2025-03-29,Livree
1113,3,3,2025-04-30,Livree
1114,3,2,2026-07-13,Livree
1115,3,2,2025-06-29,Expediee
1116,1,2,2026-05-27,Expediee
1117,3,2,2025-10-07,Annulee
1118,1,2,2025-10-06,En preparation
1119,3,3,2025-05-04,Expediee
1120,1,3,2025-06-26,En preparation
1121,3,3,2025-11-02,Livree
1122,1,3,2025-08-27,Livree
1123,2,2,2025-04-03,Livree
1124,2,3,2026-04-23,En preparation
1125,3,1,2025-11-25,En preparation
1126,1,1,2025-07-10,Expediee
1127,2,2,2026-03-06,Expediee
1128,3,3,2025-10-29,Expediee
1129,3,1,2025-03-01,Livree
1130,1,3,2025-12-12,Expediee
1131,1,2,2026-01-21,Livree
1132,1,1,2025-07-24,Expediee
1133,1,2,2026-05-28,Annulee
1134,2,1,2026-03-11,Livree
1135,3,3,2025-07-26,En preparation
1136,2,1,2026-01-09,Expediee
1137,3,1,2025-04-24,En preparation
1138,1,2,2025-11-12,Livree
1139,3,2,2026-05-17,Expediee
1140,1,3,2025-03-07,Expediee
1141,3,3,2025-09-12,Expediee
1142,3,3,2026-04-24,En preparation
1143,2,2,2025-07-05,En preparation
1144,2,3,2025-11-26,En preparation
1145,3,3,2025-10-08,Expediee
1146,1,2,2026-01-12,Expediee
1147,2,3,2026-03-30,Expediee
1148,1,2,2025-02-12,Livree
1149,1,3,2026-03-17,Livree
1150,3,3,2026-03-20,Expediee
1151,3,3,2026-04-23,Annulee
1152,1,2,2026-04-19,Livree
1153,2,2,2025-06-15,Livree
1154,2,1,2026-02-25,Expediee
1155,2,3,2025-06-09,Livree
1156,2,2,2025-07-13,Expediee
1157,1,2,2026-03-21,Livree
1158,1,1,2025-06-20,Expediee
1159,1,3,2025-07-18,Livree
1160,3,1,2026-03-21,En preparation
1161,1,1,2025-01-14,Expediee
1162,2,3,2025-05-19,Livree
1163,1,2,2025-04-15,Livree
1164,1,1,2026-05-13,En preparation
1165,1,1,2025-08-12,Livree
1166,3,2,2025-04-09,Expediee
1167,2,2,2025-01-19,Livree
1168,2,2,2025-07-09,Livree
1169,1,2,2025-02-09,Livree
1170,1,3,2025-08-17,Livree
1171,3,3,2025-07-29,Livree
1172,1,2,2026-01-14,Livree
1173,3,2,2025-08-03,Livree
1174,2,1,2025-11-28,Livree
1175,2,1,2025-03-04,En preparation
1176,3,3,2025-09-14,En preparation
1177,1,1,2025-01-18,Livree
1178,1,1,2025-07-13,Livree
1179,2,1,2025-07-08,Livree
1180,2,1,2026-01-13,Expediee
1181,2,1,2025-03-20,Livree
1182,1,1,2026-01-01,Livree
1183,1,1,2026-03-29,Livree
1184,2,3,2025-08-15,En preparation
1185,1,2,2026-04-17,Livree
1186,2,2,2025-07-02,Expediee
1187,1,2,2025-04-08,Livree
1188,2,1,2026-05-16,En preparation
1189,1,1,2025-01-25,Expediee
1190,2,3,2026-06-28,Livree
1191,3,3,2026-01-20,Annulee
1192,3,2,2026-07-07,Livree
1193,3,3,2025-06-02,Livree
1194,2,2,2025-01-14,Livree
1195,1,2,2025-07-25,Livree
1196,1,1,2025-12-15,Livree
1197,1,3,2026-07-24,Expediee
1198,3,2,2025-05-18,Livree
1199,3,2,2025-05-12,En preparation
1200,1,2,2025-08-29,Annulee
1201,2,2,2025-04-05,Livree
1202,3,1,2026-04-27,Expediee
1203,2,3,2025-09-30,Livree
1204,1,3,2026-01-19,En preparation
1205,1,3,2025-10-04,Livree
1206,3,1,2026-01-03,Livree
1207,1,3,2025-07-20,Expediee
1208,1,1,2025-08-10,Livree
1209,2,1,2025-05-22,En preparation
1210,3,3,2025-08-19,Expediee
1211,1,3,2025-01-04,Livree
1212,3,3,2025-03-22,En preparation
1213,3,3,2025-04-09,Livree
1214,3,2,2025-09-25,Livree
1215,1,3,2025-07-16,En preparation
1216,3,2,2025-04-14,Annulee
1217,2,1,2025-09-23,Livree
1218,3,1,2026-05-09,Livree
1219,1,3,2025-12-23,Livree
1220,3,1,2026-04-01,Livree
1221,1,1,2026-05-17,Livree
1222,1,2,2026-05-27,Livree
1223,3,3,2025-05-23,En preparation
1224,1,1,2025-03-26,Expediee
1225,1,2,2025-02-05,Expediee
1226,3,1,2025-06-29,Livree
1227,3,3,2025-12-09,Expediee
1228,1,2,2026-05-15,En preparation
1229,3,3,2026-05-04,Expediee
1230,1,2,2025-09-14,Livree
1231,1,3,2025-08-02,Livree
1232,3,2,2025-06-25,En preparation
1233,2,3,2025-08-21,Expediee
1234,1,1,2025-06-14,Livree
1235,3,3,2025-06-17,Annulee
1236,3,1,2025-06-02,Livree
1237,3,3,2025-04-16,Livree
1238,1,3,2026-03-05,Livree
1239,3,1,2026-02-07,Livree
1240,3,3,2025-01-19,Expediee
1241,1,3,2025-05-28,Livree
1242,3,1,2025-10-02,Livree
1243,3,3,2026-03-24,Livree
1244,2,2,2025-01-21,Livree
1245,2,3,2026-02-05,Livree
1246,1,2,2025-10-15,En preparation
1247,3,1,2026-05-01,Livree
1248,1,1,2025-02-20,Livree
1249,3,1,2025-07-23,En preparation
1250,1,2,2026-07-12,Expediee
1251,2,1,2025-01-17,Livree
1252,3,2,2025-05-02,Livree
1253,3,1,2026-06-04,Livree
1254,3,3,2026-01-25,Livree
1255,1,1,2025-06-17,Livree
1256,1,1,2026-07-07,En preparation
1257,2,1,2025-04-15,Livree
1258,3,2,2026-03-06,Expediee
1259,1,1,2026-06-19,Livree
1260,1,1,2025-08-30,En preparation
1261,2,1,2026-02-23,Livree
1262,1,3,2025-05-03,Expediee
1263,3,3,2025-08-17,Livree
1264,1,2,2025-01-14,Expediee
1265,2,1,2026-06-16,Livree
1266,1,2,2026-03-21,Livree
1267,3,2,2025-05-31,Livree
1268,3,3,2025-04-07,Livree
1269,3,2,2025-07-18,En preparation
1270,3,2,2026-05-01,En preparation
1271,1,3,2025-10-12,En preparation
1272,3,1,2025-05-17,Expediee
1273,3,3,2025-02-12,Livree
1274,1,3,2025-12-10,Livree
1275,3,1,2026-02-09,Livree
1276,3,2,2026-02-27,En preparation
1277,3,1,2025-06-18,Livree
1278,3,1,2025-07-06,En preparation
1279,1,1,2025-01-06,En preparation
1280,1,1,2026-06-04,Livree
1281,2,2,2025-05-18,Expediee
1282,2,1,2025-02-15,Expediee
1283,2,1,2025-05-06,En preparation
1284,1,2,2025-06-30,Livree
1285,2,1,2025-06-09,Expediee
1286,3,3,2025-09-04,Livree
1287,3,1,2026-07-18,Annulee
1288,2,1,2025-07-03,Livree
1289,1,1,2025-01-11,Expediee
1290,2,1,2026-03-21,Livree
1291,1,2,2025-06-27,En preparation
1292,2,3,2025-02-17,Livree
1293,1,3,2025-09-29,Livree
1294,2,2,2026-03-19,Livree
1295,2,3,2025-01-31,En preparation
1296,1,1,2025-09-15,Expediee
1297,1,3,2025-03-07,Livree
1298,1,3,2026-05-26,Livree
1299,2,3,2026-01-22,Expediee
1300,3,2,2026-06-14,Livree
1301,1,1,2026-06-07,Livree
1302,1,1,2025-10-02,Expediee
1303,3,3,2025-09-12,Livree
1304,1,2,2026-02-16,En preparation
1305,2,2,2025-01-20,Annulee
1306,2,3,2025-08-12,Expediee
1307,1,2,2026-04-11,Livree
1308,2,1,2025-11-03,Livree
1309,1,2,2026-01-05,Expediee
1310,2,1,2025-12-21,Livree
1311,3,2,2025-11-09,Livree
1312,2,2,2026-02-23,Livree
1313,2,2,2026-07-08,Expediee
1314,1,1,2025-01-31,Livree
1315,2,1,2025-06-11,Livree
1316,3,3,2026-04-25,Livree
1317,3,3,2025-05-11,Expediee
1318,1,3,2025-04-22,Expediee
1319,3,1,2025-11-19,Livree
1320,3,3,2025-03-09,En preparation
1321,2,2,2025-10-10,En preparation
1322,2,1,2026-04-26,Livree
1323,2,3,2025-06-17,Livree
1324,3,1,2026-07-30,Livree
1325,1,1,2025-05-10,Livree
1326,3,2,2026-07-27,Expediee
1327,3,3,2025-04-01,Livree
1328,3,2,2026-02-14,Expediee
1329,1,1,2025-04-26,Livree
1330,1,1,2025-01-30,Expediee
1331,3,2,2025-05-24,Livree
1332,1,3,2026-03-20,Expediee
1333,1,1,2025-08-24,Livree
1334,2,1,2026-04-18,Annulee
1335,1,1,2025-05-03,Livree
1336,1,1,2026-04-25,Expediee
1337,2,1,2026-02-21,Livree
1338,1,3,2026-06-15,Livree
1339,3,2,2025-09-29,Expediee
1340,1,1,2025-06-27,Annulee
1341,1,2,2025-10-06,Livree
1342,2,3,2025-05-06,Livree
1343,1,2,2026-02-17,En preparation
1344,2,1,2026-06-16,En preparation
1345,1,1,2025-02-15,Livree
1346,2,2,2025-05-14,Expediee
1347,3,1,2025-01-31,Livree
1348,3,1,2026-07-19,En preparation
1349,1,1,2026-01-30,Livree
1350,2,1,2025-11-08,Livree
1351,2,2,2025-11-27,Expediee
1352,2,2,2025-12-06,Expediee
1353,2,1,2025-01-25,Livree
1354,3,2,2026-06-02,Livree
1355,2,3,2025-01-03,Livree
1356,3,2,2026-05-18,Expediee
1357,3,3,2025-08-16,Livree
1358,2,1,2025-06-13,Expediee
1359,1,2,2025-02-09,Livree
1360,3,3,2026-01-27,Expediee
1361,2,3,2025-04-18,Livree
1362,2,1,2026-02-23,Livree
1363,1,1,2025-05-27,Livree
1364,3,2,2026-06-08,Expediee
1365,2,3,2026-05-09,Livree
1366,2,1,2025-10-03,Livree
1367,3,3,2026-06-05,En preparation
1368,3,3,2025-08-08,Expediee
1369,1,1,2026-03-12,Livree
1370,2,3,2025-11-07,Livree
1371,3,1,2025-03-11,Livree
1372,1,2,2026-07-14,Livree
1373,3,1,2025-11-08,Livree
1374,3,1,2025-11-30,Livree
1375,1,2,2026-07-30,Livree
1376,1,3,2026-02-25,Annulee
1377,3,1,2025-03-17,Livree
1378,2,3,2026-05-31,Livree
1379,2,3,2025-03-12,Livree
1380,1,2,2025-03-30,Livree
1381,1,2,2025-09-02,Livree
1382,1,1,2025-01-20,En preparation
1383,2,3,2025-08-01,Expediee
1384,2,2,2026-02-22,Expediee
1385,1,3,2025-05-24,Expediee
1386,3,2,2025-05-05,Expediee
1387,2,3,2026-05-26,Livree
1388,2,3,2025-07-15,Livree
1389,1,1,2025-05-15,En preparation
1390,2,1,2026-05-12,Expediee
1391,3,2,2025-09-23,Livree
1392,1,2,2025-04-10,Livree
1393,2,3,2025-04-24,Expediee
1394,3,3,2026-07-27,Expediee
1395,3,2,2026-06-17,Livree
1396,2,1,2025-02-02,Livree
1397,3,1,2025-09-15,Expediee
1398,2,2,2025-05-14,Livree
1399,3,3,2025-06-18,Livree
1400,3,2,2026-04-01,Livree
