id,commande_id,tracking_number,transporteur,date_expedition,date_livraison_prevue,date_livraison_reelle,statut
1,1,OMG0000001,RapidFret,2025-12-24,2025-12-29,2025-12-29,Livree
2,2,OMG0000002,TransUnion Logistique,2025-10-25,2025-10-28,2025-10-28,Livree
4,4,OMG0000004,TransUnion Logistique,2025-07-30,2025-08-04,2025-08-04,Livree
5,5,OMG0000005,EcoRoute,2025-04-20,2025-04-25,2025-04-24,Livree
7,7,OMG0000007,TransUnion Logistique,2025-12-06,2025-12-09,2025-12-08,Livree
8,8,OMG0000008,TransUnion Logistique,2026-04-23,2026-04-24,2026-04-26,Livree
9,9,OMG0000009,EcoRoute,2025-07-08,2025-07-11,,En cours
10,10,OMG0000010,RapidFret,2025-05-10,2025-05-11,2025-05-10,Livree
12,12,OMG0000012,RapidFret,2025-01-28,2025-02-02,,En cours
13,13,OMG0000013,EcoRoute,2026-03-28,2026-04-02,2026-04-05,Livree
14,14,OMG0000014,RapidFret,2025-11-11,2025-11-14,,En cours
15,15,OMG0000015,RapidFret,2025-07-15,2025-07-16,,En cours
16,16,OMG0000016,EcoRoute,2025-05-14,2025-05-16,2025-05-15,Livree
17,17,OMG0000017,EcoRoute,2025-05-04,2025-05-05,2025-05-07,Livree
19,19,OMG0000019,TransUnion Logistique,2026-06-13,2026-06-18,,En cours
20,20,OMG0000020,RapidFret,2026-06-09,2026-06-11,,En cours
22,22,OMG0000022,EcoRoute,2025-04-16,2025-04-17,,En cours
23,23,OMG0000023,TransUnion Logistique,2026-05-25,2026-05-30,2026-05-30,Livree
24,24,OMG0000024,EcoRoute,2025-07-18,2025-07-19,,En cours
25,25,OMG0000025,TransUnion Logistique,2026-08-01,2026-08-03,2026-08-03,Livree
27,27,OMG0000027,EcoRoute,2025-05-03,2025-05-08,,En cours
28,28,OMG0000028,TransUnion Logistique,2025-07-31,2025-08-01,2025-07-31,Livree
29,29,OMG0000029,EcoRoute,2025-06-26,2025-06-28,2025-06-27,Livree
30,30,OMG0000030,TransUnion Logistique,2025-01-26,2025-01-28,2025-01-28,Livree
31,31,OMG0000031,TransUnion Logistique,2025-04-01,2025-04-06,2025-04-06,Livree
32,32,OMG0000032,EcoRoute,2026-07-16,2026-07-19,,En cours
33,33,OMG0000033,TransUnion Logistique,2025-08-14,2025-08-17,2025-08-17,Livree
34,34,OMG0000034,TransUnion Logistique,2026-06-11,2026-06-14,2026-06-14,Livree
35,35,OMG0000035,EcoRoute,2026-03-26,2026-03-31,2026-03-31,Livree
36,36,OMG0000036,TransUnion Logistique,2025-12-25,2025-12-26,2025-12-25,Livree
37,37,OMG0000037,EcoRoute,2026-05-12,2026-05-13,2026-05-12,Livree
38,38,OMG0000038,TransUnion Logistique,2025-06-17,2025-06-20,2025-06-20,Livree
39,39,OMG0000039,RapidFret,2025-11-26,2025-12-01,2025-11-30,Livree
40,40,OMG0000040,TransUnion Logistique,2025-01-24,2025-01-25,,En cours
41,41,OMG0000041,RapidFret,2025-07-17,2025-07-18,,En cours
43,43,OMG0000043,RapidFret,2025-01-21,2025-01-23,,En cours
44,44,OMG0000044,TransUnion Logistique,2025-09-26,2025-09-29,2025-09-28,Livree
46,46,OMG0000046,TransUnion Logistique,2026-06-05,2026-06-07,2026-06-07,Livree
47,47,OMG0000047,TransUnion Logistique,2026-07-03,2026-07-05,,En cours
48,48,OMG0000048,EcoRoute,2026-06-25,2026-06-27,2026-06-27,Livree
49,49,OMG0000049,RapidFret,2025-04-06,2025-04-07,,En cours
50,50,OMG0000050,RapidFret,2025-08-26,2025-08-28,2025-08-28,Livree
51,51,OMG0000051,RapidFret,2026-01-08,2026-01-11,2026-01-11,Livree
52,52,OMG0000052,TransUnion Logistique,2025-08-26,2025-08-29,2025-08-29,Livree
54,54,OMG0000054,TransUnion Logistique,2025-06-15,2025-06-18,2025-06-19,Livree
55,55,OMG0000055,EcoRoute,2026-04-10,2026-04-15,2026-04-15,Livree
57,57,OMG0000057,TransUnion Logistique,2025-07-29,2025-08-01,,En cours
61,61,OMG0000061,EcoRoute,2026-04-03,2026-04-05,2026-04-05,Livree
62,62,OMG0000062,TransUnion Logistique,2025-02-02,2025-02-04,2025-02-07,Livree
63,63,OMG0000063,RapidFret,2026-05-03,2026-05-05,2026-05-05,Livree
64,64,OMG0000064,TransUnion Logistique,2026-04-22,2026-04-23,,En cours
65,65,OMG0000065,EcoRoute,2025-05-04,2025-05-07,2025-05-07,Livree
66,66,OMG0000066,RapidFret,2025-04-20,2025-04-23,,En cours
67,67,OMG0000067,TransUnion Logistique,2026-01-13,2026-01-15,2026-01-14,Livree
68,68,OMG0000068,RapidFret,2025-05-02,2025-05-03,2025-05-02,Livree
69,69,OMG0000069,TransUnion Logistique,2025-01-15,2025-01-20,,En cours
70,70,OMG0000070,RapidFret,2026-01-17,2026-01-22,,En cours
72,72,OMG0000072,TransUnion Logistique,2025-01-26,2025-01-28,2025-01-27,Livree
73,73,OMG0000073,RapidFret,2025-05-22,2025-05-24,2025-05-24,Livree
74,74,OMG0000074,EcoRoute,2025-07-19,2025-07-20,2025-07-19,Livree
77,77,OMG0000077,EcoRoute,2026-01-24,2026-01-29,,En cours
78,78,OMG0000078,TransUnion Logistique,2026-05-20,2026-05-21,2026-05-20,Livree
79,79,OMG0000079,EcoRoute,2025-08-02,2025-08-03,,En cours
80,80,OMG0000080,TransUnion Logistique,2025-11-04,2025-11-07,2025-11-06,Livree
81,81,OMG0000081,RapidFret,2026-05-20,2026-05-21,2026-05-20,Livree
83,83,OMG0000083,RapidFret,2025-06-21,2025-06-22,2025-06-22,Livree
84,84,OMG0000084,EcoRoute,2026-06-01,2026-06-02,2026-06-02,Livree
86,86,OMG0000086,RapidFret,2025-07-27,2025-07-29,2025-07-28,Livree
87,87,OMG0000087,EcoRoute,2026-02-14,2026-02-16,2026-02-15,Livree
88,88,OMG0000088,TransUnion Logistique,2025-03-07,2025-03-09,2025-03-09,Livree
89,89,OMG0000089,TransUnion Logistique,2026-04-20,2026-04-22,2026-04-21,Livree
90,90,OMG0000090,TransUnion Logistique,2025-11-21,2025-11-22,,En cours
91,91,OMG0000091,EcoRoute,2026-07-31,2026-08-05,2026-08-05,Livree
93,93,OMG0000093,RapidFret,2025-10-14,2025-10-17,2025-10-17,Livree
94,94,OMG0000094,RapidFret,2026-07-01,2026-07-02,,En cours
95,95,OMG0000095,RapidFret,2025-06-18,2025-06-19,2025-06-18,Livree
96,96,OMG0000096,EcoRoute,2025-08-03,2025-08-05,2025-08-08,Livree
98,98,OMG0000098,RapidFret,2025-01-07,2025-01-08,2025-01-08,Livree
99,99,OMG0000099,TransUnion Logistique,2026-02-22,2026-02-25,,En cours
100,100,OMG0000100,EcoRoute,2025-11-12,2025-11-13,2025-11-13,Livree
101,101,OMG0000101,TransUnion Logistique,2025-08-30,2025-09-02,,En cours
102,102,OMG0000102,TransUnion Logistique,2025-04-27,2025-05-02,2025-05-05,Livree
103,103,OMG0000103,TransUnion Logistique,2026-03-28,2026-03-30,2026-03-29,Livree
104,104,OMG0000104,TransUnion Logistique,2025-02-18,2025-02-21,2025-02-21,Livree
105,105,OMG0000105,TransUnion Logistique,2025-05-29,2025-05-30,2025-05-29,Livree
106,106,OMG0000106,EcoRoute,2026-04-22,2026-04-23,2026-04-22,Livree
107,107,OMG0000107,TransUnion Logistique,2025-07-16,2025-07-18,,En cours
108,108,OMG0000108,RapidFret,2026-07-04,2026-07-05,,En cours
109,109,OMG0000109,TransUnion Logistique,2025-03-22,2025-03-27,2025-03-27,Livree
111,111,OMG0000111,TransUnion Logistique,2025-08-08,2025-08-13,,En cours
112,112,OMG0000112,TransUnion Logistique,2025-08-03,2025-08-04,2025-08-04,Livree
113,113,OMG0000113,RapidFret,2025-09-09,2025-09-11,,En cours
114,114,OMG0000114,EcoRoute,2025-05-01,2025-05-02,2025-05-04,Livree
115,115,OMG0000115,EcoRoute,2026-05-09,2026-05-10,2026-05-10,Livree
117,117,OMG0000117,EcoRoute,2026-03-09,2026-03-14,2026-03-14,Livree
118,118,OMG0000118,TransUnion Logistique,2025-04-16,2025-04-17,2025-04-17,Livree
120,120,OMG0000120,EcoRoute,2025-11-11,2025-11-12,,En cours
121,121,OMG0000121,EcoRoute,2025-03-24,2025-03-26,2025-03-28,Livree
123,123,OMG0000123,EcoRoute,2026-06-16,2026-06-17,2026-06-17,Livree
124,124,OMG0000124,EcoRoute,2025-10-29,2025-10-31,,En cours
125,125,OMG0000125,EcoRoute,2025-10-17,2025-10-20,2025-10-22,Livree
126,126,OMG0000126,EcoRoute,2026-04-24,2026-04-29,2026-04-29,Livree
127,127,OMG0000127,RapidFret,2025-08-23,2025-08-24,,En cours
128,128,OMG0000128,RapidFret,2026-03-22,2026-03-23,2026-03-22,Livree
129,129,OMG0000129,RapidFret,2026-06-17,2026-06-20,2026-06-20,Livree
130,130,OMG0000130,RapidFret,2025-08-27,2025-09-01,2025-08-31,Livree
131,131,OMG0000131,EcoRoute,2026-04-24,2026-04-25,2026-04-28,Livree
132,132,OMG0000132,RapidFret,2025-06-17,2025-06-19,,En cours
133,133,OMG0000133,TransUnion Logistique,2026-01-14,2026-01-16,2026-01-16,Livree
134,134,OMG0000134,TransUnion Logistique,2025-04-10,2025-04-13,2025-04-12,Livree
135,135,OMG0000135,EcoRoute,2025-09-03,2025-09-05,2025-09-07,Livree
138,138,OMG0000138,TransUnion Logistique,2025-11-14,2025-11-17,2025-11-16,Livree
139,139,OMG0000139,RapidFret,2026-04-23,2026-04-26,2026-04-26,Livree
140,140,OMG0000140,EcoRoute,2025-11-11,2025-11-13,2025-11-13,Livree
141,141,OMG0000141,RapidFret,2025-09-16,2025-09-21,,En cours
142,142,OMG0000142,RapidFret,2026-06-10,2026-06-15,2026-06-17,Livree
144,144,OMG0000144,EcoRoute,2025-04-29,2025-05-04,2025-05-04,Livree
145,145,OMG0000145,TransUnion Logistique,2026-01-10,2026-01-13,2026-01-13,Livree
146,146,OMG0000146,TransUnion Logistique,2025-06-27,2025-06-29,,En cours
147,147,OMG0000147,EcoRoute,2025-04-26,2025-04-29,2025-04-29,Livree
151,151,OMG0000151,TransUnion Logistique,2026-07-18,2026-07-19,,En cours
152,152,OMG0000152,EcoRoute,2025-08-14,2025-08-16,,En cours
153,153,OMG0000153,EcoRoute,2025-04-16,2025-04-21,,En cours
155,155,OMG0000155,RapidFret,2025-07-15,2025-07-20,2025-07-20,Livree
156,156,OMG0000156,TransUnion Logistique,2025-12-30,2026-01-01,2025-12-31,Livree
157,157,OMG0000157,RapidFret,2026-03-04,2026-03-05,,En cours
158,158,OMG0000158,RapidFret,2025-04-29,2025-05-02,2025-05-01,Livree
159,159,OMG0000159,RapidFret,2026-06-08,2026-06-13,,En cours
160,160,OMG0000160,EcoRoute,2026-06-30,2026-07-02,2026-07-01,Livree
161,161,OMG0000161,EcoRoute,2025-11-25,2025-11-28,2025-11-28,Livree
163,163,OMG0000163,EcoRoute,2025-05-28,2025-05-29,,En cours
165,165,OMG0000165,TransUnion Logistique,2025-07-05,2025-07-06,2025-07-05,Livree
166,166,OMG0000166,EcoRoute,2026-06-11,2026-06-13,,En cours
168,168,OMG0000168,TransUnion Logistique,2026-02-26,2026-02-28,2026-02-28,Livree
169,169,OMG0000169,RapidFret,2025-06-08,2025-06-11,2025-06-11,Livree
172,172,OMG0000172,TransUnion Logistique,2026-04-18,2026-04-20,,En cours
173,173,OMG0000173,EcoRoute,2026-01-02,2026-01-07,,En cours
174,174,OMG0000174,TransUnion Logistique,2026-07-16,2026-07-18,2026-07-17,Livree
175,175,OMG0000175,EcoRoute,2026-05-15,2026-05-18,,En cours
176,176,OMG0000176,EcoRoute,2025-11-21,2025-11-23,2025-11-26,Livree
177,177,OMG0000177,TransUnion Logistique,2026-06-01,2026-06-02,2026-06-05,Livree
178,178,OMG0000178,RapidFret,2025-01-17,2025-01-19,2025-01-18,Livree
182,182,OMG0000182,RapidFret,2026-01-06,2026-01-07,2026-01-06,Livree
183,183,OMG0000183,EcoRoute,2025-04-25,2025-04-27,,En cours
184,184,OMG0000184,TransUnion Logistique,2026-01-28,2026-01-30,,En cours
186,186,OMG0000186,RapidFret,2025-03-09,2025-03-11,2025-03-11,Livree
187,187,OMG0000187,TransUnion Logistique,2025-12-04,2025-12-06,2025-12-08,Livree
188,188,OMG0000188,TransUnion Logistique,2026-03-13,2026-03-14,,En cours
189,189,OMG0000189,RapidFret,2025-05-12,2025-05-14,2025-05-16,Livree
190,190,OMG0000190,TransUnion Logistique,2026-04-30,2026-05-03,2026-05-03,Livree
192,192,OMG0000192,TransUnion Logistique,2025-03-31,2025-04-05,,En cours
193,193,OMG0000193,EcoRoute,2025-02-24,2025-02-26,,En cours
194,194,OMG0000194,EcoRoute,2026-02-01,2026-02-02,,En cours
195,195,OMG0000195,EcoRoute,2026-05-20,2026-05-22,2026-05-21,Livree
196,196,OMG0000196,RapidFret,2026-01-27,2026-01-29,2026-01-29,Livree
197,197,OMG0000197,RapidFret,2025-10-01,2025-10-02,2025-10-02,Livree
199,199,OMG0000199,RapidFret,2026-03-13,2026-03-15,2026-03-15,Livree
200,200,OMG0000200,RapidFret,2025-06-11,2025-06-13,2025-06-13,Livree
201,201,OMG0000201,RapidFret,2026-01-19,2026-01-21,2026-01-20,Livree
202,202,OMG0000202,TransUnion Logistique,2025-08-24,2025-08-26,,En cours
204,204,OMG0000204,TransUnion Logistique,2025-09-06,2025-09-11,,En cours
205,205,OMG0000205,EcoRoute,2026-03-19,2026-03-20,2026-03-19,Livree
206,206,OMG0000206,EcoRoute,2026-02-04,2026-02-07,2026-02-07,Livree
208,208,OMG0000208,EcoRoute,2025-07-26,2025-07-27,2025-07-26,Livree
210,210,OMG0000210,RapidFret,2025-10-04,2025-10-05,2025-10-04,Livree
211,211,OMG0000211,RapidFret,2025-07-17,2025-07-19,2025-07-19,Livree
214,214,OMG0000214,RapidFret,2025-09-09,2025-09-10,,En cours
215,215,OMG0000215,RapidFret,2025-12-10,2025-12-12,2025-12-11,Livree
216,216,OMG0000216,RapidFret,2026-05-03,2026-05-05,2026-05-08,Livree
217,217,OMG0000217,RapidFret,2025-12-16,2025-12-17,2025-12-17,Livree
218,218,OMG0000218,TransUnion Logistique,2025-08-22,2025-08-25,2025-08-24,Livree
219,219,OMG0000219,RapidFret,2026-05-07,2026-05-09,,En cours
220,220,OMG0000220,RapidFret,2026-05-18,2026-05-23,2026-05-22,Livree
221,221,OMG0000221,TransUnion Logistique,2025-10-31,2025-11-02,2025-11-02,Livree
222,222,OMG0000222,EcoRoute,2026-04-06,2026-04-08,2026-04-08,Livree
223,223,OMG0000223,EcoRoute,2026-04-26,2026-04-27,2026-04-26,Livree
226,226,OMG0000226,TransUnion Logistique,2026-02-14,2026-02-16,2026-02-16,Livree
227,227,OMG0000227,RapidFret,2026-05-06,2026-05-07,2026-05-07,Livree
228,228,OMG0000228,RapidFret,2025-01-06,2025-01-08,2025-01-08,Livree
229,229,OMG0000229,RapidFret,2026-07-12,2026-07-13,,En cours
232,232,OMG0000232,RapidFret,2025-08-27,2025-09-01,,En cours
233,233,OMG0000233,TransUnion Logistique,2025-01-21,2025-01-24,2025-01-24,Livree
234,234,OMG0000234,EcoRoute,2026-07-11,2026-07-16,2026-07-16,Livree
235,235,OMG0000235,EcoRoute,2025-03-19,2025-03-21,2025-03-20,Livree
236,236,OMG0000236,TransUnion Logistique,2025-09-06,2025-09-07,2025-09-09,Livree
237,237,OMG0000237,EcoRoute,2025-04-05,2025-04-06,2025-04-06,Livree
238,238,OMG0000238,RapidFret,2025-02-02,2025-02-07,2025-02-07,Livree
239,239,OMG0000239,RapidFret,2026-03-09,2026-03-10,,En cours
242,242,OMG0000242,RapidFret,2025-12-28,2025-12-30,2025-12-29,Livree
243,243,OMG0000243,EcoRoute,2026-04-28,2026-04-30,2026-04-29,Livree
245,245,OMG0000245,EcoRoute,2025-05-21,2025-05-22,2025-05-22,Livree
247,247,OMG0000247,RapidFret,2026-06-30,2026-07-01,2026-06-30,Livree
248,248,OMG0000248,TransUnion Logistique,2025-01-02,2025-01-05,2025-01-05,Livree
250,250,OMG0000250,EcoRoute,2025-05-17,2025-05-22,,En cours
251,251,OMG0000251,EcoRoute,2026-04-15,2026-04-20,2026-04-20,Livree
252,252,OMG0000252,RapidFret,2026-07-22,2026-07-23,,En cours
253,253,OMG0000253,RapidFret,2025-10-25,2025-10-26,2025-10-26,Livree
254,254,OMG0000254,EcoRoute,2025-10-22,2025-10-25,2025-10-25,Livree
255,255,OMG0000255,RapidFret,2026-05-26,2026-05-31,2026-05-31,Livree
256,256,OMG0000256,RapidFret,2026-03-25,2026-03-26,2026-03-27,Livree
257,257,OMG0000257,RapidFret,2025-03-09,2025-03-11,2025-03-11,Livree
258,258,OMG0000258,EcoRoute,2025-10-31,2025-11-02,2025-11-01,Livree
260,260,OMG0000260,RapidFret,2026-01-09,2026-01-10,2026-01-10,Livree
261,261,OMG0000261,EcoRoute,2025-02-07,2025-02-10,2025-02-09,Livree
263,263,OMG0000263,RapidFret,2025-08-15,2025-08-16,,En cours
265,265,OMG0000265,RapidFret,2025-02-12,2025-02-17,,En cours
266,266,OMG0000266,TransUnion Logistique,2025-12-13,2025-12-15,,En cours
267,267,OMG0000267,EcoRoute,2025-05-05,2025-05-07,2025-05-09,Livree
268,268,OMG0000268,EcoRoute,2025-10-17,2025-10-19,,En cours
269,269,OMG0000269,TransUnion Logistique,2025-08-12,2025-08-13,2025-08-13,Livree
270,270,OMG0000270,TransUnion Logistique,2026-02-05,2026-02-08,2026-02-08,Livree
272,272,OMG0000272,TransUnion Logistique,2026-06-13,2026-06-18,2026-06-19,Livree
273,273,OMG0000273,EcoRoute,2025-09-14,2025-09-19,,En cours
275,275,OMG0000275,RapidFret,2026-07-21,2026-07-26,,En cours
276,276,OMG0000276,RapidFret,2026-05-27,2026-05-29,2026-05-28,Livree
277,277,OMG0000277,TransUnion Logistique,2026-03-28,2026-04-02,,En cours
281,281,OMG0000281,EcoRoute,2025-12-02,2025-12-03,2025-12-02,Livree
282,282,OMG0000282,TransUnion Logistique,2026-06-25,2026-06-26,,En cours
284,284,OMG0000284,RapidFret,2025-01-17,2025-01-18,2025-01-18,Livree
285,285,OMG0000285,RapidFret,2025-07-19,2025-07-22,,En cours
286,286,OMG0000286,TransUnion Logistique,2026-05-06,2026-05-08,2026-05-09,Livree
287,287,OMG0000287,RapidFret,2025-06-08,2025-06-09,,En cours
288,288,OMG0000288,TransUnion Logistique,2026-06-05,2026-06-07,2026-06-07,Livree
289,289,OMG0000289,RapidFret,2025-02-12,2025-02-17,2025-02-18,Livree
290,290,OMG0000290,TransUnion Logistique,2026-05-20,2026-05-21,2026-05-21,Livree
291,291,OMG0000291,EcoRoute,2026-01-08,2026-01-10,,En cours
293,293,OMG0000293,TransUnion Logistique,2025-02-06,2025-02-08,2025-02-08,Livree
295,295,OMG0000295,RapidFret,2026-01-30,2026-02-02,,En cours
296,296,OMG0000296,RapidFret,2025-12-16,2025-12-18,,En cours
298,298,OMG0000298,EcoRoute,2026-01-06,2026-01-11,,En cours
299,299,OMG0000299,TransUnion Logistique,2026-07-03,2026-07-06,2026-07-06,Livree
300,300,OMG0000300,EcoRoute,2025-05-30,2025-06-01,,En cours
301,301,OMG0000301,EcoRoute,2025-01-08,2025-01-11,2025-01-11,Livree
302,302,OMG0000302,EcoRoute,2026-07-25,2026-07-28,,En cours
303,303,OMG0000303,EcoRoute,2025-08-04,2025-08-09,2025-08-09,Livree
304,304,OMG0000304,TransUnion Logistique,2026-05-09,2026-05-12,2026-05-11,Livree
306,306,OMG0000306,RapidFret,2026-06-07,2026-06-10,2026-06-12,Livree
309,309,OMG0000309,RapidFret,2025-06-29,2025-06-30,,En cours
310,310,OMG0000310,RapidFret,2026-02-07,2026-02-08,2026-02-07,Livree
311,311,OMG0000311,TransUnion Logistique,2026-07-07,2026-07-12,,En cours
312,312,OMG0000312,RapidFret,2025-10-08,2025-10-10,2025-10-09,Livree
314,314,OMG0000314,TransUnion Logistique,2025-01-10,2025-01-12,2025-01-12,Livree
315,315,OMG0000315,EcoRoute,2026-07-18,2026-07-19,2026-07-18,Livree
316,316,OMG0000316,EcoRoute,2025-02-24,2025-03-01,2025-03-01,Livree
317,317,OMG0000317,TransUnion Logistique,2025-01-20,2025-01-23,2025-01-23,Livree
318,318,OMG0000318,TransUnion Logistique,2026-05-06,2026-05-11,2026-05-11,Livree
319,319,OMG0000319,RapidFret,2025-08-15,2025-08-17,,En cours
320,320,OMG0000320,EcoRoute,2026-03-02,2026-03-03,2026-03-06,Livree
321,321,OMG0000321,RapidFret,2026-03-04,2026-03-05,,En cours
322,322,OMG0000322,RapidFret,2026-06-07,2026-06-09,,En cours
323,323,OMG0000323,TransUnion Logistique,2026-03-28,2026-03-29,2026-03-29,Livree
325,325,OMG0000325,TransUnion Logistique,2025-01-07,2025-01-09,2025-01-09,Livree
326,326,OMG0000326,RapidFret,2025-03-27,2025-03-30,2025-03-29,Livree
327,327,OMG0000327,EcoRoute,2025-07-23,2025-07-25,2025-07-25,Livree
328,328,OMG0000328,TransUnion Logistique,2026-06-18,2026-06-20,2026-06-20,Livree
329,329,OMG0000329,TransUnion Logistique,2026-06-05,2026-06-10,2026-06-09,Livree
330,330,OMG0000330,EcoRoute,2026-03-27,2026-03-30,2026-03-30,Livree
331,331,OMG0000331,TransUnion Logistique,2025-09-28,2025-09-29,2025-09-29,Livree
333,333,OMG0000333,TransUnion Logistique,2025-01-19,2025-01-22,2025-01-22,Livree
335,335,OMG0000335,RapidFret,2025-04-24,2025-04-26,,En cours
336,336,OMG0000336,EcoRoute,2025-04-14,2025-04-15,2025-04-14,Livree
337,337,OMG0000337,TransUnion Logistique,2026-01-27,2026-02-01,,En cours
338,338,OMG0000338,RapidFret,2026-06-27,2026-06-29,2026-06-29,Livree
339,339,OMG0000339,TransUnion Logistique,2026-04-11,2026-04-13,,En cours
340,340,OMG0000340,RapidFret,2025-05-05,2025-05-08,2025-05-07,Livree
341,341,OMG0000341,RapidFret,2026-03-12,2026-03-17,2026-03-16,Livree
342,342,OMG0000342,EcoRoute,2025-09-21,2025-09-23,,En cours
343,343,OMG0000343,TransUnion Logistique,2025-10-27,2025-10-28,,En cours
344,344,OMG0000344,RapidFret,2026-04-13,2026-04-18,2026-04-19,Livree
346,346,OMG0000346,RapidFret,2026-03-30,2026-04-01,2026-04-01,Livree
347,347,OMG0000347,EcoRoute,2026-01-29,2026-02-03,2026-02-03,Livree
349,349,OMG0000349,EcoRoute,2026-06-12,2026-06-14,,En cours
350,350,OMG0000350,RapidFret,2026-03-09,2026-03-10,,En cours
351,351,OMG0000351,TransUnion Logistique,2025-07-14,2025-07-17,,En cours
352,352,OMG0000352,EcoRoute,2026-01-22,2026-01-24,,En cours
353,353,OMG0000353,RapidFret,2026-06-19,2026-06-21,,En cours
354,354,OMG0000354,EcoRoute,2025-07-07,2025-07-09,2025-07-09,Livree
355,355,OMG0000355,RapidFret,2025-03-21,2025-03-26,,En cours
357,357,OMG0000357,TransUnion Logistique,2025-02-19,2025-02-22,2025-02-22,Livree
358,358,OMG0000358,TransUnion Logistique,2025-04-09,2025-04-10,2025-04-09,Livree
360,360,OMG0000360,RapidFret,2025-07-01,2025-07-03,2025-07-03,Livree
361,361,OMG0000361,EcoRoute,2026-06-03,2026-06-04,2026-06-06,Livree
362,362,OMG0000362,TransUnion Logistique,2025-11-07,2025-11-08,2025-11-07,Livree
363,363,OMG0000363,TransUnion Logistique,2026-07-28,2026-08-02,2026-08-02,Livree
364,364,OMG0000364,TransUnion Logistique,2025-08-04,2025-08-09,2025-08-08,Livree
365,365,OMG0000365,RapidFret,2026-05-15,2026-05-17,2026-05-17,Livree
366,366,OMG0000366,TransUnion Logistique,2025-04-18,2025-04-19,2025-04-19,Livree
367,367,OMG0000367,TransUnion Logistique,2025-11-06,2025-11-08,2025-11-07,Livree
368,368,OMG0000368,RapidFret,2025-02-27,2025-02-28,2025-02-28,Livree
370,370,OMG0000370,EcoRoute,2026-01-20,2026-01-22,2026-01-22,Livree
371,371,OMG0000371,TransUnion Logistique,2025-06-01,2025-06-06,,En cours
373,373,OMG0000373,RapidFret,2026-07-22,2026-07-27,2026-07-27,Livree
374,374,OMG0000374,RapidFret,2025-04-05,2025-04-07,2025-04-07,Livree
376,376,OMG0000376,TransUnion Logistique,2026-07-01,2026-07-03,2026-07-02,Livree
377,377,OMG0000377,TransUnion Logistique,2025-06-03,2025-06-04,2025-06-04,Livree
378,378,OMG0000378,TransUnion Logistique,2026-01-03,2026-01-04,2026-01-04,Livree
380,380,OMG0000380,RapidFret,2026-06-16,2026-06-17,2026-06-17,Livree
381,381,OMG0000381,EcoRoute,2025-05-30,2025-05-31,2025-05-31,Livree
382,382,OMG0000382,EcoRoute,2026-01-03,2026-01-05,,En cours
383,383,OMG0000383,EcoRoute,2025-02-05,2025-02-06,,En cours
384,384,OMG0000384,EcoRoute,2026-03-14,2026-03-17,,En cours
385,385,OMG0000385,TransUnion Logistique,2025-10-05,2025-10-08,,En cours
386,386,OMG0000386,RapidFret,2025-11-06,2025-11-09,2025-11-09,Livree
387,387,OMG0000387,RapidFret,2025-06-18,2025-06-19,,En cours
388,388,OMG0000388,EcoRoute,2025-10-17,2025-10-20,,En cours
389,389,OMG0000389,RapidFret,2025-05-19,2025-05-21,2025-05-21,Livree
390,390,OMG0000390,RapidFret,2026-04-16,2026-04-19,,En cours
392,392,OMG0000392,RapidFret,2026-03-22,2026-03-24,,En cours
393,393,OMG0000393,TransUnion Logistique,2026-07-27,2026-07-28,2026-07-27,Livree
394,394,OMG0000394,EcoRoute,2025-09-10,2025-09-13,2025-09-12,Livree
395,395,OMG0000395,RapidFret,2025-02-05,2025-02-10,,En cours
397,397,OMG0000397,RapidFret,2025-09-19,2025-09-22,2025-09-22,Livree
398,398,OMG0000398,EcoRoute,2025-02-19,2025-02-24,2025-02-24,Livree
399,399,OMG0000399,RapidFret,2025-09-06,2025-09-08,2025-09-07,Livree
400,400,OMG0000400,RapidFret,2025-10-02,2025-10-05,2025-10-05,Livree
401,401,OMG0000401,RapidFret,2026-05-29,2026-06-01,2026-05-31,Livree
403,403,OMG0000403,EcoRoute,2026-05-26,2026-05-27,,En cours
406,406,OMG0000406,TransUnion Logistique,2026-04-17,2026-04-18,2026-04-19,Livree
408,408,OMG0000408,RapidFret,2026-06-20,2026-06-23,2026-06-25,Livree
409,409,OMG0000409,TransUnion Logistique,2026-02-23,2026-02-24,2026-02-24,Livree
410,410,OMG0000410,RapidFret,2025-05-12,2025-05-14,2025-05-13,Livree
411,411,OMG0000411,RapidFret,2026-04-06,2026-04-11,,En cours
412,412,OMG0000412,EcoRoute,2026-05-10,2026-05-11,2026-05-11,Livree
413,413,OMG0000413,EcoRoute,2025-08-29,2025-08-31,2025-08-30,Livree
414,414,OMG0000414,RapidFret,2026-01-22,2026-01-25,2026-01-25,Livree
416,416,OMG0000416,EcoRoute,2026-04-18,2026-04-19,2026-04-19,Livree
418,418,OMG0000418,EcoRoute,2026-03-06,2026-03-09,2026-03-12,Livree
419,419,OMG0000419,TransUnion Logistique,2025-03-14,2025-03-17,2025-03-16,Livree
420,420,OMG0000420,TransUnion Logistique,2025-07-01,2025-07-06,,En cours
421,421,OMG0000421,TransUnion Logistique,2025-09-18,2025-09-20,2025-09-19,Livree
422,422,OMG0000422,RapidFret,2026-06-21,2026-06-22,2026-06-22,Livree
423,423,OMG0000423,TransUnion Logistique,2026-02-23,2026-02-24,,En cours
424,424,OMG0000424,EcoRoute,2025-08-08,2025-08-11,,En cours
425,425,OMG0000425,RapidFret,2025-01-28,2025-01-30,2025-01-30,Livree
426,426,OMG0000426,EcoRoute,2025-05-20,2025-05-23,2025-05-25,Livree
427,427,OMG0000427,EcoRoute,2025-09-23,2025-09-24,,En cours
428,428,OMG0000428,EcoRoute,2025-09-19,2025-09-20,2025-09-20,Livree
429,429,OMG0000429,EcoRoute,2025-06-07,2025-06-09,2025-06-12,Livree
430,430,OMG0000430,RapidFret,2025-06-13,2025-06-16,2025-06-16,Livree
431,431,OMG0000431,EcoRoute,2025-02-13,2025-02-14,2025-02-13,Livree
433,433,OMG0000433,TransUnion Logistique,2026-06-30,2026-07-02,2026-07-02,Livree
434,434,OMG0000434,EcoRoute,2025-01-28,2025-01-29,2025-01-29,Livree
435,435,OMG0000435,EcoRoute,2026-01-31,2026-02-02,2026-02-02,Livree
436,436,OMG0000436,EcoRoute,2026-04-30,2026-05-05,2026-05-04,Livree
437,437,OMG0000437,EcoRoute,2026-06-25,2026-06-28,2026-06-27,Livree
438,438,OMG0000438,EcoRoute,2025-05-18,2025-05-19,2025-05-19,Livree
439,439,OMG0000439,RapidFret,2026-06-01,2026-06-03,2026-06-02,Livree
441,441,OMG0000441,RapidFret,2025-08-12,2025-08-14,,En cours
442,442,OMG0000442,RapidFret,2026-01-06,2026-01-11,2026-01-11,Livree
443,443,OMG0000443,TransUnion Logistique,2026-05-18,2026-05-20,,En cours
444,444,OMG0000444,TransUnion Logistique,2026-03-28,2026-03-29,2026-03-29,Livree
446,446,OMG0000446,EcoRoute,2026-02-07,2026-02-09,2026-02-08,Livree
447,447,OMG0000447,RapidFret,2025-11-27,2025-11-28,2025-11-27,Livree
449,449,OMG0000449,TransUnion Logistique,2025-08-04,2025-08-07,,En cours
450,450,OMG0000450,TransUnion Logistique,2026-07-01,2026-07-04,2026-07-04,Livree
452,452,OMG0000452,RapidFret,2025-04-05,2025-04-07,2025-04-06,Livree
455,455,OMG0000455,EcoRoute,2025-01-08,2025-01-13,,En cours
456,456,OMG0000456,EcoRoute,2025-06-03,2025-06-08,2025-06-08,Livree
457,457,OMG0000457,RapidFret,2026-06-28,2026-06-29,2026-06-28,Livree
462,462,OMG0000462,RapidFret,2026-06-30,2026-07-01,2026-07-01,Livree
463,463,OMG0000463,EcoRoute,2025-10-07,2025-10-09,2025-10-09,Livree
464,464,OMG0000464,EcoRoute,2026-03-09,2026-03-10,2026-03-11,Livree
465,465,OMG0000465,EcoRoute,2026-01-19,2026-01-20,2026-01-20,Livree
466,466,OMG0000466,RapidFret,2026-06-12,2026-06-13,,En cours
467,467,OMG0000467,RapidFret,2025-02-10,2025-02-13,,En cours
468,468,OMG0000468,TransUnion Logistique,2026-04-25,2026-04-30,2026-04-30,Livree
469,469,OMG0000469,EcoRoute,2026-04-08,2026-04-10,2026-04-10,Livree
470,470,OMG0000470,RapidFret,2025-07-13,2025-07-14,,En cours
471,471,OMG0000471,EcoRoute,2025-05-22,2025-05-23,,En cours
473,473,OMG0000473,EcoRoute,2026-03-13,2026-03-16,2026-03-15,Livree
474,474,OMG0000474,RapidFret,2025-08-07,2025-08-08,2025-08-08,Livree
475,475,OMG0000475,EcoRoute,2025-08-12,2025-08-13,2025-08-12,Livree
476,476,OMG0000476,TransUnion Logistique,2025-07-04,2025-07-09,,En cours
478,478,OMG0000478,RapidFret,2025-12-23,2025-12-24,2025-12-27,Livree
479,479,OMG0000479,RapidFret,2025-03-30,2025-04-02,,En cours
480,480,OMG0000480,RapidFret,2026-01-16,2026-01-21,,En cours
481,481,OMG0000481,TransUnion Logistique,2026-03-31,2026-04-02,2026-04-01,Livree
483,483,OMG0000483,EcoRoute,2025-08-21,2025-08-22,2025-08-21,Livree
484,484,OMG0000484,TransUnion Logistique,2025-12-21,2025-12-26,2025-12-29,Livree
485,485,OMG0000485,EcoRoute,2025-08-22,2025-08-27,2025-08-26,Livree
486,486,OMG0000486,EcoRoute,2025-03-30,2025-03-31,2025-03-30,Livree
487,487,OMG0000487,EcoRoute,2026-01-10,2026-01-12,,En cours
488,488,OMG0000488,RapidFret,2026-07-08,2026-07-10,2026-07-10,Livree
490,490,OMG0000490,EcoRoute,2025-11-24,2025-11-25,2025-11-25,Livree
492,492,OMG0000492,RapidFret,2025-04-14,2025-04-15,,En cours
493,493,OMG0000493,RapidFret,2026-07-08,2026-07-09,2026-07-09,Livree
494,494,OMG0000494,RapidFret,2025-10-16,2025-10-17,2025-10-16,Livree
495,495,OMG0000495,RapidFret,2025-05-03,2025-05-08,2025-05-08,Livree
496,496,OMG0000496,RapidFret,2025-04-03,2025-04-06,2025-04-06,Livree
497,497,OMG0000497,EcoRoute,2026-02-25,2026-02-27,,En cours
498,498,OMG0000498,TransUnion Logistique,2025-10-12,2025-10-15,2025-10-18,Livree
499,499,OMG0000499,EcoRoute,2025-12-14,2025-12-17,2025-12-17,Livree
500,500,OMG0000500,EcoRoute,2025-01-08,2025-01-09,2025-01-08,Livree
501,501,OMG0000501,EcoRoute,2025-08-25,2025-08-27,,En cours
504,504,OMG0000504,EcoRoute,2025-10-19,2025-10-20,2025-10-20,Livree
505,505,OMG0000505,EcoRoute,2025-08-16,2025-08-17,2025-08-16,Livree
506,506,OMG0000506,TransUnion Logistique,2026-06-18,2026-06-19,,En cours
507,507,OMG0000507,RapidFret,2025-05-08,2025-05-10,2025-05-10,Livree
508,508,OMG0000508,RapidFret,2026-01-11,2026-01-12,2026-01-12,Livree
510,510,OMG0000510,TransUnion Logistique,2026-01-13,2026-01-18,,En cours
511,511,OMG0000511,EcoRoute,2025-02-05,2025-02-08,2025-02-08,Livree
512,512,OMG0000512,EcoRoute,2025-03-14,2025-03-17,2025-03-17,Livree
513,513,OMG0000513,TransUnion Logistique,2025-06-22,2025-06-24,,En cours
514,514,OMG0000514,TransUnion Logistique,2025-05-25,2025-05-26,,En cours
515,515,OMG0000515,EcoRoute,2026-03-10,2026-03-12,,En cours
516,516,OMG0000516,EcoRoute,2025-12-15,2025-12-20,2025-12-22,Livree
517,517,OMG0000517,RapidFret,2025-03-10,2025-03-13,2025-03-12,Livree
518,518,OMG0000518,TransUnion Logistique,2026-07-20,2026-07-22,2026-07-24,Livree
519,519,OMG0000519,TransUnion Logistique,2026-05-05,2026-05-07,,En cours
520,520,OMG0000520,EcoRoute,2025-09-14,2025-09-17,2025-09-17,Livree
521,521,OMG0000521,RapidFret,2025-12-04,2025-12-06,,En cours
522,522,OMG0000522,EcoRoute,2026-06-01,2026-06-02,,En cours
524,524,OMG0000524,RapidFret,2026-06-13,2026-06-15,2026-06-14,Livree
525,525,OMG0000525,EcoRoute,2025-10-25,2025-10-30,2025-10-30,Livree
526,526,OMG0000526,EcoRoute,2025-03-31,2025-04-02,2025-04-02,Livree
527,527,OMG0000527,RapidFret,2025-07-28,2025-07-30,2025-08-02,Livree
528,528,OMG0000528,EcoRoute,2026-01-30,2026-02-04,,En cours
529,529,OMG0000529,EcoRoute,2025-07-29,2025-07-31,2025-07-31,Livree
530,530,OMG0000530,EcoRoute,2025-08-22,2025-08-27,2025-08-27,Livree
532,532,OMG0000532,EcoRoute,2025-04-28,2025-04-30,2025-04-30,Livree
533,533,OMG0000533,TransUnion Logistique,2025-11-16,2025-11-18,2025-11-17,Livree
534,534,OMG0000534,RapidFret,2025-06-08,2025-06-13,2025-06-13,Livree
536,536,OMG0000536,EcoRoute,2025-03-13,2025-03-16,2025-03-15,Livree
537,537,OMG0000537,RapidFret,2025-03-16,2025-03-21,2025-03-20,Livree
538,538,OMG0000538,EcoRoute,2025-05-20,2025-05-25,2025-05-24,Livree
539,539,OMG0000539,EcoRoute,2026-06-16,2026-06-21,2026-06-21,Livree
541,541,OMG0000541,TransUnion Logistique,2025-07-21,2025-07-26,2025-07-26,Livree
542,542,OMG0000542,EcoRoute,2026-01-04,2026-01-06,,En cours
543,543,OMG0000543,TransUnion Logistique,2026-06-26,2026-06-27,2026-06-27,Livree
544,544,OMG0000544,TransUnion Logistique,2025-03-08,2025-03-10,2025-03-10,Livree
545,545,OMG0000545,EcoRoute,2026-04-10,2026-04-13,,En cours
546,546,OMG0000546,TransUnion Logistique,2026-05-05,2026-05-10,2026-05-10,Livree
547,547,OMG0000547,TransUnion Logistique,2026-04-13,2026-04-14,2026-04-13,Livree
548,548,OMG0000548,EcoRoute,2025-04-07,2025-04-08,2025-04-07,Livree
552,552,OMG0000552,RapidFret,2025-09-20,2025-09-22,,En cours
553,553,OMG0000553,TransUnion Logistique,2026-03-29,2026-03-30,2026-03-30,Livree
554,554,OMG0000554,EcoRoute,2025-04-04,2025-04-06,2025-04-06,Livree
555,555,OMG0000555,EcoRoute,2025-05-11,2025-05-12,2025-05-11,Livree
557,557,OMG0000557,RapidFret,2025-04-10,2025-04-13,2025-04-12,Livree
558,558,OMG0000558,EcoRoute,2026-02-14,2026-02-16,,En cours
560,560,OMG0000560,RapidFret,2025-12-27,2026-01-01,,En cours
561,561,OMG0000561,RapidFret,2026-05-19,2026-05-20,2026-05-20,Livree
562,562,OMG0000562,EcoRoute,2025-01-17,2025-01-19,,En cours
563,563,OMG0000563,TransUnion Logistique,2026-04-16,2026-04-18,2026-04-18,Livree
564,564,OMG0000564,EcoRoute,2026-04-15,2026-04-17,2026-04-16,Livree
565,565,OMG0000565,RapidFret,2026-01-22,2026-01-25,2026-01-24,Livree
566,566,OMG0000566,RapidFret,2025-02-06,2025-02-07,2025-02-06,Livree
567,567,OMG0000567,EcoRoute,2025-02-08,2025-02-09,2025-02-09,Livree
568,568,OMG0000568,TransUnion Logistique,2026-06-12,2026-06-14,2026-06-13,Livree
570,570,OMG0000570,RapidFret,2025-05-29,2025-05-30,,En cours
571,571,OMG0000571,EcoRoute,2025-01-21,2025-01-24,2025-01-24,Livree
572,572,OMG0000572,EcoRoute,2025-09-21,2025-09-23,2025-09-22,Livree
573,573,OMG0000573,TransUnion Logistique,2026-07-12,2026-07-15,2026-07-18,Livree
575,575,OMG0000575,TransUnion Logistique,2025-12-09,2025-12-11,2025-12-10,Livree
576,576,OMG0000576,TransUnion Logistique,2026-07-27,2026-07-28,2026-07-28,Livree
577,577,OMG0000577,EcoRoute,2025-07-05,2025-07-07,2025-07-07,Livree
578,578,OMG0000578,EcoRoute,2025-09-23,2025-09-24,2025-09-23,Livree
579,579,OMG0000579,TransUnion Logistique,2026-07-04,2026-07-05,2026-07-05,Livree
580,580,OMG0000580,TransUnion Logistique,2025-08-16,2025-08-17,,En cours
581,581,OMG0000581,TransUnion Logistique,2025-05-16,2025-05-17,2025-05-16,Livree
582,582,OMG0000582,RapidFret,2026-06-15,2026-06-20,2026-06-20,Livree
584,584,OMG0000584,TransUnion Logistique,2025-05-02,2025-05-04,,En cours
585,585,OMG0000585,RapidFret,2025-09-03,2025-09-08,,En cours
587,587,OMG0000587,TransUnion Logistique,2026-07-19,2026-07-22,,En cours
588,588,OMG0000588,RapidFret,2025-01-22,2025-01-23,2025-01-26,Livree
589,589,OMG0000589,EcoRoute,2026-03-24,2026-03-26,,En cours
590,590,OMG0000590,EcoRoute,2025-10-23,2025-10-25,2025-10-25,Livree
591,591,OMG0000591,TransUnion Logistique,2025-03-09,2025-03-11,2025-03-10,Livree
592,592,OMG0000592,RapidFret,2026-01-17,2026-01-22,,En cours
593,593,OMG0000593,RapidFret,2026-03-12,2026-03-13,2026-03-12,Livree
594,594,OMG0000594,TransUnion Logistique,2025-04-06,2025-04-07,2025-04-07,Livree
595,595,OMG0000595,TransUnion Logistique,2026-07-30,2026-07-31,2026-07-30,Livree
596,596,OMG0000596,TransUnion Logistique,2025-09-23,2025-09-24,,En cours
597,597,OMG0000597,EcoRoute,2025-11-05,2025-11-06,2025-11-05,Livree
600,600,OMG0000600,TransUnion Logistique,2026-04-05,2026-04-07,2026-04-10,Livree
601,601,OMG0000601,RapidFret,2025-03-15,2025-03-16,2025-03-16,Livree
602,602,OMG0000602,RapidFret,2026-06-15,2026-06-17,2026-06-16,Livree
604,604,OMG0000604,RapidFret,2025-02-22,2025-02-24,2025-02-24,Livree
605,605,OMG0000605,TransUnion Logistique,2025-06-12,2025-06-15,,En cours
607,607,OMG0000607,RapidFret,2025-07-15,2025-07-17,,En cours
609,609,OMG0000609,EcoRoute,2025-09-08,2025-09-13,2025-09-13,Livree
610,610,OMG0000610,EcoRoute,2025-11-06,2025-11-11,2025-11-10,Livree
611,611,OMG0000611,EcoRoute,2025-05-21,2025-05-22,,En cours
612,612,OMG0000612,EcoRoute,2026-06-17,2026-06-19,,En cours
613,613,OMG0000613,RapidFret,2025-06-14,2025-06-15,2025-06-15,Livree
614,614,OMG0000614,EcoRoute,2025-07-01,2025-07-02,,En cours
615,615,OMG0000615,EcoRoute,2025-09-10,2025-09-11,2025-09-11,Livree
616,616,OMG0000616,RapidFret,2025-01-07,2025-01-08,2025-01-07,Livree
617,617,OMG0000617,RapidFret,2025-03-20,2025-03-21,2025-03-20,Livree
618,618,OMG0000618,TransUnion Logistique,2026-04-28,2026-04-29,2026-04-29,Livree
619,619,OMG0000619,RapidFret,2025-02-23,2025-02-26,,En cours
620,620,OMG0000620,EcoRoute,2026-03-15,2026-03-17,2026-03-16,Livree
622,622,OMG0000622,TransUnion Logistique,2025-06-01,2025-06-04,2025-06-03,Livree
623,623,OMG0000623,TransUnion Logistique,2026-01-13,2026-01-16,,En cours
624,624,OMG0000624,RapidFret,2025-04-26,2025-04-27,2025-04-26,Livree
627,627,OMG0000627,TransUnion Logistique,2025-03-24,2025-03-29,2025-03-29,Livree
628,628,OMG0000628,RapidFret,2025-07-06,2025-07-07,2025-07-06,Livree
629,629,OMG0000629,RapidFret,2025-12-12,2025-12-15,2025-12-14,Livree
630,630,OMG0000630,EcoRoute,2025-03-23,2025-03-25,2025-03-25,Livree
631,631,OMG0000631,EcoRoute,2026-05-02,2026-05-03,,En cours
632,632,OMG0000632,EcoRoute,2026-04-14,2026-04-15,2026-04-15,Livree
634,634,OMG0000634,EcoRoute,2025-10-22,2025-10-27,2025-10-26,Livree
635,635,OMG0000635,RapidFret,2025-06-23,2025-06-25,,En cours
636,636,OMG0000636,RapidFret,2026-02-10,2026-02-12,2026-02-12,Livree
637,637,OMG0000637,RapidFret,2025-07-04,2025-07-07,2025-07-06,Livree
638,638,OMG0000638,RapidFret,2025-03-21,2025-03-23,2025-03-23,Livree
640,640,OMG0000640,RapidFret,2025-04-30,2025-05-05,,En cours
641,641,OMG0000641,TransUnion Logistique,2025-12-02,2025-12-04,,En cours
642,642,OMG0000642,EcoRoute,2025-09-23,2025-09-24,2025-09-24,Livree
645,645,OMG0000645,TransUnion Logistique,2026-01-17,2026-01-19,2026-01-19,Livree
646,646,OMG0000646,RapidFret,2026-02-11,2026-02-13,2026-02-13,Livree
647,647,OMG0000647,TransUnion Logistique,2025-09-01,2025-09-02,2025-09-03,Livree
648,648,OMG0000648,TransUnion Logistique,2026-04-18,2026-04-23,,En cours
649,649,OMG0000649,EcoRoute,2025-11-22,2025-11-27,2025-11-27,Livree
650,650,OMG0000650,RapidFret,2025-06-22,2025-06-23,,En cours
652,652,OMG0000652,RapidFret,2025-04-21,2025-04-23,2025-04-22,Livree
653,653,OMG0000653,EcoRoute,2025-05-19,2025-05-24,2025-05-24,Livree
655,655,OMG0000655,EcoRoute,2026-04-11,2026-04-12,2026-04-12,Livree
657,657,OMG0000657,RapidFret,2026-02-07,2026-02-09,2026-02-08,Livree
658,658,OMG0000658,RapidFret,2025-05-18,2025-05-23,2025-05-23,Livree
659,659,OMG0000659,TransUnion Logistique,2025-08-27,2025-09-01,,En cours
660,660,OMG0000660,RapidFret,2026-06-21,2026-06-24,2026-06-24,Livree
661,661,OMG0000661,RapidFret,2025-04-09,2025-04-10,2025-04-09,Livree
663,663,OMG0000663,TransUnion Logistique,2026-07-26,2026-07-29,2026-07-28,Livree
664,664,OMG0000664,EcoRoute,2026-05-07,2026-05-08,2026-05-07,Livree
665,665,OMG0000665,RapidFret,2025-05-11,2025-05-13,,En cours
667,667,OMG0000667,EcoRoute,2026-07-26,2026-07-28,2026-07-28,Livree
668,668,OMG0000668,RapidFret,2025-07-20,2025-07-22,2025-07-22,Livree
669,669,OMG0000669,TransUnion Logistique,2025-01-05,2025-01-07,2025-01-07,Livree
670,670,OMG0000670,RapidFret,2025-06-04,2025-06-09,,En cours
674,674,OMG0000674,RapidFret,2025-11-29,2025-11-30,2025-11-30,Livree
675,675,OMG0000675,RapidFret,2025-06-16,2025-06-21,,En cours
676,676,OMG0000676,RapidFret,2025-05-29,2025-06-01,,En cours
677,677,OMG0000677,RapidFret,2025-05-23,2025-05-28,,En cours
678,678,OMG0000678,RapidFret,2025-08-07,2025-08-09,2025-08-09,Livree
682,682,OMG0000682,TransUnion Logistique,2025-09-16,2025-09-17,,En cours
683,683,OMG0000683,TransUnion Logistique,2025-10-17,2025-10-22,2025-10-21,Livree
684,684,OMG0000684,EcoRoute,2026-04-23,2026-04-28,,En cours
685,685,OMG0000685,TransUnion Logistique,2025-01-29,2025-01-30,2025-01-30,Livree
686,686,OMG0000686,RapidFret,2025-07-09,2025-07-11,2025-07-10,Livree
687,687,OMG0000687,RapidFret,2026-06-06,2026-06-07,2026-06-06,Livree
689,689,OMG0000689,TransUnion Logistique,2025-03-12,2025-03-15,2025-03-14,Livree
690,690,OMG0000690,TransUnion Logistique,2026-06-13,2026-06-15,,En cours
691,691,OMG0000691,TransUnion Logistique,2025-06-21,2025-06-23,2025-06-22,Livree
692,692,OMG0000692,RapidFret,2026-01-24,2026-01-26,2026-01-26,Livree
693,693,OMG0000693,RapidFret,2025-09-24,2025-09-25,2025-09-24,Livree
696,696,OMG0000696,EcoRoute,2026-01-07,2026-01-10,2026-01-09,Livree
697,697,OMG0000697,TransUnion Logistique,2025-07-12,2025-07-17,2025-07-17,Livree
700,700,OMG0000700,RapidFret,2025-09-11,2025-09-12,2025-09-12,Livree
701,701,OMG0000701,EcoRoute,2025-05-23,2025-05-24,2025-05-25,Livree
702,702,OMG0000702,EcoRoute,2026-02-28,2026-03-03,2026-03-03,Livree
704,704,OMG0000704,EcoRoute,2026-06-01,2026-06-02,,En cours
705,705,OMG0000705,EcoRoute,2025-04-11,2025-04-13,,En cours
706,706,OMG0000706,TransUnion Logistique,2026-05-07,2026-05-09,,En cours
707,707,OMG0000707,TransUnion Logistique,2026-04-17,2026-04-22,2026-04-24,Livree
708,708,OMG0000708,TransUnion Logistique,2025-08-05,2025-08-06,2025-08-05,Livree
709,709,OMG0000709,EcoRoute,2026-04-21,2026-04-22,2026-04-22,Livree
711,711,OMG0000711,TransUnion Logistique,2025-07-30,2025-08-01,2025-08-01,Livree
712,712,OMG0000712,EcoRoute,2025-06-30,2025-07-01,2025-07-01,Livree
715,715,OMG0000715,EcoRoute,2025-11-13,2025-11-18,2025-11-18,Livree
716,716,OMG0000716,TransUnion Logistique,2026-04-20,2026-04-21,2026-04-21,Livree
717,717,OMG0000717,TransUnion Logistique,2025-05-14,2025-05-16,2025-05-16,Livree
719,719,OMG0000719,RapidFret,2026-04-27,2026-04-28,2026-04-30,Livree
720,720,OMG0000720,EcoRoute,2026-02-07,2026-02-09,,En cours
722,722,OMG0000722,TransUnion Logistique,2025-02-05,2025-02-08,2025-02-08,Livree
723,723,OMG0000723,TransUnion Logistique,2026-07-19,2026-07-24,,En cours
724,724,OMG0000724,TransUnion Logistique,2025-01-09,2025-01-14,2025-01-13,Livree
725,725,OMG0000725,RapidFret,2026-07-01,2026-07-02,2026-07-01,Livree
726,726,OMG0000726,EcoRoute,2025-04-28,2025-04-30,2025-05-02,Livree
727,727,OMG0000727,TransUnion Logistique,2025-03-28,2025-03-29,2025-04-01,Livree
728,728,OMG0000728,TransUnion Logistique,2026-01-03,2026-01-08,2026-01-08,Livree
729,729,OMG0000729,RapidFret,2025-10-10,2025-10-15,,En cours
730,730,OMG0000730,EcoRoute,2025-05-30,2025-05-31,2025-05-31,Livree
732,732,OMG0000732,RapidFret,2025-01-21,2025-01-23,2025-01-23,Livree
733,733,OMG0000733,TransUnion Logistique,2026-02-02,2026-02-05,2026-02-04,Livree
734,734,OMG0000734,RapidFret,2026-07-16,2026-07-17,2026-07-17,Livree
735,735,OMG0000735,TransUnion Logistique,2025-08-07,2025-08-12,,En cours
736,736,OMG0000736,RapidFret,2026-03-04,2026-03-09,2026-03-09,Livree
737,737,OMG0000737,EcoRoute,2025-05-19,2025-05-24,2025-05-23,Livree
739,739,OMG0000739,RapidFret,2026-05-09,2026-05-10,,En cours
740,740,OMG0000740,RapidFret,2026-07-23,2026-07-24,2026-07-24,Livree
741,741,OMG0000741,RapidFret,2025-11-11,2025-11-12,2025-11-12,Livree
742,742,OMG0000742,TransUnion Logistique,2025-01-14,2025-01-19,,En cours
743,743,OMG0000743,EcoRoute,2025-05-08,2025-05-09,2025-05-09,Livree
744,744,OMG0000744,RapidFret,2025-01-05,2025-01-06,,En cours
745,745,OMG0000745,TransUnion Logistique,2026-06-19,2026-06-20,,En cours
746,746,OMG0000746,EcoRoute,2025-09-19,2025-09-20,2025-09-19,Livree
747,747,OMG0000747,RapidFret,2025-11-30,2025-12-02,2025-12-02,Livree
748,748,OMG0000748,TransUnion Logistique,2025-04-25,2025-04-27,2025-04-27,Livree
749,749,OMG0000749,TransUnion Logistique,2026-01-23,2026-01-26,2026-01-26,Livree
750,750,OMG0000750,TransUnion Logistique,2026-07-12,2026-07-13,2026-07-15,Livree
751,751,OMG0000751,EcoRoute,2025-12-28,2025-12-30,2025-12-31,Livree
752,752,OMG0000752,TransUnion Logistique,2026-01-07,2026-01-08,,En cours
753,753,OMG0000753,RapidFret,2026-01-01,2026-01-04,,En cours
755,755,OMG0000755,EcoRoute,2026-02-12,2026-02-14,2026-02-13,Livree
756,756,OMG0000756,RapidFret,2025-12-31,2026-01-01,2026-01-01,Livree
757,757,OMG0000757,EcoRoute,2025-05-08,2025-05-10,2025-05-10,Livree
758,758,OMG0000758,RapidFret,2025-08-01,2025-08-03,2025-08-02,Livree
759,759,OMG0000759,RapidFret,2026-07-19,2026-07-22,2026-07-22,Livree
761,761,OMG0000761,EcoRoute,2025-12-28,2026-01-02,2026-01-02,Livree
762,762,OMG0000762,RapidFret,2026-05-25,2026-05-26,2026-05-26,Livree
763,763,OMG0000763,TransUnion Logistique,2026-04-19,2026-04-21,2026-04-21,Livree
764,764,OMG0000764,TransUnion Logistique,2025-09-02,2025-09-03,2025-09-03,Livree
766,766,OMG0000766,EcoRoute,2025-11-12,2025-11-14,2025-11-14,Livree
767,767,OMG0000767,TransUnion Logistique,2026-08-03,2026-08-05,,En cours
768,768,OMG0000768,TransUnion Logistique,2026-02-23,2026-02-24,,En cours
769,769,OMG0000769,TransUnion Logistique,2026-08-01,2026-08-03,2026-08-02,Livree
771,771,OMG0000771,EcoRoute,2026-05-12,2026-05-17,2026-05-17,Livree
772,772,OMG0000772,TransUnion Logistique,2025-07-24,2025-07-26,2025-07-26,Livree
774,774,OMG0000774,EcoRoute,2026-04-10,2026-04-15,2026-04-15,Livree
777,777,OMG0000777,EcoRoute,2025-10-03,2025-10-06,2025-10-05,Livree
779,779,OMG0000779,TransUnion Logistique,2026-05-12,2026-05-13,2026-05-12,Livree
780,780,OMG0000780,RapidFret,2026-08-03,2026-08-08,2026-08-08,Livree
781,781,OMG0000781,TransUnion Logistique,2025-05-04,2025-05-05,,En cours
783,783,OMG0000783,RapidFret,2025-03-22,2025-03-25,,En cours
784,784,OMG0000784,TransUnion Logistique,2025-01-23,2025-01-24,2025-01-24,Livree
785,785,OMG0000785,RapidFret,2025-07-11,2025-07-13,,En cours
786,786,OMG0000786,RapidFret,2025-07-26,2025-07-27,,En cours
788,788,OMG0000788,TransUnion Logistique,2026-05-09,2026-05-10,,En cours
789,789,OMG0000789,RapidFret,2026-03-03,2026-03-05,2026-03-06,Livree
790,790,OMG0000790,TransUnion Logistique,2025-06-21,2025-06-23,2025-06-22,Livree
791,791,OMG0000791,TransUnion Logistique,2026-01-24,2026-01-25,2026-01-24,Livree
792,792,OMG0000792,TransUnion Logistique,2026-04-12,2026-04-14,,En cours
793,793,OMG0000793,RapidFret,2026-02-05,2026-02-07,2026-02-06,Livree
794,794,OMG0000794,EcoRoute,2026-05-27,2026-06-01,2026-05-31,Livree
795,795,OMG0000795,EcoRoute,2026-03-16,2026-03-21,2026-03-21,Livree
796,796,OMG0000796,TransUnion Logistique,2026-06-15,2026-06-17,,En cours
798,798,OMG0000798,RapidFret,2025-01-07,2025-01-12,,En cours
799,799,OMG0000799,TransUnion Logistique,2025-08-23,2025-08-25,2025-08-25,Livree
800,800,OMG0000800,EcoRoute,2025-10-19,2025-10-20,,En cours
801,801,OMG0000801,RapidFret,2025-06-28,2025-06-29,2025-07-01,Livree
807,807,OMG0000807,EcoRoute,2025-09-03,2025-09-05,,En cours
808,808,OMG0000808,TransUnion Logistique,2025-05-28,2025-05-29,2025-05-29,Livree
809,809,OMG0000809,EcoRoute,2026-06-01,2026-06-02,2026-06-01,Livree
810,810,OMG0000810,RapidFret,2025-12-13,2025-12-14,2025-12-14,Livree
812,812,OMG0000812,TransUnion Logistique,2025-02-23,2025-02-28,2025-02-27,Livree
813,813,OMG0000813,RapidFret,2025-06-12,2025-06-17,2025-06-16,Livree
814,814,OMG0000814,RapidFret,2025-02-24,2025-02-25,2025-02-25,Livree
815,815,OMG0000815,RapidFret,2026-04-10,2026-04-11,2026-04-11,Livree
816,816,OMG0000816,TransUnion Logistique,2025-08-28,2025-08-30,,En cours
817,817,OMG0000817,TransUnion Logistique,2026-02-11,2026-02-12,,En cours
818,818,OMG0000818,TransUnion Logistique,2025-03-14,2025-03-16,2025-03-16,Livree
819,819,OMG0000819,EcoRoute,2026-03-30,2026-03-31,2026-03-30,Livree
820,820,OMG0000820,RapidFret,2026-06-14,2026-06-16,2026-06-17,Livree
821,821,OMG0000821,EcoRoute,2025-04-08,2025-04-10,2025-04-10,Livree
822,822,OMG0000822,RapidFret,2025-03-11,2025-03-12,,En cours
823,823,OMG0000823,EcoRoute,2025-10-31,2025-11-01,2025-10-31,Livree
824,824,OMG0000824,RapidFret,2025-06-06,2025-06-08,2025-06-08,Livree
826,826,OMG0000826,TransUnion Logistique,2025-03-11,2025-03-13,,En cours
827,827,OMG0000827,RapidFret,2025-02-16,2025-02-21,2025-02-21,Livree
828,828,OMG0000828,RapidFret,2026-06-10,2026-06-13,2026-06-13,Livree
829,829,OMG0000829,EcoRoute,2026-05-13,2026-05-14,,En cours
830,830,OMG0000830,TransUnion Logistique,2025-06-12,2025-06-13,2025-06-13,Livree
831,831,OMG0000831,RapidFret,2025-07-04,2025-07-05,,En cours
832,832,OMG0000832,EcoRoute,2025-08-17,2025-08-22,2025-08-21,Livree
833,833,OMG0000833,EcoRoute,2025-11-24,2025-11-25,,En cours
834,834,OMG0000834,RapidFret,2026-04-30,2026-05-03,2026-05-02,Livree
835,835,OMG0000835,TransUnion Logistique,2026-02-15,2026-02-20,2026-02-20,Livree
836,836,OMG0000836,EcoRoute,2025-08-07,2025-08-10,,En cours
838,838,OMG0000838,EcoRoute,2025-03-25,2025-03-28,2025-03-28,Livree
840,840,OMG0000840,RapidFret,2025-12-20,2025-12-23,2025-12-22,Livree
842,842,OMG0000842,RapidFret,2025-10-10,2025-10-12,,En cours
844,844,OMG0000844,RapidFret,2025-08-23,2025-08-25,2025-08-25,Livree
846,846,OMG0000846,EcoRoute,2025-01-25,2025-01-26,2025-01-25,Livree
848,848,OMG0000848,EcoRoute,2026-01-22,2026-01-23,2026-01-23,Livree
850,850,OMG0000850,RapidFret,2025-12-01,2025-12-02,,En cours
852,852,OMG0000852,EcoRoute,2025-04-11,2025-04-14,2025-04-14,Livree
853,853,OMG0000853,EcoRoute,2025-07-17,2025-07-19,,En cours
854,854,OMG0000854,RapidFret,2025-07-29,2025-08-01,2025-08-01,Livree
855,855,OMG0000855,TransUnion Logistique,2026-07-19,2026-07-20,,En cours
856,856,OMG0000856,TransUnion Logistique,2025-10-30,2025-11-01,2025-11-03,Livree
857,857,OMG0000857,EcoRoute,2025-06-25,2025-06-28,2025-06-28,Livree
858,858,OMG0000858,RapidFret,2026-04-09,2026-04-11,2026-04-10,Livree
859,859,OMG0000859,EcoRoute,2026-07-18,2026-07-19,,En cours
860,860,OMG0000860,TransUnion Logistique,2025-01-16,2025-01-17,2025-01-17,Livree
861,861,OMG0000861,TransUnion Logistique,2026-05-27,2026-05-28,,En cours
862,862,OMG0000862,RapidFret,2025-06-22,2025-06-24,2025-06-23,Livree
863,863,OMG0000863,EcoRoute,2026-05-29,2026-06-01,2026-05-31,Livree
865,865,OMG0000865,EcoRoute,2025-03-04,2025-03-05,2025-03-04,Livree
866,866,OMG0000866,EcoRoute,2026-05-18,2026-05-23,2026-05-23,Livree
867,867,OMG0000867,EcoRoute,2025-10-16,2025-10-18,2025-10-17,Livree
868,868,OMG0000868,RapidFret,2025-06-20,2025-06-23,2025-06-23,Livree
869,869,OMG0000869,EcoRoute,2026-05-31,2026-06-01,2026-05-31,Livree
871,871,OMG0000871,EcoRoute,2025-12-19,2025-12-24,,En cours
872,872,OMG0000872,RapidFret,2025-09-25,2025-09-28,2025-09-28,Livree
873,873,OMG0000873,RapidFret,2025-05-11,2025-05-16,2025-05-16,Livree
874,874,OMG0000874,RapidFret,2025-11-01,2025-11-03,,En cours
875,875,OMG0000875,EcoRoute,2025-03-01,2025-03-06,,En cours
877,877,OMG0000877,EcoRoute,2025-08-09,2025-08-11,,En cours
878,878,OMG0000878,RapidFret,2025-12-01,2025-12-02,2025-12-02,Livree
879,879,OMG0000879,RapidFret,2026-01-15,2026-01-20,2026-01-20,Livree
880,880,OMG0000880,TransUnion Logistique,2025-05-14,2025-05-15,2025-05-15,Livree
881,881,OMG0000881,TransUnion Logistique,2026-03-24,2026-03-26,2026-03-27,Livree
883,883,OMG0000883,RapidFret,2026-01-31,2026-02-03,2026-02-03,Livree
884,884,OMG0000884,EcoRoute,2025-01-09,2025-01-10,2025-01-10,Livree
885,885,OMG0000885,EcoRoute,2025-06-18,2025-06-23,2025-06-22,Livree
890,890,OMG0000890,TransUnion Logistique,2025-01-27,2025-01-29,2025-01-29,Livree
891,891,OMG0000891,EcoRoute,2025-06-24,2025-06-25,2025-06-24,Livree
892,892,OMG0000892,EcoRoute,2025-03-30,2025-04-02,,En cours
893,893,OMG0000893,EcoRoute,2026-02-22,2026-02-24,2026-02-24,Livree
894,894,OMG0000894,TransUnion Logistique,2025-01-15,2025-01-17,2025-01-19,Livree
895,895,OMG0000895,RapidFret,2026-05-10,2026-05-11,,En cours
896,896,OMG0000896,TransUnion Logistique,2026-01-29,2026-02-01,,En cours
897,897,OMG0000897,TransUnion Logistique,2025-01-20,2025-01-21,2025-01-20,Livree
898,898,OMG0000898,RapidFret,2026-07-03,2026-07-06,2026-07-06,Livree
899,899,OMG0000899,EcoRoute,2025-11-06,2025-11-09,,En cours
900,900,OMG0000900,EcoRoute,2025-04-23,2025-04-24,2025-04-27,Livree
901,901,OMG0000901,EcoRoute,2025-01-08,2025-01-13,2025-01-12,Livree
902,902,OMG0000902,RapidFret,2026-03-08,2026-03-10,,En cours
903,903,OMG0000903,TransUnion Logistique,2025-04-09,2025-04-11,2025-04-12,Livree
904,904,OMG0000904,EcoRoute,2026-06-12,2026-06-15,2026-06-15,Livree
905,905,OMG0000905,RapidFret,2026-01-06,2026-01-07,2026-01-07,Livree
906,906,OMG0000906,EcoRoute,2025-05-29,2025-05-30,2025-06-01,Livree
908,908,OMG0000908,TransUnion Logistique,2026-03-31,2026-04-03,,En cours
909,909,OMG0000909,RapidFret,2026-03-16,2026-03-17,2026-03-17,Livree
910,910,OMG0000910,TransUnion Logistique,2025-04-23,2025-04-24,2025-04-23,Livree
911,911,OMG0000911,TransUnion Logistique,2025-09-16,2025-09-18,2025-09-17,Livree
912,912,OMG0000912,TransUnion Logistique,2025-09-08,2025-09-13,2025-09-13,Livree
913,913,OMG0000913,RapidFret,2025-09-29,2025-09-30,,En cours
914,914,OMG0000914,EcoRoute,2026-02-16,2026-02-21,2026-02-21,Livree
916,916,OMG0000916,TransUnion Logistique,2026-04-23,2026-04-24,,En cours
918,918,OMG0000918,RapidFret,2026-04-03,2026-04-06,,En cours
919,919,OMG0000919,TransUnion Logistique,2025-02-07,2025-02-09,2025-02-09,Livree
920,920,OMG0000920,EcoRoute,2026-06-26,2026-06-27,2026-06-27,Livree
921,921,OMG0000921,TransUnion Logistique,2025-03-06,2025-03-08,,En cours
922,922,OMG0000922,TransUnion Logistique,2025-09-06,2025-09-11,2025-09-11,Livree
923,923,OMG0000923,RapidFret,2025-10-13,2025-10-18,2025-10-18,Livree
925,925,OMG0000925,RapidFret,2025-04-03,2025-04-05,2025-04-04,Livree
928,928,OMG0000928,EcoRoute,2026-01-02,2026-01-05,2026-01-05,Livree
929,929,OMG0000929,TransUnion Logistique,2025-07-11,2025-07-14,2025-07-16,Livree
930,930,OMG0000930,TransUnion Logistique,2026-04-07,2026-04-09,2026-04-09,Livree
931,931,OMG0000931,TransUnion Logistique,2025-05-10,2025-05-11,2025-05-11,Livree
932,932,OMG0000932,EcoRoute,2025-07-14,2025-07-19,2025-07-18,Livree
933,933,OMG0000933,EcoRoute,2025-11-02,2025-11-05,2025-11-07,Livree
934,934,OMG0000934,RapidFret,2025-01-22,2025-01-27,2025-01-27,Livree
935,935,OMG0000935,TransUnion Logistique,2025-08-27,2025-09-01,2025-09-01,Livree
936,936,OMG0000936,EcoRoute,2025-05-12,2025-05-17,2025-05-16,Livree
937,937,OMG0000937,TransUnion Logistique,2025-11-28,2025-11-30,,En cours
938,938,OMG0000938,RapidFret,2025-11-30,2025-12-02,2025-12-04,Livree
939,939,OMG0000939,TransUnion Logistique,2025-12-27,2025-12-29,2025-12-31,Livree
940,940,OMG0000940,RapidFret,2026-04-10,2026-04-11,2026-04-12,Livree
941,941,OMG0000941,RapidFret,2026-05-11,2026-05-12,2026-05-14,Livree
943,943,OMG0000943,TransUnion Logistique,2025-09-24,2025-09-25,,En cours
944,944,OMG0000944,TransUnion Logistique,2026-02-06,2026-02-08,2026-02-08,Livree
947,947,OMG0000947,TransUnion Logistique,2026-07-09,2026-07-12,2026-07-11,Livree
948,948,OMG0000948,TransUnion Logistique,2026-01-08,2026-01-10,,En cours
949,949,OMG0000949,RapidFret,2025-06-14,2025-06-19,2025-06-19,Livree
950,950,OMG0000950,TransUnion Logistique,2026-02-18,2026-02-21,2026-02-20,Livree
951,951,OMG0000951,RapidFret,2026-03-10,2026-03-11,,En cours
952,952,OMG0000952,EcoRoute,2025-05-22,2025-05-27,,En cours
953,953,OMG0000953,TransUnion Logistique,2026-01-30,2026-02-01,2026-02-03,Livree
954,954,OMG0000954,EcoRoute,2026-06-17,2026-06-20,,En cours
955,955,OMG0000955,TransUnion Logistique,2025-11-17,2025-11-18,,En cours
956,956,OMG0000956,RapidFret,2025-06-03,2025-06-08,,En cours
957,957,OMG0000957,RapidFret,2025-01-25,2025-01-28,2025-01-28,Livree
958,958,OMG0000958,TransUnion Logistique,2025-02-28,2025-03-02,2025-03-04,Livree
959,959,OMG0000959,RapidFret,2025-04-08,2025-04-10,,En cours
960,960,OMG0000960,TransUnion Logistique,2025-03-31,2025-04-01,,En cours
961,961,OMG0000961,RapidFret,2025-07-13,2025-07-16,,En cours
962,962,OMG0000962,RapidFret,2025-01-24,2025-01-26,2025-01-25,Livree
963,963,OMG0000963,TransUnion Logistique,2025-04-13,2025-04-14,2025-04-14,Livree
964,964,OMG0000964,TransUnion Logistique,2026-02-08,2026-02-11,2026-02-10,Livree
965,965,OMG0000965,EcoRoute,2025-02-22,2025-02-24,2025-02-23,Livree
966,966,OMG0000966,EcoRoute,2026-02-15,2026-02-18,,En cours
968,968,OMG0000968,RapidFret,2025-07-11,2025-07-14,2025-07-13,Livree
969,969,OMG0000969,EcoRoute,2026-07-27,2026-07-28,,En cours
970,970,OMG0000970,TransUnion Logistique,2025-12-29,2025-12-31,2026-01-01,Livree
973,973,OMG0000973,TransUnion Logistique,2026-02-07,2026-02-12,2026-02-12,Livree
974,974,OMG0000974,RapidFret,2026-02-01,2026-02-03,2026-02-03,Livree
975,975,OMG0000975,RapidFret,2025-07-03,2025-07-04,2025-07-03,Livree
976,976,OMG0000976,TransUnion Logistique,2026-06-02,2026-06-04,2026-06-04,Livree
977,977,OMG0000977,TransUnion Logistique,2026-03-15,2026-03-20,2026-03-20,Livree
978,978,OMG0000978,TransUnion Logistique,2025-09-10,2025-09-11,2025-09-12,Livree
981,981,OMG0000981,EcoRoute,2025-08-05,2025-08-08,2025-08-08,Livree
982,982,OMG0000982,TransUnion Logistique,2025-07-12,2025-07-13,2025-07-13,Livree
984,984,OMG0000984,RapidFret,2026-01-17,2026-01-19,,En cours
985,985,OMG0000985,EcoRoute,2026-03-20,2026-03-22,2026-03-21,Livree
987,987,OMG0000987,EcoRoute,2026-05-03,2026-05-05,,En cours
988,988,OMG0000988,RapidFret,2026-02-20,2026-02-21,2026-02-21,Livree
989,989,OMG0000989,RapidFret,2026-04-16,2026-04-17,,En cours
990,990,OMG0000990,TransUnion Logistique,2025-06-10,2025-06-11,2025-06-11,Livree
991,991,OMG0000991,RapidFret,2025-12-09,2025-12-12,2025-12-11,Livree
992,992,OMG0000992,TransUnion Logistique,2025-04-05,2025-04-07,,En cours
993,993,OMG0000993,EcoRoute,2025-10-07,2025-10-08,2025-10-08,Livree
994,994,OMG0000994,RapidFret,2025-02-07,2025-02-08,2025-02-08,Livree
996,996,OMG0000996,TransUnion Logistique,2026-08-04,2026-08-05,,En cours
997,997,OMG0000997,TransUnion Logistique,2025-09-11,2025-09-12,2025-09-12,Livree
998,998,OMG0000998,TransUnion Logistique,2025-10-24,2025-10-26,,En cours
999,999,OMG0000999,RapidFret,2026-05-14,2026-05-16,2026-05-15,Livree
1000,1000,OMG0001000,TransUnion Logistique,2026-02-07,2026-02-10,2026-02-11,Livree
1001,1001,OMG0001001,EcoRoute,2026-05-31,2026-06-05,2026-06-05,Livree
1002,1002,OMG0001002,TransUnion Logistique,2025-02-09,2025-02-11,,En cours
1004,1004,OMG0001004,EcoRoute,2025-09-24,2025-09-29,2025-10-01,Livree
1005,1005,OMG0001005,RapidFret,2025-10-12,2025-10-13,2025-10-13,Livree
1006,1006,OMG0001006,RapidFret,2025-08-20,2025-08-22,2025-08-22,Livree
1007,1007,OMG0001007,EcoRoute,2025-06-23,2025-06-26,,En cours
1008,1008,OMG0001008,TransUnion Logistique,2025-10-22,2025-10-23,2025-10-23,Livree
1009,1009,OMG0001009,RapidFret,2025-11-26,2025-12-01,,En cours
1010,1010,OMG0001010,RapidFret,2025-04-26,2025-04-29,2025-04-29,Livree
1011,1011,OMG0001011,TransUnion Logistique,2025-04-22,2025-04-24,,En cours
1012,1012,OMG0001012,TransUnion Logistique,2025-04-04,2025-04-05,2025-04-04,Livree
1013,1013,OMG0001013,TransUnion Logistique,2025-07-19,2025-07-24,2025-07-23,Livree
1014,1014,OMG0001014,RapidFret,2026-01-24,2026-01-29,,En cours
1015,1015,OMG0001015,EcoRoute,2026-07-12,2026-07-17,,En cours
1019,1019,OMG0001019,TransUnion Logistique,2026-05-06,2026-05-11,,En cours
1021,1021,OMG0001021,TransUnion Logistique,2026-05-13,2026-05-15,2026-05-14,Livree
1024,1024,OMG0001024,EcoRoute,2025-12-09,2025-12-12,,En cours
1025,1025,OMG0001025,TransUnion Logistique,2025-08-21,2025-08-26,,En cours
1026,1026,OMG0001026,RapidFret,2025-03-23,2025-03-24,,En cours
1031,1031,OMG0001031,EcoRoute,2026-01-31,2026-02-02,,En cours
1032,1032,OMG0001032,EcoRoute,2025-05-17,2025-05-20,2025-05-20,Livree
1033,1033,OMG0001033,TransUnion Logistique,2025-12-04,2025-12-06,,En cours
1035,1035,OMG0001035,RapidFret,2026-04-06,2026-04-11,2026-04-11,Livree
1036,1036,OMG0001036,RapidFret,2025-05-25,2025-05-30,2025-05-30,Livree
1037,1037,OMG0001037,TransUnion Logistique,2025-10-06,2025-10-11,2025-10-11,Livree
1038,1038,OMG0001038,EcoRoute,2025-07-23,2025-07-25,2025-07-24,Livree
1039,1039,OMG0001039,EcoRoute,2025-05-16,2025-05-18,2025-05-18,Livree
1041,1041,OMG0001041,RapidFret,2026-04-17,2026-04-18,2026-04-18,Livree
1042,1042,OMG0001042,TransUnion Logistique,2025-10-10,2025-10-13,2025-10-12,Livree
1043,1043,OMG0001043,TransUnion Logistique,2025-06-06,2025-06-09,2025-06-09,Livree
1047,1047,OMG0001047,RapidFret,2025-03-01,2025-03-02,,En cours
1048,1048,OMG0001048,EcoRoute,2025-10-19,2025-10-20,,En cours
1049,1049,OMG0001049,EcoRoute,2026-06-22,2026-06-27,2026-06-26,Livree
1051,1051,OMG0001051,RapidFret,2026-02-25,2026-02-26,2026-02-25,Livree
1052,1052,OMG0001052,TransUnion Logistique,2026-01-23,2026-01-24,2026-01-24,Livree
1054,1054,OMG0001054,EcoRoute,2025-09-07,2025-09-08,2025-09-08,Livree
1055,1055,OMG0001055,RapidFret,2025-10-27,2025-10-28,2025-10-28,Livree
1057,1057,OMG0001057,EcoRoute,2025-11-18,2025-11-20,2025-11-21,Livree
1058,1058,OMG0001058,EcoRoute,2025-10-25,2025-10-26,2025-10-26,Livree
1062,1062,OMG0001062,EcoRoute,2026-07-11,2026-07-13,,En cours
1063,1063,OMG0001063,EcoRoute,2025-10-31,2025-11-05,2025-11-05,Livree
1064,1064,OMG0001064,RapidFret,2025-10-13,2025-10-16,,En cours
1067,1067,OMG0001067,TransUnion Logistique,2025-04-13,2025-04-14,,En cours
1068,1068,OMG0001068,TransUnion Logistique,2025-10-08,2025-10-11,2025-10-10,Livree
1069,1069,OMG0001069,EcoRoute,2025-05-19,2025-05-20,2025-05-19,Livree
1071,1071,OMG0001071,RapidFret,2025-10-26,2025-10-29,2025-10-29,Livree
1072,1072,OMG0001072,RapidFret,2026-03-20,2026-03-25,2026-03-25,Livree
1073,1073,OMG0001073,TransUnion Logistique,2026-05-12,2026-05-13,2026-05-12,Livree
1074,1074,OMG0001074,TransUnion Logistique,2025-07-18,2025-07-23,2025-07-22,Livree
1075,1075,OMG0001075,TransUnion Logistique,2025-08-01,2025-08-03,,En cours
1077,1077,OMG0001077,RapidFret,2026-03-07,2026-03-08,2026-03-07,Livree
1078,1078,OMG0001078,EcoRoute,2025-10-22,2025-10-27,2025-10-26,Livree
1079,1079,OMG0001079,RapidFret,2026-07-02,2026-07-03,2026-07-03,Livree
1080,1080,OMG0001080,RapidFret,2025-03-07,2025-03-08,2025-03-08,Livree
1081,1081,OMG0001081,TransUnion Logistique,2025-04-25,2025-04-28,,En cours
1082,1082,OMG0001082,TransUnion Logistique,2025-07-16,2025-07-17,,En cours
1083,1083,OMG0001083,TransUnion Logistique,2026-04-28,2026-05-01,,En cours
1084,1084,OMG0001084,TransUnion Logistique,2026-01-11,2026-01-12,2026-01-11,Livree
1085,1085,OMG0001085,RapidFret,2025-11-14,2025-11-19,2025-11-18,Livree
1086,1086,OMG0001086,RapidFret,2025-05-19,2025-05-20,2025-05-19,Livree
1087,1087,OMG0001087,TransUnion Logistique,2025-05-04,2025-05-06,2025-05-06,Livree
1088,1088,OMG0001088,RapidFret,2026-04-22,2026-04-23,2026-04-22,Livree
1092,1092,OMG0001092,TransUnion Logistique,2025-06-29,2025-07-02,,En cours
1093,1093,OMG0001093,EcoRoute,2026-07-22,2026-07-27,2026-07-29,Livree
1094,1094,OMG0001094,EcoRoute,2025-04-25,2025-04-27,,En cours
1095,1095,OMG0001095,TransUnion Logistique,2025-07-16,2025-07-17,,En cours
1096,1096,OMG0001096,RapidFret,2026-03-11,2026-03-12,2026-03-11,Livree
1098,1098,OMG0001098,EcoRoute,2025-11-05,2025-11-06,2025-11-06,Livree
1099,1099,OMG0001099,TransUnion Logistique,2025-07-06,2025-07-08,2025-07-07,Livree
1100,1100,OMG0001100,RapidFret,2026-06-26,2026-06-27,2026-06-27,Livree
1102,1102,OMG0001102,RapidFret,2025-02-05,2025-02-07,2025-02-07,Livree
1103,1103,OMG0001103,EcoRoute,2026-01-22,2026-01-23,2026-01-23,Livree
1104,1104,OMG0001104,RapidFret,2025-05-11,2025-05-14,2025-05-14,Livree
1105,1105,OMG0001105,TransUnion Logistique,2025-07-23,2025-07-26,2025-07-25,Livree
1106,1106,OMG0001106,TransUnion Logistique,2025-04-01,2025-04-06,2025-04-05,Livree
1108,1108,OMG0001108,RapidFret,2025-01-13,2025-01-15,2025-01-14,Livree
1110,1110,OMG0001110,RapidFret,2025-02-09,2025-02-10,,En cours
1111,1111,OMG0001111,TransUnion Logistique,2025-10-19,2025-10-20,2025-10-20,Livree
1112,1112,OMG0001112,RapidFret,2025-04-01,2025-04-02,2025-04-01,Livree
1113,1113,OMG0001113,TransUnion Logistique,2025-05-01,2025-05-04,2025-05-03,Livree
1114,1114,OMG0001114,EcoRoute,2026-07-14,2026-07-17,2026-07-16,Livree
1115,1115,OMG0001115,EcoRoute,2025-06-30,2025-07-03,,En cours
1116,1116,OMG0001116,EcoRoute,2026-05-30,2026-06-01,,En cours
1119,1119,OMG0001119,EcoRoute,2025-05-05,2025-05-08,,En cours
1121,1121,OMG0001121,RapidFret,2025-11-03,2025-11-06,2025-11-05,Livree
1122,1122,OMG0001122,RapidFret,2025-08-30,2025-08-31,2025-08-31,Livree
1123,1123,OMG0001123,EcoRoute,2025-04-06,2025-04-07,2025-04-06,Livree
1126,1126,OMG0001126,RapidFret,2025-07-13,2025-07-14,,En cours
1127,1127,OMG0001127,TransUnion Logistique,2026-03-10,2026-03-11,,En cours
1128,1128,OMG0001128,RapidFret,2025-10-30,2025-11-01,,En cours
1129,1129,OMG0001129,TransUnion Logistique,2025-03-03,2025-03-05,2025-03-04,Livree
1130,1130,OMG0001130,EcoRoute,2025-12-14,2025-12-15,,En cours
1131,1131,OMG0001131,RapidFret,2026-01-24,2026-01-26,2026-01-25,Livree
1132,1132,OMG0001132,EcoRoute,2025-07-25,2025-07-26,,En cours
1134,1134,OMG0001134,RapidFret,2026-03-12,2026-03-14,2026-03-15,Livree
1136,1136,OMG0001136,EcoRoute,2026-01-10,2026-01-11,,En cours
1138,1138,OMG0001138,EcoRoute,2025-11-14,2025-11-19,2025-11-19,Livree
1139,1139,OMG0001139,TransUnion Logistique,2026-05-21,2026-05-22,,En cours
1140,1140,OMG0001140,TransUnion Logistique,2025-03-10,2025-03-12,,En cours
1141,1141,OMG0001141,TransUnion Logistique,2025-09-14,2025-09-16,,En cours
1145,1145,OMG0001145,TransUnion Logistique,2025-10-11,2025-10-12,,En cours
1146,1146,OMG0001146,TransUnion Logistique,2026-01-16,2026-01-17,,En cours
1147,1147,OMG0001147,RapidFret,2026-04-03,2026-04-05,,En cours
1148,1148,OMG0001148,RapidFret,2025-02-15,2025-02-16,2025-02-15,Livree
1149,1149,OMG0001149,RapidFret,2026-03-20,2026-03-22,2026-03-21,Livree
1150,1150,OMG0001150,RapidFret,2026-03-22,2026-03-25,,En cours
1152,1152,OMG0001152,EcoRoute,2026-04-21,2026-04-26,2026-04-25,Livree
1153,1153,OMG0001153,EcoRoute,2025-06-19,2025-06-20,2025-06-20,Livree
1154,1154,OMG0001154,TransUnion Logistique,2026-02-28,2026-03-01,,En cours
1155,1155,OMG0001155,TransUnion Logistique,2025-06-11,2025-06-13,2025-06-13,Livree
1156,1156,OMG0001156,EcoRoute,2025-07-15,2025-07-20,,En cours
1157,1157,OMG0001157,TransUnion Logistique,2026-03-24,2026-03-25,2026-03-24,Livree
1158,1158,OMG0001158,TransUnion Logistique,2025-06-21,2025-06-24,,En cours
1159,1159,OMG0001159,RapidFret,2025-07-21,2025-07-22,2025-07-21,Livree
1161,1161,OMG0001161,EcoRoute,2025-01-17,2025-01-18,,En cours
1162,1162,OMG0001162,EcoRoute,2025-05-22,2025-05-25,2025-05-25,Livree
1163,1163,OMG0001163,EcoRoute,2025-04-17,2025-04-19,2025-04-19,Livree
1165,1165,OMG0001165,RapidFret,2025-08-16,2025-08-18,2025-08-17,Livree
1166,1166,OMG0001166,TransUnion Logistique,2025-04-10,2025-04-13,,En cours
1167,1167,OMG0001167,EcoRoute,2025-01-23,2025-01-26,2025-01-26,Livree
1168,1168,OMG0001168,TransUnion Logistique,2025-07-13,2025-07-18,2025-07-18,Livree
1169,1169,OMG0001169,TransUnion Logistique,2025-02-12,2025-02-14,2025-02-14,Livree
1170,1170,OMG0001170,EcoRoute,2025-08-19,2025-08-20,2025-08-20,Livree
1171,1171,OMG0001171,EcoRoute,2025-08-01,2025-08-03,2025-08-02,Livree
1172,1172,OMG0001172,RapidFret,2026-01-16,2026-01-17,2026-01-17,Livree
1173,1173,OMG0001173,RapidFret,2025-08-04,2025-08-05,2025-08-04,Livree
1174,1174,OMG0001174,EcoRoute,2025-12-02,2025-12-03,2025-12-03,Livree
1177,1177,OMG0001177,EcoRoute,2025-01-21,2025-01-23,2025-01-24,Livree
1178,1178,OMG0001178,TransUnion Logistique,2025-07-17,2025-07-22,2025-07-21,Livree
1179,1179,OMG0001179,RapidFret,2025-07-12,2025-07-13,2025-07-12,Livree
1180,1180,OMG0001180,EcoRoute,2026-01-15,2026-01-17,,En cours
1181,1181,OMG0001181,RapidFret,2025-03-24,2025-03-26,2025-03-25,Livree
1182,1182,OMG0001182,TransUnion Logistique,2026-01-02,2026-01-03,2026-01-03,Livree
1183,1183,OMG0001183,RapidFret,2026-03-31,2026-04-01,2026-04-01,Livree
1185,1185,OMG0001185,EcoRoute,2026-04-20,2026-04-23,2026-04-22,Livree
1186,1186,OMG0001186,RapidFret,2025-07-03,2025-07-04,,En cours
1187,1187,OMG0001187,TransUnion Logistique,2025-04-11,2025-04-14,2025-04-14,Livree
1189,1189,OMG0001189,EcoRoute,2025-01-29,2025-01-30,,En cours
1190,1190,OMG0001190,RapidFret,2026-07-01,2026-07-02,2026-07-03,Livree
1192,1192,OMG0001192,EcoRoute,2026-07-10,2026-07-13,2026-07-12,Livree
1193,1193,OMG0001193,RapidFret,2025-06-05,2025-06-08,2025-06-08,Livree
1194,1194,OMG0001194,EcoRoute,2025-01-18,2025-01-21,2025-01-21,Livree
1195,1195,OMG0001195,RapidFret,2025-07-28,2025-07-30,2025-07-29,Livree
1196,1196,OMG0001196,TransUnion Logistique,2025-12-16,2025-12-18,2025-12-18,Livree
1197,1197,OMG0001197,EcoRoute,2026-07-27,2026-07-28,,En cours
1198,1198,OMG0001198,EcoRoute,2025-05-20,2025-05-22,2025-05-23,Livree
1201,1201,OMG0001201,TransUnion Logistique,2025-04-07,2025-04-09,2025-04-08,Livree
1202,1202,OMG0001202,RapidFret,2026-04-29,2026-05-01,,En cours
1203,1203,OMG0001203,EcoRoute,2025-10-04,2025-10-07,2025-10-07,Livree
1205,1205,OMG0001205,RapidFret,2025-10-06,2025-10-07,2025-10-06,Livree
1206,1206,OMG0001206,EcoRoute,2026-01-04,2026-01-05,2026-01-07,Livree
1207,1207,OMG0001207,TransUnion Logistique,2025-07-23,2025-07-24,,En cours
1208,1208,OMG0001208,TransUnion Logistique,2025-08-11,2025-08-13,2025-08-15,Livree
1210,1210,OMG0001210,RapidFret,2025-08-22,2025-08-24,,En cours
1211,1211,OMG0001211,EcoRoute,2025-01-06,2025-01-07,2025-01-06,Livree
1213,1213,OMG0001213,RapidFret,2025-04-10,2025-04-12,2025-04-11,Livree
1214,1214,OMG0001214,EcoRoute,2025-09-29,2025-09-30,2025-09-29,Livree
1217,1217,OMG0001217,TransUnion Logistique,2025-09-27,2025-09-29,2025-09-28,Livree
1218,1218,OMG0001218,RapidFret,2026-05-12,2026-05-13,2026-05-13,Livree
1219,1219,OMG0001219,TransUnion Logistique,2025-12-26,2025-12-28,2025-12-28,Livree
1220,1220,OMG0001220,RapidFret,2026-04-04,2026-04-05,2026-04-04,Livree
1221,1221,OMG0001221,EcoRoute,2026-05-20,2026-05-25,2026-05-24,Livree
1222,1222,OMG0001222,EcoRoute,2026-05-30,2026-06-01,2026-05-31,Livree
1224,1224,OMG0001224,RapidFret,2025-03-29,2025-03-30,,En cours
1225,1225,OMG0001225,RapidFret,2025-02-09,2025-02-12,,En cours
1226,1226,OMG0001226,RapidFret,2025-07-03,2025-07-06,2025-07-06,Livree
1227,1227,OMG0001227,TransUnion Logistique,2025-12-10,2025-12-12,,En cours
1229,1229,OMG0001229,TransUnion Logistique,2026-05-06,2026-05-11,,En cours
1230,1230,OMG0001230,EcoRoute,2025-09-16,2025-09-17,2025-09-17,Livree
1231,1231,OMG0001231,RapidFret,2025-08-04,2025-08-05,2025-08-05,Livree
1233,1233,OMG0001233,RapidFret,2025-08-22,2025-08-25,,En cours
1234,1234,OMG0001234,EcoRoute,2025-06-17,2025-06-19,2025-06-18,Livree
1236,1236,OMG0001236,EcoRoute,2025-06-03,2025-06-06,2025-06-05,Livree
1237,1237,OMG0001237,RapidFret,2025-04-17,2025-04-20,2025-04-19,Livree
1238,1238,OMG0001238,EcoRoute,2026-03-09,2026-03-10,2026-03-10,Livree
1239,1239,OMG0001239,RapidFret,2026-02-10,2026-02-11,2026-02-12,Livree
1240,1240,OMG0001240,RapidFret,2025-01-21,2025-01-26,,En cours
1241,1241,OMG0001241,RapidFret,2025-05-31,2025-06-01,2025-06-01,Livree
1242,1242,OMG0001242,RapidFret,2025-10-05,2025-10-07,2025-10-06,Livree
1243,1243,OMG0001243,EcoRoute,2026-03-25,2026-03-27,2026-03-27,Livree
1244,1244,OMG0001244,RapidFret,2025-01-23,2025-01-25,2025-01-24,Livree
1245,1245,OMG0001245,EcoRoute,2026-02-07,2026-02-09,2026-02-09,Livree
1247,1247,OMG0001247,EcoRoute,2026-05-04,2026-05-05,2026-05-04,Livree
1248,1248,OMG0001248,EcoRoute,2025-02-23,2025-02-26,2025-02-25,Livree
1250,1250,OMG0001250,TransUnion Logistique,2026-07-14,2026-07-17,,En cours
1251,1251,OMG0001251,TransUnion Logistique,2025-01-18,2025-01-20,2025-01-19,Livree
1252,1252,OMG0001252,RapidFret,2025-05-05,2025-05-08,2025-05-08,Livree
1253,1253,OMG0001253,RapidFret,2026-06-05,2026-06-06,2026-06-05,Livree
1254,1254,OMG0001254,TransUnion Logistique,2026-01-26,2026-01-28,2026-01-28,Livree
1255,1255,OMG0001255,RapidFret,2025-06-21,2025-06-26,2025-06-26,Livree
1257,1257,OMG0001257,TransUnion Logistique,2025-04-19,2025-04-21,2025-04-21,Livree
1258,1258,OMG0001258,EcoRoute,2026-03-07,2026-03-10,,En cours
1259,1259,OMG0001259,RapidFret,2026-06-21,2026-06-23,2026-06-23,Livree
1261,1261,OMG0001261,RapidFret,2026-02-24,2026-02-27,2026-02-27,Livree
1262,1262,OMG0001262,EcoRoute,2025-05-04,2025-05-05,,En cours
1263,1263,OMG0001263,EcoRoute,2025-08-18,2025-08-21,2025-08-21,Livree
1264,1264,OMG0001264,RapidFret,2025-01-18,2025-01-20,,En cours
1265,1265,OMG0001265,EcoRoute,2026-06-19,2026-06-20,2026-06-20,Livree
1266,1266,OMG0001266,RapidFret,2026-03-22,2026-03-23,2026-03-22,Livree
1267,1267,OMG0001267,TransUnion Logistique,2025-06-04,2025-06-05,2025-06-04,Livree
1268,1268,OMG0001268,RapidFret,2025-04-08,2025-04-10,2025-04-10,Livree
1272,1272,OMG0001272,TransUnion Logistique,2025-05-20,2025-05-21,,En cours
1273,1273,OMG0001273,TransUnion Logistique,2025-02-14,2025-02-16,2025-02-15,Livree
1274,1274,OMG0001274,TransUnion Logistique,2025-12-12,2025-12-14,2025-12-13,Livree
1275,1275,OMG0001275,TransUnion Logistique,2026-02-12,2026-02-13,2026-02-12,Livree
1277,1277,OMG0001277,TransUnion Logistique,2025-06-19,2025-06-21,2025-06-20,Livree
1280,1280,OMG0001280,RapidFret,2026-06-07,2026-06-12,2026-06-11,Livree
1281,1281,OMG0001281,TransUnion Logistique,2025-05-19,2025-05-21,,En cours
1282,1282,OMG0001282,TransUnion Logistique,2025-02-16,2025-02-21,,En cours
1284,1284,OMG0001284,RapidFret,2025-07-03,2025-07-05,2025-07-08,Livree
1285,1285,OMG0001285,RapidFret,2025-06-10,2025-06-12,,En cours
1286,1286,OMG0001286,TransUnion Logistique,2025-09-05,2025-09-10,2025-09-10,Livree
1288,1288,OMG0001288,RapidFret,2025-07-07,2025-07-12,2025-07-12,Livree
1289,1289,OMG0001289,EcoRoute,2025-01-13,2025-01-14,,En cours
1290,1290,OMG0001290,TransUnion Logistique,2026-03-23,2026-03-26,2026-03-26,Livree
1292,1292,OMG0001292,RapidFret,2025-02-19,2025-02-20,2025-02-20,Livree
1293,1293,OMG0001293,EcoRoute,2025-10-02,2025-10-05,2025-10-05,Livree
1294,1294,OMG0001294,TransUnion Logistique,2026-03-20,2026-03-23,2026-03-22,Livree
1296,1296,OMG0001296,EcoRoute,2025-09-18,2025-09-23,,En cours
1297,1297,OMG0001297,TransUnion Logistique,2025-03-09,2025-03-12,2025-03-11,Livree
1298,1298,OMG0001298,EcoRoute,2026-05-30,2026-06-01,2026-05-31,Livree
1299,1299,OMG0001299,EcoRoute,2026-01-24,2026-01-26,,En cours
1300,1300,OMG0001300,EcoRoute,2026-06-18,2026-06-23,2026-06-22,Livree
1301,1301,OMG0001301,TransUnion Logistique,2026-06-09,2026-06-12,2026-06-11,Livree
1302,1302,OMG0001302,RapidFret,2025-10-03,2025-10-05,,En cours
1303,1303,OMG0001303,EcoRoute,2025-09-14,2025-09-16,2025-09-16,Livree
1306,1306,OMG0001306,RapidFret,2025-08-13,2025-08-18,,En cours
1307,1307,OMG0001307,RapidFret,2026-04-14,2026-04-17,2026-04-17,Livree
1308,1308,OMG0001308,EcoRoute,2025-11-04,2025-11-05,2025-11-04,Livree
1309,1309,OMG0001309,RapidFret,2026-01-06,2026-01-08,,En cours
1310,1310,OMG0001310,EcoRoute,2025-12-24,2025-12-26,2025-12-26,Livree
1311,1311,OMG0001311,EcoRoute,2025-11-10,2025-11-12,2025-11-11,Livree
1312,1312,OMG0001312,TransUnion Logistique,2026-02-26,2026-03-01,2026-02-28,Livree
1313,1313,OMG0001313,RapidFret,2026-07-09,2026-07-14,,En cours
1314,1314,OMG0001314,TransUnion Logistique,2025-02-02,2025-02-07,2025-02-07,Livree
1315,1315,OMG0001315,TransUnion Logistique,2025-06-13,2025-06-18,2025-06-20,Livree
1316,1316,OMG0001316,EcoRoute,2026-04-27,2026-05-02,2026-05-04,Livree
1317,1317,OMG0001317,RapidFret,2025-05-12,2025-05-17,,En cours
1318,1318,OMG0001318,RapidFret,2025-04-23,2025-04-24,,En cours
1319,1319,OMG0001319,TransUnion Logistique,2025-11-20,2025-11-23,2025-11-23,Livree
1322,1322,OMG0001322,RapidFret,2026-04-30,2026-05-01,2026-05-01,Livree
1323,1323,OMG0001323,EcoRoute,2025-06-20,2025-06-21,2025-06-20,Livree
1324,1324,OMG0001324,EcoRoute,2026-07-31,2026-08-05,2026-08-04,Livree
1325,1325,OMG0001325,EcoRoute,2025-05-13,2025-05-15,2025-05-14,Livree
1326,1326,OMG0001326,EcoRoute,2026-07-30,2026-08-01,,En cours
1327,1327,OMG0001327,EcoRoute,2025-04-02,2025-04-03,2025-04-04,Livree
1328,1328,OMG0001328,EcoRoute,2026-02-17,2026-02-18,,En cours
1329,1329,OMG0001329,EcoRoute,2025-04-30,2025-05-05,2025-05-05,Livree
1330,1330,OMG0001330,EcoRoute,2025-02-03,2025-02-05,,En cours
1331,1331,OMG0001331,RapidFret,2025-05-27,2025-05-28,2025-05-27,Livree
1332,1332,OMG0001332,EcoRoute,2026-03-22,2026-03-27,,En cours
1333,1333,OMG0001333,EcoRoute,2025-08-28,2025-08-30,2025-09-02,Livree
1335,1335,OMG0001335,RapidFret,2025-05-04,2025-05-06,2025-05-06,Livree
1336,1336,OMG0001336,TransUnion Logistique,2026-04-26,2026-04-28,,En cours
1337,1337,OMG0001337,TransUnion Logistique,2026-02-23,2026-02-25,2026-02-25,Livree
1338,1338,OMG0001338,RapidFret,2026-06-17,2026-06-18,2026-06-17,Livree
1339,1339,OMG0001339,TransUnion Logistique,2025-10-02,2025-10-03,,En cours
1341,1341,OMG0001341,RapidFret,2025-10-08,2025-10-10,2025-10-10,Livree
1342,1342,OMG0001342,RapidFret,2025-05-10,2025-05-13,2025-05-14,Livree
1345,1345,OMG0001345,TransUnion Logistique,2025-02-18,2025-02-20,2025-02-20,Livree
1346,1346,OMG0001346,RapidFret,2025-05-15,2025-05-16,,En cours
1347,1347,OMG0001347,RapidFret,2025-02-02,2025-02-04,2025-02-03,Livree
1349,1349,OMG0001349,TransUnion Logistique,2026-02-02,2026-02-04,2026-02-04,Livree
1350,1350,OMG0001350,EcoRoute,2025-11-10,2025-11-12,2025-11-11,Livree
1351,1351,OMG0001351,TransUnion Logistique,2025-12-01,2025-12-02,,En cours
1352,1352,OMG0001352,EcoRoute,2025-12-07,2025-12-10,,En cours
1353,1353,OMG0001353,TransUnion Logistique,2025-01-26,2025-01-27,2025-01-27,Livree
1354,1354,OMG0001354,EcoRoute,2026-06-03,2026-06-08,2026-06-07,Livree
1355,1355,OMG0001355,RapidFret,2025-01-04,2025-01-06,2025-01-05,Livree
1356,1356,OMG0001356,TransUnion Logistique,2026-05-22,2026-05-27,,En cours
1357,1357,OMG0001357,TransUnion Logistique,2025-08-19,2025-08-20,2025-08-20,Livree
1358,1358,OMG0001358,RapidFret,2025-06-16,2025-06-17,,En cours
1359,1359,OMG0001359,EcoRoute,2025-02-10,2025-02-11,2025-02-10,Livree
1360,1360,OMG0001360,TransUnion Logistique,2026-01-28,2026-01-29,,En cours
1361,1361,OMG0001361,TransUnion Logistique,2025-04-20,2025-04-23,2025-04-22,Livree
1362,1362,OMG0001362,EcoRoute,2026-02-24,2026-02-26,2026-02-26,Livree
1363,1363,OMG0001363,RapidFret,2025-05-31,2025-06-01,2025-06-01,Livree
1364,1364,OMG0001364,EcoRoute,2026-06-12,2026-06-17,,En cours
1365,1365,OMG0001365,EcoRoute,2026-05-11,2026-05-16,2026-05-17,Livree
1366,1366,OMG0001366,TransUnion Logistique,2025-10-06,2025-10-11,2025-10-11,Livree
1368,1368,OMG0001368,TransUnion Logistique,2025-08-12,2025-08-15,,En cours
1369,1369,OMG0001369,RapidFret,2026-03-14,2026-03-15,2026-03-14,Livree
1370,1370,OMG0001370,RapidFret,2025-11-11,2025-11-14,2025-11-14,Livree
1371,1371,OMG0001371,RapidFret,2025-03-13,2025-03-14,2025-03-14,Livree
1372,1372,OMG0001372,EcoRoute,2026-07-16,2026-07-17,2026-07-16,Livree
1373,1373,OMG0001373,RapidFret,2025-11-11,2025-11-13,2025-11-12,Livree
1374,1374,OMG0001374,TransUnion Logistique,2025-12-03,2025-12-04,2025-12-03,Livree
1375,1375,OMG0001375,EcoRoute,2026-08-02,2026-08-05,2026-08-04,Livree
1377,1377,OMG0001377,EcoRoute,2025-03-21,2025-03-26,2025-03-25,Livree
1378,1378,OMG0001378,EcoRoute,2026-06-04,2026-06-06,2026-06-05,Livree
1379,1379,OMG0001379,EcoRoute,2025-03-16,2025-03-18,2025-03-17,Livree
1380,1380,OMG0001380,TransUnion Logistique,2025-04-01,2025-04-04,2025-04-03,Livree
1381,1381,OMG0001381,TransUnion Logistique,2025-09-05,2025-09-07,2025-09-06,Livree
1383,1383,OMG0001383,TransUnion Logistique,2025-08-02,2025-08-04,,En cours
1384,1384,OMG0001384,TransUnion Logistique,2026-02-24,2026-02-26,,En cours
1385,1385,OMG0001385,EcoRoute,2025-05-27,2025-05-28,,En cours
1386,1386,OMG0001386,TransUnion Logistique,2025-05-08,2025-05-09,,En cours
1387,1387,OMG0001387,RapidFret,2026-05-28,2026-05-30,2026-05-29,Livree
1388,1388,OMG0001388,RapidFret,2025-07-19,2025-07-24,2025-07-23,Livree
1390,1390,OMG0001390,RapidFret,2026-05-14,2026-05-15,,En cours
1391,1391,OMG0001391,EcoRoute,2025-09-26,2025-10-01,2025-10-01,Livree
1392,1392,OMG0001392,TransUnion Logistique,2025-04-13,2025-04-18,2025-04-17,Livree
1393,1393,OMG0001393,TransUnion Logistique,2025-04-26,2025-04-27,,En cours
1394,1394,OMG0001394,EcoRoute,2026-07-29,2026-07-31,,En cours
1395,1395,OMG0001395,EcoRoute,2026-06-18,2026-06-23,2026-06-23,Livree
1396,1396,OMG0001396,TransUnion Logistique,2025-02-05,2025-02-10,2025-02-10,Livree
1397,1397,OMG0001397,RapidFret,2025-09-19,2025-09-21,,En cours
1398,1398,OMG0001398,TransUnion Logistique,2025-05-16,2025-05-19,2025-05-19,Livree
1399,1399,OMG0001399,EcoRoute,2025-06-21,2025-06-24,2025-06-24,Livree
1400,1400,OMG0001400,RapidFret,2026-04-05,2026-04-08,2026-04-07,Livree
