id,commande_id,produit_id,quantite
1,1,2,36
2,1,5,40
3,1,6,37
4,1,4,5
5,2,3,24
6,2,6,14
7,2,5,5
8,3,16,4
9,3,14,3
10,4,16,14
11,4,18,26
12,4,18,10
13,4,15,9
14,4,14,36
15,5,11,8
16,6,9,17
17,6,9,1
18,6,2,35
19,6,5,22
20,7,5,33
21,8,23,35
22,8,29,1
23,8,30,21
24,9,2,32
25,10,17,14
26,10,19,13
27,10,15,26
28,10,16,29
29,10,19,29
30,11,22,4
31,12,9,16
32,13,27,13
33,13,22,7
34,13,27,23
35,13,27,27
36,14,4,13
37,15,18,36
38,16,4,26
39,16,1,11
40,16,7,1
41,16,7,17
42,17,21,38
43,17,29,4
44,18,23,5
45,19,22,37
46,19,24,38
47,19,30,3
48,19,30,6
49,20,15,26
50,20,13,20
51,21,19,14
52,22,24,24
53,23,15,7
54,23,13,17
55,23,12,7
56,23,19,10
57,23,15,19
58,24,22,28
59,25,19,1
60,25,12,5
61,25,13,35
62,25,11,24
63,26,6,36
64,27,13,12
65,27,17,2
66,28,27,3
67,29,17,22
68,29,15,5
69,30,23,38
70,30,25,3
71,30,22,39
72,31,24,17
73,31,21,28
74,31,21,34
75,31,29,13
76,31,26,28
77,32,25,27
78,32,26,26
79,32,25,36
80,32,23,13
81,32,27,25
82,33,10,21
83,33,8,29
84,33,8,14
85,33,9,31
86,33,3,6
87,34,3,2
88,34,1,16
89,35,18,26
90,35,14,10
91,35,11,7
92,35,17,15
93,36,9,36
94,36,10,21
95,36,8,40
96,36,9,28
97,37,18,16
98,37,15,29
99,37,12,19
100,37,14,18
101,37,16,21
102,38,6,35
103,38,8,27
104,38,1,14
105,38,7,25
106,39,20,15
107,39,18,15
108,39,15,28
109,39,18,2
110,39,17,22
111,40,30,2
112,40,22,28
113,40,23,30
114,40,23,4
115,40,25,25
116,41,11,35
117,41,11,23
118,41,14,5
119,41,11,2
120,42,4,30
121,42,5,24
122,42,3,39
123,42,10,8
124,42,3,20
125,43,7,26
126,43,4,5
127,43,10,16
128,43,2,20
129,43,10,8
130,44,28,7
131,44,27,24
132,44,28,10
133,44,27,12
134,45,14,6
135,45,15,29
136,45,14,30
137,46,28,21
138,47,11,34
139,47,14,6
140,47,14,27
141,47,18,36
142,47,14,31
143,48,6,31
144,48,9,34
145,48,6,28
146,48,9,22
147,48,6,30
148,49,4,14
149,49,8,18
150,50,13,18
151,50,11,4
152,50,19,19
153,50,13,32
154,50,12,1
155,51,7,32
156,52,2,36
157,52,7,39
158,53,30,7
159,54,3,16
160,55,14,19
161,56,7,8
162,56,9,15
163,57,21,11
164,58,15,33
165,58,19,32
166,58,18,6
167,58,20,3
168,59,12,15
169,60,30,3
170,60,23,31
171,60,29,29
172,61,12,31
173,61,16,27
174,61,16,21
175,61,12,11
176,62,15,21
177,62,12,26
178,62,19,1
179,63,24,18
180,64,5,36
181,64,1,36
182,65,9,18
183,65,7,31
184,65,8,16
185,66,27,22
186,66,29,18
187,66,21,19
188,67,19,25
189,67,18,21
190,67,14,16
191,67,20,25
192,67,14,27
193,68,23,33
194,69,23,5
195,69,28,17
196,69,26,40
197,69,27,6
198,70,30,5
199,71,28,11
200,72,25,23
201,73,30,25
202,74,18,19
203,75,15,13
204,75,17,31
205,75,12,16
206,75,17,37
207,76,11,26
208,76,15,1
209,76,20,4
210,77,24,39
211,77,26,15
212,77,24,40
213,78,1,38
214,78,6,9
215,78,2,19
216,78,6,27
217,79,28,19
218,79,26,8
219,79,28,5
220,80,12,30
221,80,16,17
222,80,20,25
223,80,16,7
224,80,14,31
225,81,25,27
226,81,22,9
227,81,21,3
228,81,25,32
229,82,17,38
230,82,13,27
231,82,12,32
232,82,20,27
233,82,15,3
234,83,26,7
235,83,26,35
236,84,11,4
237,84,16,16
238,84,13,37
239,84,14,5
240,84,19,14
241,85,5,12
242,85,2,2
243,85,3,1
244,85,6,16
245,85,10,21
246,86,9,8
247,86,2,31
248,86,8,24
249,86,9,38
250,87,21,31
251,88,12,9
252,88,15,40
253,89,19,14
254,90,17,21
255,90,15,24
256,90,13,31
257,91,9,4
258,91,10,36
259,92,15,23
260,92,12,37
261,92,19,14
262,92,13,31
263,92,14,7
264,93,20,15
265,93,17,36
266,93,20,40
267,94,6,1
268,94,3,10
269,94,10,26
270,95,26,11
271,95,26,20
272,95,26,37
273,95,30,6
274,96,28,39
275,96,28,27
276,96,25,14
277,96,29,8
278,97,24,26
279,98,23,17
280,98,25,21
281,99,9,23
282,99,2,26
283,99,1,28
284,99,1,30
285,99,2,21
286,100,13,40
287,100,18,24
288,100,12,28
289,101,6,11
290,101,2,33
291,102,25,13
292,102,23,39
293,103,20,21
294,103,16,10
295,103,18,5
296,103,18,29
297,103,15,18
298,104,12,6
299,104,20,39
300,104,19,25
301,105,29,10
302,105,21,29
303,105,22,22
304,105,22,33
305,106,25,25
306,106,27,22
307,106,30,4
308,107,13,22
309,107,12,38
310,107,13,23
311,107,15,26
312,107,13,39
313,108,2,28
314,108,9,24
315,108,1,24
316,108,5,12
317,108,4,22
318,109,9,3
319,109,6,40
320,109,3,39
321,109,7,10
322,109,3,12
323,110,25,29
324,110,24,35
325,110,24,20
326,110,28,13
327,110,26,37
328,111,19,27
329,111,13,13
330,111,20,9
331,111,15,4
332,111,18,24
333,112,3,28
334,112,2,15
335,112,8,23
336,112,1,27
337,112,1,26
338,113,3,9
339,113,1,19
340,113,8,9
341,114,19,28
342,114,12,19
343,114,14,20
344,114,12,4
345,114,14,27
346,115,23,19
347,115,27,1
348,116,29,35
349,117,21,25
350,117,26,17
351,117,21,23
352,117,22,23
353,118,26,12
354,118,28,31
355,118,23,9
356,118,22,30
357,118,21,19
358,119,18,17
359,119,11,13
360,119,15,23
361,119,11,22
362,119,15,8
363,120,16,12
364,120,18,32
365,120,16,34
366,120,15,6
367,121,15,29
368,121,20,28
369,121,13,29
370,122,12,26
371,123,13,39
372,124,20,10
373,125,4,8
374,125,1,12
375,125,8,34
376,126,14,8
377,126,13,5
378,126,18,12
379,126,18,6
380,127,26,33
381,127,24,8
382,128,13,40
383,128,12,5
384,128,15,26
385,128,18,34
386,128,17,27
387,129,19,38
388,129,13,9
389,130,24,23
390,130,29,19
391,130,22,17
392,131,23,38
393,131,30,10
394,131,23,40
395,131,30,22
396,131,30,3
397,132,20,2
398,132,18,35
399,132,15,20
400,132,18,16
401,133,20,10
402,133,16,21
403,133,16,26
404,134,3,7
405,134,1,19
406,135,28,33
407,135,28,32
408,136,11,19
409,137,19,1
410,137,12,28
411,137,13,17
412,138,21,37
413,138,29,13
414,138,26,36
415,138,25,5
416,139,27,24
417,140,21,9
418,141,23,26
419,141,30,20
420,141,30,22
421,142,20,20
422,142,11,39
423,142,18,17
424,142,20,37
425,143,23,16
426,143,21,37
427,143,22,13
428,143,21,29
429,144,17,33
430,144,20,31
431,145,13,30
432,145,19,22
433,145,19,23
434,146,25,14
435,146,28,21
436,146,28,23
437,147,12,23
438,147,18,17
439,147,18,14
440,148,14,16
441,148,11,34
442,148,14,15
443,148,11,7
444,148,17,22
445,149,21,36
446,149,23,27
447,150,26,19
448,150,21,6
449,150,30,15
450,151,23,27
451,152,5,37
452,153,25,13
453,153,22,22
454,153,23,30
455,153,25,12
456,154,27,33
457,154,26,6
458,154,27,7
459,154,23,9
460,155,14,29
461,155,15,22
462,155,15,38
463,155,20,1
464,156,29,20
465,156,22,19
466,156,26,40
467,156,24,15
468,157,14,16
469,157,20,6
470,157,19,29
471,157,19,24
472,157,12,37
473,158,28,8
474,158,24,38
475,158,28,6
476,158,29,29
477,158,21,30
478,159,27,17
479,160,12,31
480,161,28,25
481,161,27,6
482,161,29,9
483,161,26,8
484,162,9,28
485,162,9,25
486,162,4,16
487,162,8,23
488,163,1,27
489,164,4,3
490,165,13,33
491,166,25,10
492,166,29,15
493,167,28,4
494,167,26,25
495,167,29,21
496,167,27,27
497,167,23,20
498,168,15,10
499,168,18,4
500,169,8,24
501,170,12,13
502,171,24,22
503,171,25,1
504,171,24,13
505,171,22,31
506,172,4,36
507,172,6,19
508,172,7,30
509,172,9,23
510,173,4,24
511,173,6,27
512,173,1,37
513,174,24,22
514,174,24,25
515,175,13,23
516,175,13,9
517,175,19,32
518,175,13,35
519,176,2,10
520,176,1,14
521,177,29,36
522,178,23,7
523,178,22,34
524,178,23,16
525,178,24,40
526,179,15,6
527,179,11,6
528,180,11,11
529,181,10,7
530,181,9,3
531,181,4,14
532,182,25,35
533,183,2,20
534,183,3,37
535,183,4,37
536,183,7,35
537,184,21,7
538,184,27,15
539,184,22,22
540,185,17,12
541,185,20,25
542,185,12,40
543,185,15,16
544,186,23,25
545,186,26,24
546,186,22,6
547,186,21,20
548,187,9,27
549,187,2,2
550,187,2,23
551,187,9,6
552,187,10,39
553,188,10,34
554,188,3,25
555,189,5,31
556,189,2,24
557,189,5,16
558,189,8,39
559,190,18,22
560,190,17,39
561,190,13,20
562,191,18,37
563,191,14,21
564,191,17,18
565,192,20,35
566,192,13,36
567,193,18,9
568,193,15,16
569,193,15,10
570,193,17,25
571,194,19,3
572,194,16,35
573,194,20,6
574,194,12,16
575,195,27,7
576,195,21,7
577,195,25,15
578,196,28,7
579,197,24,34
580,197,28,23
581,197,28,7
582,197,28,29
583,198,14,34
584,198,13,36
585,199,4,26
586,199,3,12
587,199,7,26
588,199,1,40
589,200,30,7
590,201,20,25
591,201,20,26
592,201,20,8
593,202,22,9
594,202,26,8
595,202,24,20
596,202,22,12
597,202,26,10
598,203,19,11
599,203,18,19
600,204,1,23
601,204,1,32
602,204,3,13
603,204,7,36
604,204,9,32
605,205,5,3
606,205,5,15
607,206,15,35
608,207,14,20
609,208,8,8
610,209,20,9
611,209,14,14
612,210,9,11
613,210,6,19
614,210,5,37
615,210,5,33
616,210,2,9
617,211,24,26
618,211,28,10
619,211,30,18
620,212,18,32
621,212,16,38
622,212,11,6
623,213,22,35
624,213,27,14
625,213,27,14
626,214,19,37
627,214,13,37
628,214,18,22
629,215,4,9
630,215,5,11
631,215,5,6
632,215,6,17
633,216,7,6
634,216,2,1
635,217,22,28
636,217,23,31
637,217,22,15
638,218,13,5
639,218,19,37
640,219,30,29
641,219,24,6
642,219,22,9
643,219,22,38
644,220,10,39
645,220,10,19
646,220,1,20
647,220,4,34
648,220,10,33
649,221,10,5
650,221,9,1
651,221,6,21
652,221,3,25
653,222,4,3
654,222,1,26
655,222,9,19
656,223,25,6
657,224,27,16
658,224,21,16
659,224,22,28
660,225,3,8
661,225,1,9
662,225,1,11
663,226,13,24
664,226,13,18
665,226,12,2
666,227,29,24
667,227,21,32
668,227,30,11
669,227,26,11
670,228,24,3
671,229,4,21
672,229,4,27
673,229,6,18
674,229,2,37
675,230,8,19
676,231,16,13
677,232,18,24
678,232,20,32
679,233,1,22
680,233,1,25
681,233,5,7
682,234,4,34
683,235,2,38
684,235,10,4
685,235,7,9
686,235,4,19
687,236,22,13
688,236,23,38
689,237,18,20
690,237,18,17
691,238,23,6
692,238,24,23
693,238,27,33
694,239,12,30
695,239,12,9
696,240,10,38
697,241,18,9
698,241,12,22
699,242,7,26
700,242,8,2
701,242,7,28
702,242,3,23
703,242,4,12
704,243,28,27
705,243,29,31
706,243,21,6
707,244,21,25
708,244,26,31
709,244,29,32
710,244,26,37
711,244,29,21
712,245,14,2
713,245,15,4
714,245,18,34
715,245,16,38
716,245,14,11
717,246,26,12
718,246,23,16
719,246,30,21
720,246,26,38
721,247,10,10
722,247,10,13
723,247,8,35
724,247,5,12
725,247,8,3
726,248,24,9
727,248,26,12
728,248,26,4
729,248,21,10
730,248,30,10
731,249,25,21
732,249,23,11
733,249,27,32
734,250,30,23
735,250,24,38
736,250,23,25
737,250,25,19
738,250,23,12
739,251,4,37
740,251,2,32
741,251,3,22
742,251,2,16
743,251,6,21
744,252,21,17
745,252,24,16
746,252,22,23
747,252,25,7
748,253,12,31
749,253,20,15
750,253,13,29
751,253,12,3
752,254,19,6
753,255,3,4
754,255,2,22
755,255,4,13
756,255,7,36
757,256,3,4
758,256,6,1
759,256,7,6
760,256,5,39
761,257,25,26
762,258,26,12
763,258,28,3
764,258,25,29
765,258,28,17
766,259,27,38
767,259,24,36
768,259,21,25
769,259,29,27
770,259,29,31
771,260,21,33
772,260,30,34
773,260,30,40
774,260,23,8
775,261,4,10
776,261,10,17
777,261,6,5
778,261,2,25
779,262,17,8
780,262,17,10
781,262,13,37
782,262,20,38
783,262,12,7
784,263,27,17
785,263,27,32
786,263,30,39
787,264,27,22
788,265,26,2
789,265,26,20
790,265,25,18
791,266,15,27
792,266,20,6
793,266,14,29
794,267,7,9
795,267,9,37
796,267,1,12
797,267,4,13
798,267,1,16
799,268,7,8
800,268,1,16
801,268,6,32
802,268,10,29
803,268,3,31
804,269,23,37
805,270,28,9
806,271,27,25
807,271,26,30
808,271,25,14
809,272,17,38
810,272,12,1
811,272,19,24
812,272,19,39
813,272,20,19
814,273,15,13
815,273,13,34
816,273,14,4
817,274,7,26
818,274,7,3
819,274,10,37
820,275,8,23
821,275,9,20
822,275,3,36
823,275,3,19
824,275,2,31
825,276,24,20
826,276,27,22
827,276,26,17
828,277,28,13
829,278,7,37
830,278,8,10
831,278,6,12
832,279,6,4
833,279,1,29
834,280,18,6
835,280,13,40
836,281,17,1
837,281,11,35
838,281,14,24
839,281,11,21
840,282,3,7
841,282,7,33
842,282,10,20
843,283,17,9
844,283,16,32
845,283,16,13
846,284,4,2
847,284,10,33
848,285,11,39
849,285,11,7
850,285,11,4
851,285,12,27
852,285,18,25
853,286,22,34
854,286,25,40
855,286,30,9
856,286,27,7
857,287,4,23
858,287,7,19
859,287,3,3
860,287,9,32
861,287,4,31
862,288,9,5
863,289,11,19
864,289,16,21
865,290,8,40
866,290,5,6
867,290,6,22
868,291,12,9
869,291,11,11
870,292,30,2
871,292,23,31
872,292,28,8
873,293,11,34
874,293,20,37
875,293,14,22
876,294,19,40
877,294,11,1
878,295,23,5
879,295,28,21
880,295,24,22
881,295,25,4
882,296,2,32
883,296,8,21
884,296,2,32
885,296,1,7
886,297,9,14
887,297,8,22
888,297,6,4
889,297,4,30
890,297,6,36
891,298,28,8
892,298,22,15
893,298,21,22
894,299,28,9
895,299,27,7
896,300,7,3
897,301,9,28
898,302,27,39
899,303,25,29
900,303,23,9
901,303,27,39
902,304,30,19
903,304,26,9
904,305,30,27
905,305,29,19
906,305,27,1
907,305,29,7
908,305,21,25
909,306,3,19
910,306,5,10
911,306,1,19
912,307,29,25
913,307,24,33
914,308,27,27
915,308,26,36
916,308,21,1
917,308,25,13
918,309,30,35
919,309,30,13
920,309,24,19
921,310,7,18
922,311,13,21
923,312,29,15
924,312,23,34
925,312,22,33
926,313,16,19
927,313,14,40
928,313,19,31
929,314,28,16
930,314,30,40
931,314,24,3
932,315,16,33
933,315,19,29
934,315,18,3
935,315,15,13
936,315,16,33
937,316,7,7
938,316,4,35
939,317,21,6
940,317,22,4
941,317,23,17
942,318,11,25
943,318,12,35
944,318,11,40
945,319,30,6
946,319,25,29
947,319,27,26
948,320,25,24
949,320,21,36
950,321,14,23
951,321,14,27
952,321,19,10
953,322,9,30
954,323,6,9
955,323,4,7
956,323,5,40
957,324,30,37
958,324,26,21
959,325,17,18
960,325,16,9
961,326,12,18
962,326,13,35
963,326,14,17
964,326,12,5
965,326,11,33
966,327,8,10
967,327,6,26
968,327,4,38
969,327,5,9
970,327,8,33
971,328,3,29
972,328,3,12
973,328,10,37
974,328,3,31
975,328,6,3
976,329,7,31
977,329,8,3
978,329,1,21
979,330,27,25
980,330,26,38
981,331,20,1
982,331,19,9
983,331,18,11
984,331,14,5
985,332,26,8
986,332,28,31
987,332,28,14
988,332,30,11
989,333,30,38
990,333,23,9
991,334,1,19
992,334,2,14
993,334,8,39
994,334,8,31
995,334,3,15
996,335,20,33
997,335,15,11
998,336,19,33
999,336,17,10
1000,337,8,9
1001,338,18,25
1002,338,16,38
1003,339,5,13
1004,339,1,1
1005,339,10,34
1006,339,2,34
1007,340,15,17
1008,340,19,28
1009,340,20,24
1010,340,20,18
1011,340,17,14
1012,341,20,23
1013,341,17,9
1014,341,12,15
1015,342,21,11
1016,342,27,1
1017,342,22,10
1018,342,28,39
1019,342,27,6
1020,343,10,34
1021,343,5,39
1022,343,1,12
1023,343,8,29
1024,344,10,11
1025,344,1,24
1026,345,20,13
1027,345,19,1
1028,345,12,6
1029,345,19,19
1030,346,24,39
1031,346,24,30
1032,346,27,37
1033,347,29,17
1034,348,18,38
1035,348,11,31
1036,348,12,17
1037,348,12,25
1038,349,27,23
1039,349,29,35
1040,349,21,17
1041,350,16,23
1042,350,14,37
1043,350,15,12
1044,350,14,32
1045,351,3,7
1046,351,2,6
1047,351,8,40
1048,352,25,32
1049,352,23,33
1050,352,25,26
1051,352,24,37
1052,352,23,4
1053,353,12,34
1054,353,18,21
1055,353,11,1
1056,353,14,25
1057,354,26,24
1058,354,23,32
1059,354,27,14
1060,354,27,24
1061,354,26,26
1062,355,29,28
1063,355,27,13
1064,356,19,21
1065,356,18,20
1066,356,15,36
1067,356,20,4
1068,356,17,7
1069,357,28,7
1070,357,28,22
1071,357,25,24
1072,358,4,37
1073,358,10,35
1074,358,3,19
1075,358,6,21
1076,358,9,32
1077,359,27,40
1078,359,30,26
1079,359,22,6
1080,360,5,39
1081,360,7,18
1082,360,8,24
1083,361,24,11
1084,362,2,17
1085,363,3,34
1086,363,3,2
1087,364,19,12
1088,364,20,39
1089,365,28,35
1090,365,24,6
1091,365,28,20
1092,366,9,1
1093,366,8,31
1094,366,5,1
1095,366,7,19
1096,367,27,15
1097,367,25,6
1098,367,27,16
1099,367,29,40
1100,368,12,30
1101,368,20,29
1102,368,15,40
1103,369,25,9
1104,369,28,1
1105,369,24,6
1106,370,5,32
1107,370,6,30
1108,370,1,22
1109,370,2,10
1110,371,17,1
1111,371,12,16
1112,371,17,29
1113,372,28,25
1114,372,25,21
1115,373,9,8
1116,373,5,31
1117,373,5,13
1118,373,6,4
1119,373,4,8
1120,374,11,3
1121,374,20,31
1122,375,11,23
1123,376,23,32
1124,377,16,9
1125,377,15,3
1126,377,18,29
1127,377,19,19
1128,378,19,11
1129,378,12,34
1130,378,13,29
1131,378,15,17
1132,378,19,24
1133,379,30,16
1134,379,26,5
1135,379,29,25
1136,380,3,40
1137,380,5,21
1138,380,7,21
1139,380,2,7
1140,380,9,5
1141,381,7,32
1142,381,9,40
1143,381,10,17
1144,381,1,24
1145,381,4,39
1146,382,16,36
1147,383,12,14
1148,383,19,7
1149,383,12,15
1150,384,22,37
1151,384,26,30
1152,384,27,7
1153,384,23,12
1154,385,26,24
1155,385,27,28
1156,385,26,39
1157,385,24,37
1158,385,29,14
1159,386,15,39
1160,387,15,36
1161,388,4,17
1162,388,5,6
1163,389,12,39
1164,389,15,3
1165,389,20,25
1166,389,12,4
1167,389,16,23
1168,390,21,20
1169,390,29,3
1170,390,26,35
1171,390,30,10
1172,391,30,33
1173,391,22,15
1174,391,27,19
1175,391,27,10
1176,391,23,22
1177,392,7,17
1178,392,2,26
1179,392,9,28
1180,392,3,9
1181,392,8,36
1182,393,22,18
1183,393,27,21
1184,394,15,11
1185,395,4,24
1186,395,3,6
1187,396,15,29
1188,397,14,14
1189,397,19,34
1190,397,15,36
1191,397,18,40
1192,397,13,2
1193,398,15,4
1194,398,18,1
1195,398,12,25
1196,398,15,24
1197,398,12,2
1198,399,29,6
1199,399,23,13
1200,399,29,30
1201,399,29,2
1202,399,21,16
1203,400,14,33
1204,400,15,4
1205,400,15,25
1206,401,19,40
1207,401,14,27
1208,401,14,37
1209,401,13,28
1210,402,3,20
1211,402,9,9
1212,403,16,5
1213,403,19,35
1214,404,8,18
1215,404,3,13
1216,404,2,9
1217,405,10,40
1218,405,4,39
1219,405,4,15
1220,405,1,23
1221,405,2,31
1222,406,3,25
1223,406,8,31
1224,406,3,11
1225,407,14,5
1226,407,13,29
1227,408,24,28
1228,408,27,3
1229,408,30,25
1230,408,26,26
1231,409,9,25
1232,410,11,34
1233,410,13,30
1234,410,18,6
1235,410,19,8
1236,410,13,38
1237,411,8,6
1238,411,5,21
1239,412,27,33
1240,412,30,11
1241,412,27,36
1242,412,27,3
1243,412,23,22
1244,413,5,12
1245,413,2,9
1246,413,4,1
1247,413,10,17
1248,414,8,30
1249,414,7,29
1250,414,2,39
1251,414,10,1
1252,414,4,36
1253,415,3,3
1254,416,21,7
1255,417,23,30
1256,417,30,24
1257,417,21,6
1258,417,25,21
1259,417,26,25
1260,418,3,8
1261,418,5,22
1262,418,9,27
1263,418,9,14
1264,419,25,28
1265,419,30,21
1266,419,25,34
1267,419,30,40
1268,419,26,9
1269,420,1,8
1270,420,1,30
1271,421,11,13
1272,421,15,17
1273,422,10,40
1274,422,1,12
1275,422,4,22
1276,422,6,31
1277,423,27,4
1278,423,29,20
1279,423,30,21
1280,423,29,35
1281,424,7,35
1282,424,3,37
1283,424,10,25
1284,425,18,16
1285,426,24,6
1286,427,5,21
1287,427,3,7
1288,427,9,9
1289,427,4,3
1290,427,8,25
1291,428,22,34
1292,429,9,21
1293,429,8,8
1294,429,5,10
1295,430,26,18
1296,430,23,19
1297,430,30,16
1298,430,23,5
1299,430,25,40
1300,431,12,28
1301,432,26,13
1302,432,29,6
1303,432,28,37
1304,433,5,30
1305,433,8,15
1306,433,4,10
1307,433,10,17
1308,434,16,31
1309,435,26,36
1310,436,18,25
1311,436,12,22
1312,437,20,32
1313,438,2,39
1314,438,2,39
1315,438,7,21
1316,438,8,4
1317,439,5,25
1318,439,10,37
1319,439,8,13
1320,439,4,21
1321,439,5,37
1322,440,23,19
1323,440,21,24
1324,440,29,4
1325,440,21,36
1326,441,17,38
1327,441,17,21
1328,442,27,24
1329,442,27,10
1330,442,25,9
1331,442,23,1
1332,442,22,2
1333,443,10,28
1334,443,10,12
1335,443,8,33
1336,443,7,36
1337,444,29,18
1338,444,27,35
1339,445,23,34
1340,446,12,16
1341,446,18,5
1342,446,19,38
1343,446,15,40
1344,446,11,22
1345,447,25,11
1346,447,21,39
1347,447,25,37
1348,448,21,19
1349,448,28,6
1350,448,23,33
1351,448,22,18
1352,448,25,9
1353,449,22,39
1354,450,9,3
1355,450,6,6
1356,451,14,37
1357,451,16,4
1358,452,27,31
1359,452,25,31
1360,452,29,15
1361,452,27,25
1362,453,11,7
1363,453,19,23
1364,453,17,40
1365,453,15,22
1366,453,15,18
1367,454,4,38
1368,454,4,34
1369,454,6,12
1370,454,6,36
1371,455,7,7
1372,456,12,4
1373,456,20,14
1374,456,20,8
1375,456,12,6
1376,456,20,9
1377,457,8,5
1378,457,8,18
1379,457,7,21
1380,458,15,12
1381,458,18,5
1382,458,18,13
1383,459,23,35
1384,460,15,7
1385,460,11,5
1386,460,12,37
1387,460,15,29
1388,461,1,25
1389,462,20,1
1390,462,19,32
1391,462,18,28
1392,462,17,5
1393,463,27,4
1394,463,22,24
1395,463,29,22
1396,464,4,20
1397,464,7,7
1398,464,6,32
1399,464,2,29
1400,465,25,32
1401,465,29,29
1402,465,21,3
1403,465,26,4
1404,465,26,3
1405,466,23,38
1406,466,24,5
1407,466,21,10
1408,466,28,2
1409,466,28,40
1410,467,8,40
1411,468,17,22
1412,468,17,21
1413,469,2,18
1414,470,3,7
1415,471,5,27
1416,471,8,9
1417,471,4,10
1418,471,5,34
1419,471,8,27
1420,472,5,23
1421,473,19,7
1422,474,23,31
1423,475,26,40
1424,475,28,3
1425,475,22,4
1426,476,10,21
1427,476,7,13
1428,476,6,15
1429,476,2,21
1430,476,4,7
1431,477,7,10
1432,478,3,30
1433,478,4,23
1434,478,5,13
1435,479,17,11
1436,479,16,15
1437,479,15,39
1438,479,13,40
1439,480,20,31
1440,480,18,18
1441,481,13,37
1442,481,11,27
1443,481,11,3
1444,481,18,33
1445,481,11,28
1446,482,17,14
1447,483,1,31
1448,484,27,12
1449,484,26,30
1450,485,30,35
1451,485,30,14
1452,485,22,40
1453,486,20,3
1454,486,16,24
1455,486,13,36
1456,486,12,36
1457,487,4,15
1458,487,6,23
1459,487,5,33
1460,487,7,18
1461,487,1,5
1462,488,5,29
1463,488,10,24
1464,488,2,13
1465,488,8,6
1466,488,2,26
1467,489,3,14
1468,489,9,2
1469,489,5,27
1470,489,9,9
1471,490,15,13
1472,491,28,38
1473,491,29,36
1474,491,28,30
1475,492,13,17
1476,492,14,31
1477,492,16,19
1478,493,23,10
1479,493,23,16
1480,494,11,21
1481,494,16,10
1482,494,16,29
1483,494,19,11
1484,494,19,20
1485,495,19,22
1486,495,15,31
1487,495,15,37
1488,495,13,37
1489,495,18,22
1490,496,30,15
1491,496,28,23
1492,496,22,21
1493,496,21,39
1494,497,9,26
1495,498,6,25
1496,498,6,1
1497,498,5,23
1498,498,6,20
1499,499,27,9
1500,499,30,39
1501,499,22,10
1502,499,24,20
1503,500,17,12
1504,500,19,30
1505,500,20,9
1506,501,18,36
1507,501,18,15
1508,501,11,1
1509,502,17,12
1510,502,18,16
1511,502,11,8
1512,503,20,31
1513,503,20,28
1514,503,15,31
1515,504,21,17
1516,504,23,38
1517,504,21,10
1518,504,26,30
1519,504,23,23
1520,505,19,13
1521,506,16,7
1522,506,19,38
1523,506,16,10
1524,507,19,15
1525,507,14,36
1526,508,3,29
1527,508,10,34
1528,508,6,12
1529,509,3,14
1530,509,3,6
1531,509,7,8
1532,510,4,7
1533,511,2,8
1534,512,20,23
1535,512,16,11
1536,512,19,40
1537,513,3,35
1538,513,1,7
1539,513,4,33
1540,514,27,14
1541,514,29,15
1542,514,27,8
1543,514,26,8
1544,515,26,32
1545,516,15,28
1546,516,14,5
1547,516,18,24
1548,516,13,1
1549,517,27,38
1550,517,22,11
1551,517,22,24
1552,517,24,22
1553,518,10,18
1554,518,7,23
1555,518,8,39
1556,518,7,32
1557,518,9,18
1558,519,12,4
1559,520,30,7
1560,520,22,34
1561,520,28,30
1562,520,24,19
1563,520,28,32
1564,521,7,29
1565,522,3,32
1566,522,7,9
1567,522,5,25
1568,523,29,11
1569,523,29,4
1570,523,27,17
1571,523,28,38
1572,524,16,4
1573,524,11,38
1574,524,11,9
1575,525,26,27
1576,525,26,4
1577,525,24,16
1578,526,9,21
1579,527,30,2
1580,527,26,25
1581,527,30,25
1582,527,26,37
1583,528,13,40
1584,528,15,24
1585,528,17,13
1586,529,7,15
1587,529,10,6
1588,529,10,7
1589,529,10,22
1590,529,5,5
1591,530,16,13
1592,530,17,26
1593,530,15,40
1594,530,19,30
1595,530,19,12
1596,531,15,35
1597,531,20,28
1598,531,20,4
1599,531,19,13
1600,532,17,27
1601,532,16,5
1602,532,14,27
1603,533,24,2
1604,533,24,20
1605,534,21,17
1606,534,25,36
1607,535,7,24
1608,536,24,8
1609,536,30,33
1610,537,16,22
1611,538,8,27
1612,538,5,38
1613,538,1,32
1614,539,13,24
1615,539,18,24
1616,539,15,2
1617,540,26,8
1618,540,29,16
1619,540,28,25
1620,541,5,14
1621,541,3,29
1622,542,7,7
1623,542,3,17
1624,542,9,5
1625,543,13,29
1626,544,19,9
1627,544,20,27
1628,545,4,6
1629,545,7,24
1630,545,3,26
1631,546,28,13
1632,547,26,11
1633,548,24,18
1634,548,25,32
1635,549,3,27
1636,549,3,2
1637,549,5,17
1638,549,4,40
1639,550,12,1
1640,550,18,9
1641,550,16,26
1642,550,14,25
1643,551,22,36
1644,552,6,39
1645,552,10,3
1646,552,1,17
1647,552,9,40
1648,553,29,32
1649,553,26,30
1650,554,8,18
1651,554,6,28
1652,555,13,36
1653,555,18,4
1654,555,14,10
1655,555,11,15
1656,556,11,29
1657,556,16,36
1658,556,18,30
1659,556,18,8
1660,557,25,12
1661,557,23,33
1662,558,27,5
1663,558,24,32
1664,559,6,10
1665,560,8,18
1666,560,10,1
1667,560,6,3
1668,560,10,29
1669,561,2,36
1670,562,17,26
1671,562,15,10
1672,563,16,33
1673,564,16,40
1674,564,13,28
1675,564,17,6
1676,564,11,33
1677,565,22,19
1678,565,28,28
1679,565,22,31
1680,565,25,10
1681,565,23,20
1682,566,27,27
1683,566,22,30
1684,566,30,17
1685,566,26,17
1686,566,30,6
1687,567,6,38
1688,567,8,29
1689,567,10,17
1690,568,21,1
1691,568,27,8
1692,568,21,11
1693,568,28,30
1694,568,27,39
1695,569,22,9
1696,569,23,1
1697,569,24,8
1698,570,8,10
1699,570,4,28
1700,571,18,32
1701,571,18,2
1702,572,17,32
1703,572,20,39
1704,572,19,19
1705,572,11,32
1706,573,17,37
1707,574,18,28
1708,574,11,11
1709,574,15,13
1710,575,20,22
1711,575,20,30
1712,576,23,40
1713,576,24,19
1714,576,22,31
1715,576,23,12
1716,577,11,23
1717,578,4,8
1718,578,9,15
1719,578,8,17
1720,578,6,23
1721,578,1,36
1722,579,28,8
1723,579,22,40
1724,579,30,7
1725,579,29,3
1726,580,8,7
1727,580,3,24
1728,580,6,9
1729,580,2,13
1730,580,8,27
1731,581,17,24
1732,581,14,10
1733,581,19,27
1734,582,18,10
1735,583,17,4
1736,583,17,3
1737,584,29,19
1738,585,25,34
1739,586,27,13
1740,586,25,6
1741,586,21,35
1742,587,19,35
1743,587,15,14
1744,588,30,17
1745,588,24,20
1746,588,27,33
1747,588,22,4
1748,588,26,17
1749,589,16,16
1750,589,20,37
1751,589,19,39
1752,589,14,23
1753,590,2,21
1754,590,9,38
1755,591,13,31
1756,591,14,29
1757,591,12,24
1758,591,19,26
1759,592,13,10
1760,592,19,9
1761,592,18,30
1762,592,13,33
1763,593,30,27
1764,594,25,19
1765,594,28,2
1766,594,23,10
1767,595,9,23
1768,596,30,9
1769,596,23,33
1770,596,28,29
1771,596,28,10
1772,597,18,18
1773,598,22,13
1774,598,30,35
1775,598,30,4
1776,598,30,34
1777,598,24,31
1778,599,23,2
1779,599,25,14
1780,599,24,38
1781,599,28,6
1782,599,29,39
1783,600,16,28
1784,601,19,11
1785,602,16,12
1786,602,11,4
1787,602,15,25
1788,602,12,21
1789,602,13,27
1790,603,9,33
1791,603,7,8
1792,603,5,4
1793,603,6,30
1794,604,24,2
1795,604,25,36
1796,604,30,7
1797,604,24,36
1798,605,26,35
1799,605,23,16
1800,606,21,31
1801,607,16,14
1802,607,20,33
1803,607,15,3
1804,607,13,35
1805,608,4,40
1806,608,9,21
1807,608,6,17
1808,608,8,18
1809,609,10,22
1810,609,1,9
1811,609,1,39
1812,609,8,1
1813,610,29,2
1814,611,12,30
1815,612,4,6
1816,612,10,20
1817,612,4,15
1818,613,22,18
1819,613,30,33
1820,613,28,11
1821,613,29,13
1822,614,14,2
1823,614,19,40
1824,614,15,36
1825,615,25,8
1826,615,29,30
1827,615,28,24
1828,615,29,3
1829,616,12,37
1830,616,11,15
1831,616,17,5
1832,617,21,38
1833,617,26,17
1834,617,24,7
1835,617,28,16
1836,618,8,38
1837,619,18,4
1838,620,27,7
1839,620,30,27
1840,620,24,39
1841,620,30,1
1842,621,28,34
1843,622,20,5
1844,623,13,16
1845,623,13,3
1846,623,11,9
1847,623,15,38
1848,624,30,22
1849,624,25,24
1850,624,21,34
1851,625,12,22
1852,625,14,31
1853,626,30,37
1854,626,26,40
1855,626,25,27
1856,627,18,15
1857,628,27,14
1858,628,27,12
1859,628,21,24
1860,629,6,3
1861,629,1,13
1862,629,4,19
1863,629,3,15
1864,629,5,12
1865,630,7,8
1866,630,6,14
1867,631,2,10
1868,632,11,40
1869,632,20,13
1870,633,14,6
1871,633,18,40
1872,633,12,11
1873,633,19,25
1874,634,23,21
1875,634,26,34
1876,634,28,32
1877,634,28,18
1878,635,4,26
1879,635,4,20
1880,635,7,25
1881,635,10,11
1882,636,11,30
1883,636,19,40
1884,636,16,28
1885,636,18,30
1886,636,17,27
1887,637,6,6
1888,638,11,35
1889,638,14,22
1890,638,14,22
1891,639,25,1
1892,639,25,19
1893,639,26,26
1894,639,27,38
1895,639,21,31
1896,640,24,14
1897,640,28,15
1898,641,14,29
1899,641,18,36
1900,641,11,24
1901,641,13,37
1902,642,27,35
1903,642,25,21
1904,642,30,2
1905,642,30,3
1906,643,27,14
1907,643,27,5
1908,643,29,25
1909,643,24,31
1910,644,2,11
1911,644,2,36
1912,644,3,3
1913,645,22,25
1914,645,25,14
1915,646,7,26
1916,646,3,8
1917,646,3,35
1918,647,3,39
1919,647,10,20
1920,647,10,13
1921,647,9,30
1922,648,6,37
1923,648,8,30
1924,648,8,37
1925,648,1,6
1926,648,5,30
1927,649,27,30
1928,649,27,12
1929,649,30,7
1930,649,27,3
1931,649,24,11
1932,650,29,8
1933,650,26,5
1934,650,22,33
1935,650,26,27
1936,651,17,22
1937,651,17,13
1938,651,17,3
1939,651,11,17
1940,652,8,30
1941,652,2,6
1942,652,9,16
1943,652,8,9
1944,653,27,11
1945,653,22,1
1946,653,25,10
1947,653,28,23
1948,653,23,14
1949,654,7,20
1950,655,14,16
1951,655,16,16
1952,655,14,6
1953,655,11,27
1954,656,23,11
1955,657,6,36
1956,657,4,40
1957,657,4,35
1958,658,11,25
1959,658,14,30
1960,658,14,5
1961,659,2,35
1962,659,10,11
1963,659,5,7
1964,659,10,21
1965,660,2,22
1966,660,1,39
1967,660,10,29
1968,660,7,33
1969,661,4,40
1970,661,2,4
1971,661,3,24
1972,661,8,19
1973,662,6,9
1974,662,5,21
1975,662,1,34
1976,662,7,19
1977,663,4,35
1978,663,1,16
1979,664,2,13
1980,664,1,10
1981,664,4,9
1982,664,2,12
1983,665,17,12
1984,665,20,16
1985,666,17,25
1986,666,13,31
1987,666,18,28
1988,667,28,2
1989,667,27,28
1990,668,28,19
1991,668,27,36
1992,668,30,31
1993,669,6,32
1994,669,7,27
1995,669,7,24
1996,669,7,32
1997,669,5,38
1998,670,26,33
1999,670,28,24
2000,670,21,25
2001,671,15,39
2002,671,18,10
2003,672,11,8
2004,672,12,25
2005,673,19,13
2006,674,19,35
2007,674,17,38
2008,674,15,27
2009,675,15,1
2010,675,13,32
2011,675,11,7
2012,675,12,27
2013,676,8,12
2014,676,9,8
2015,677,5,27
2016,677,8,40
2017,678,20,16
2018,679,2,14
2019,680,28,31
2020,680,26,39
2021,680,27,22
2022,681,16,26
2023,681,17,40
2024,682,8,26
2025,683,29,27
2026,683,24,1
2027,683,26,2
2028,683,26,3
2029,684,17,31
2030,684,12,25
2031,684,15,39
2032,685,25,36
2033,686,22,7
2034,686,27,2
2035,687,23,35
2036,688,27,36
2037,688,27,15
2038,688,24,17
2039,688,22,19
2040,689,4,8
2041,689,10,24
2042,689,3,21
2043,689,7,37
2044,689,1,20
2045,690,19,39
2046,690,20,15
2047,691,3,39
2048,691,5,10
2049,691,1,39
2050,691,6,20
2051,692,21,22
2052,692,23,14
2053,692,24,4
2054,692,23,32
2055,693,26,26
2056,693,27,5
2057,693,29,19
2058,693,25,13
2059,694,23,29
2060,694,28,19
2061,694,23,14
2062,694,24,13
2063,694,21,24
2064,695,27,28
2065,695,23,4
2066,696,2,33
2067,697,27,32
2068,697,25,39
2069,698,26,1
2070,698,22,8
2071,698,22,8
2072,698,28,33
2073,699,8,18
2074,699,2,38
2075,699,3,25
2076,699,8,28
2077,699,5,37
2078,700,3,26
2079,700,1,26
2080,700,9,35
2081,700,9,32
2082,700,2,34
2083,701,26,8
2084,701,21,9
2085,701,30,14
2086,701,23,6
2087,702,14,20
2088,703,29,23
2089,703,30,35
2090,703,29,14
2091,704,21,13
2092,704,23,20
2093,705,12,36
2094,705,15,17
2095,705,17,11
2096,705,17,30
2097,706,6,37
2098,706,9,39
2099,707,12,35
2100,707,12,36
2101,707,17,5
2102,708,4,25
2103,708,2,8
2104,708,3,34
2105,708,5,38
2106,709,23,21
2107,710,21,33
2108,710,23,9
2109,710,23,25
2110,711,24,39
2111,711,27,30
2112,711,23,29
2113,712,25,27
2114,713,5,36
2115,714,18,32
2116,714,19,35
2117,715,21,28
2118,715,29,23
2119,716,29,15
2120,716,23,5
2121,717,16,16
2122,718,4,20
2123,718,9,3
2124,718,8,40
2125,718,8,4
2126,719,16,7
2127,719,11,23
2128,719,13,26
2129,720,2,32
2130,720,1,10
2131,720,5,15
2132,720,8,26
2133,721,13,9
2134,721,16,28
2135,721,11,23
2136,721,14,8
2137,722,6,3
2138,722,3,13
2139,722,8,18
2140,722,2,27
2141,723,13,8
2142,723,12,2
2143,723,13,10
2144,723,16,33
2145,724,25,32
2146,724,22,28
2147,724,24,40
2148,725,4,31
2149,725,2,33
2150,725,10,12
2151,725,4,38
2152,726,14,6
2153,726,11,25
2154,726,17,34
2155,726,15,15
2156,726,14,22
2157,727,6,27
2158,727,4,21
2159,727,1,12
2160,728,2,28
2161,728,3,17
2162,728,8,24
2163,728,6,20
2164,728,2,7
2165,729,19,39
2166,729,16,16
2167,729,15,14
2168,729,20,25
2169,729,12,7
2170,730,22,5
2171,730,29,40
2172,730,26,20
2173,730,28,13
2174,731,28,8
2175,731,27,5
2176,731,28,27
2177,732,23,19
2178,732,21,37
2179,732,21,13
2180,733,7,39
2181,733,5,14
2182,733,3,1
2183,733,3,37
2184,734,24,19
2185,734,25,36
2186,734,22,11
2187,735,21,16
2188,735,24,35
2189,735,22,1
2190,736,7,40
2191,736,5,21
2192,737,29,38
2193,738,18,15
2194,738,16,18
2195,739,3,29
2196,739,4,28
2197,739,6,10
2198,739,8,6
2199,740,21,20
2200,740,23,12
2201,740,27,39
2202,741,13,1
2203,741,20,7
2204,741,17,25
2205,741,11,8
2206,741,11,3
2207,742,22,35
2208,743,23,16
2209,743,21,35
2210,743,25,35
2211,743,22,2
2212,744,14,28
2213,745,28,11
2214,746,1,39
2215,747,10,19
2216,747,6,7
2217,747,5,32
2218,748,8,31
2219,748,2,8
2220,748,10,28
2221,748,5,10
2222,749,20,22
2223,749,13,16
2224,749,17,27
2225,749,19,32
2226,750,4,6
2227,750,4,24
2228,750,1,14
2229,750,1,24
2230,750,9,31
2231,751,7,16
2232,751,4,15
2233,751,1,9
2234,751,2,10
2235,751,7,2
2236,752,21,10
2237,752,26,10
2238,753,5,31
2239,753,7,22
2240,753,8,1
2241,753,5,8
2242,753,3,4
2243,754,9,17
2244,754,10,33
2245,754,5,15
2246,754,7,11
2247,755,14,26
2248,755,20,4
2249,756,7,11
2250,756,1,24
2251,756,7,13
2252,756,5,7
2253,757,4,39
2254,758,10,3
2255,758,10,31
2256,758,1,4
2257,758,6,6
2258,758,5,1
2259,759,12,22
2260,759,17,33
2261,760,25,11
2262,761,4,14
2263,762,28,9
2264,762,26,19
2265,762,26,40
2266,763,10,32
2267,763,2,1
2268,764,3,5
2269,764,5,37
2270,764,6,23
2271,765,12,37
2272,765,18,3
2273,766,13,29
2274,766,16,33
2275,766,20,21
2276,766,16,6
2277,766,17,33
2278,767,21,10
2279,767,22,19
2280,767,27,11
2281,767,30,26
2282,767,22,15
2283,768,12,6
2284,768,13,7
2285,768,17,28
2286,768,14,26
2287,769,8,3
2288,769,9,10
2289,769,8,10
2290,770,1,14
2291,770,1,28
2292,771,12,18
2293,771,17,6
2294,772,2,28
2295,773,17,23
2296,773,20,25
2297,774,10,10
2298,774,6,21
2299,774,1,10
2300,774,8,10
2301,774,8,21
2302,775,2,3
2303,775,4,13
2304,775,7,35
2305,775,3,39
2306,775,7,14
2307,776,11,24
2308,776,16,2
2309,776,15,20
2310,776,19,8
2311,776,18,30
2312,777,17,34
2313,777,16,8
2314,777,13,30
2315,777,17,24
2316,777,13,36
2317,778,22,6
2318,778,22,6
2319,778,21,40
2320,778,27,7
2321,778,28,40
2322,779,21,19
2323,779,27,14
2324,779,24,30
2325,779,29,25
2326,779,22,13
2327,780,24,33
2328,780,25,18
2329,780,25,20
2330,781,10,21
2331,781,6,11
2332,781,10,28
2333,781,4,36
2334,781,7,13
2335,782,7,21
2336,782,9,11
2337,783,19,8
2338,783,20,26
2339,784,3,2
2340,784,10,35
2341,784,2,37
2342,784,7,2
2343,784,3,30
2344,785,5,4
2345,785,5,6
2346,785,3,2
2347,785,10,7
2348,786,2,32
2349,787,14,27
2350,788,13,20
2351,788,11,12
2352,789,25,8
2353,789,24,39
2354,789,21,35
2355,789,21,34
2356,789,29,10
2357,790,15,18
2358,790,18,13
2359,791,14,17
2360,791,13,13
2361,791,15,26
2362,791,12,38
2363,792,20,7
2364,792,20,25
2365,792,17,13
2366,793,5,39
2367,793,9,23
2368,793,7,2
2369,793,2,12
2370,794,6,8
2371,794,1,21
2372,795,20,14
2373,795,19,14
2374,795,12,36
2375,796,26,13
2376,796,24,4
2377,796,28,32
2378,797,10,2
2379,797,5,2
2380,798,23,26
2381,798,21,35
2382,798,29,3
2383,799,17,6
2384,799,19,21
2385,799,18,40
2386,800,21,15
2387,801,26,35
2388,801,21,4
2389,802,15,11
2390,802,13,38
2391,802,18,8
2392,802,13,21
2393,803,9,34
2394,804,6,31
2395,804,4,6
2396,804,5,19
2397,805,24,5
2398,805,22,32
2399,806,7,13
2400,806,8,7
2401,806,6,14
2402,806,10,34
2403,807,29,7
2404,807,23,15
2405,808,3,20
2406,808,10,7
2407,808,3,30
2408,808,2,8
2409,809,5,8
2410,809,9,6
2411,809,6,28
2412,810,11,25
2413,811,27,7
2414,811,21,16
2415,811,22,15
2416,811,22,4
2417,811,21,37
2418,812,14,40
2419,812,17,26
2420,812,17,7
2421,813,10,19
2422,813,1,7
2423,813,3,33
2424,814,18,10
2425,814,11,31
2426,814,17,22
2427,815,30,1
2428,815,28,16
2429,815,28,8
2430,815,21,2
2431,816,8,32
2432,816,6,35
2433,816,5,32
2434,817,28,8
2435,817,25,34
2436,817,21,10
2437,817,27,15
2438,817,23,23
2439,818,2,18
2440,818,9,29
2441,818,9,12
2442,818,5,23
2443,819,10,8
2444,819,7,30
2445,819,10,23
2446,820,10,36
2447,820,3,20
2448,820,8,19
2449,821,11,28
2450,821,16,1
2451,821,11,17
2452,822,24,28
2453,822,30,6
2454,823,25,20
2455,824,9,13
2456,824,5,20
2457,824,2,20
2458,824,10,30
2459,825,6,30
2460,825,6,28
2461,825,8,27
2462,825,7,30
2463,825,1,36
2464,826,5,16
2465,826,10,33
2466,826,6,9
2467,826,10,35
2468,826,10,19
2469,827,22,22
2470,827,30,7
2471,827,25,37
2472,828,24,34
2473,829,5,1
2474,829,8,40
2475,829,4,8
2476,830,9,29
2477,831,15,40
2478,831,18,40
2479,831,12,28
2480,831,13,2
2481,831,13,10
2482,832,20,32
2483,833,1,19
2484,833,8,8
2485,834,23,30
2486,834,28,18
2487,834,21,11
2488,835,13,10
2489,836,27,5
2490,836,28,25
2491,836,28,39
2492,837,30,23
2493,837,30,40
2494,837,27,5
2495,837,21,2
2496,837,23,15
2497,838,6,15
2498,838,4,7
2499,838,3,25
2500,838,7,5
2501,839,3,21
2502,840,9,13
2503,840,4,17
2504,840,8,29
2505,840,5,15
2506,840,4,11
2507,841,24,3
2508,842,9,5
2509,842,6,12
2510,842,9,32
2511,842,4,14
2512,842,10,31
2513,843,10,6
2514,844,4,4
2515,844,10,35
2516,844,6,2
2517,844,4,19
2518,845,20,33
2519,845,15,26
2520,845,20,4
2521,845,19,8
2522,845,20,31
2523,846,15,13
2524,846,16,4
2525,846,13,14
2526,846,19,22
2527,847,30,40
2528,847,22,36
2529,847,28,9
2530,847,25,3
2531,848,7,31
2532,848,5,15
2533,848,1,4
2534,849,27,25
2535,850,23,8
2536,850,28,8
2537,850,30,24
2538,850,26,13
2539,850,26,28
2540,851,4,4
2541,852,1,21
2542,852,6,39
2543,852,4,19
2544,853,8,23
2545,853,4,29
2546,854,9,7
2547,854,1,23
2548,854,7,40
2549,854,8,18
2550,854,2,14
2551,855,1,16
2552,855,8,30
2553,856,11,18
2554,857,17,35
2555,857,11,20
2556,858,16,40
2557,859,29,30
2558,859,27,37
2559,859,30,34
2560,860,2,16
2561,860,9,19
2562,860,6,37
2563,861,21,8
2564,861,25,37
2565,861,26,17
2566,861,23,29
2567,861,28,2
2568,862,22,18
2569,862,30,36
2570,862,26,5
2571,862,28,12
2572,862,25,18
2573,863,1,12
2574,864,1,23
2575,864,9,3
2576,864,10,16
2577,865,19,5
2578,866,13,2
2579,866,16,39
2580,866,16,22
2581,867,10,2
2582,867,2,39
2583,868,21,10
2584,868,27,6
2585,868,22,15
2586,868,30,33
2587,868,30,36
2588,869,26,18
2589,869,24,37
2590,869,25,16
2591,869,26,16
2592,870,6,6
2593,870,6,36
2594,870,9,5
2595,870,6,31
2596,871,30,9
2597,871,29,16
2598,872,17,27
2599,873,19,31
2600,873,12,9
2601,873,11,28
2602,874,23,26
2603,874,29,16
2604,874,25,8
2605,875,28,27
2606,875,28,28
2607,875,25,31
2608,876,8,25
2609,876,6,29
2610,876,3,33
2611,877,24,20
2612,878,26,12
2613,878,23,3
2614,878,24,28
2615,878,29,18
2616,879,15,17
2617,879,20,7
2618,880,29,35
2619,881,9,9
2620,881,8,19
2621,881,2,8
2622,881,8,28
2623,882,24,5
2624,883,19,5
2625,883,16,3
2626,883,17,7
2627,883,19,21
2628,884,27,15
2629,884,24,17
2630,884,28,10
2631,884,28,12
2632,884,28,19
2633,885,28,36
2634,886,16,31
2635,886,19,12
2636,887,17,39
2637,887,16,35
2638,887,18,19
2639,887,12,15
2640,888,4,28
2641,888,2,12
2642,888,8,21
2643,889,28,32
2644,889,30,27
2645,890,24,27
2646,890,21,36
2647,890,26,17
2648,890,26,27
2649,890,27,29
2650,891,15,29
2651,892,10,22
2652,892,3,39
2653,892,9,2
2654,892,1,25
2655,892,2,22
2656,893,9,26
2657,893,4,19
2658,894,29,7
2659,895,1,18
2660,895,2,25
2661,896,1,1
2662,896,9,39
2663,896,3,7
2664,896,10,26
2665,897,24,7
2666,897,25,37
2667,897,28,25
2668,897,25,28
2669,898,17,2
2670,898,18,26
2671,899,26,31
2672,899,30,7
2673,899,25,22
2674,899,23,6
2675,900,9,37
2676,900,4,4
2677,900,8,17
2678,900,7,20
2679,901,29,32
2680,901,29,32
2681,902,12,28
2682,903,22,3
2683,903,27,32
2684,903,23,34
2685,903,28,9
2686,904,20,24
2687,904,20,11
2688,904,13,19
2689,905,23,11
2690,905,29,31
2691,905,21,21
2692,906,19,30
2693,907,6,1
2694,907,4,18
2695,908,20,26
2696,908,15,36
2697,908,19,13
2698,909,10,25
2699,909,6,37
2700,909,10,39
2701,909,5,40
2702,909,8,14
2703,910,26,5
2704,911,24,36
2705,912,14,11
2706,912,15,10
2707,912,17,36
2708,912,18,32
2709,912,15,8
2710,913,20,36
2711,913,14,25
2712,914,15,22
2713,914,12,24
2714,914,15,33
2715,914,11,39
2716,914,15,3
2717,915,21,31
2718,915,30,30
2719,915,28,12
2720,915,28,35
2721,915,22,3
2722,916,13,9
2723,916,12,27
2724,917,10,2
2725,917,6,21
2726,918,29,1
2727,918,27,27
2728,918,21,5
2729,919,9,27
2730,919,3,1
2731,920,12,8
2732,920,12,12
2733,920,12,12
2734,920,16,38
2735,921,15,13
2736,921,13,20
2737,922,5,13
2738,922,3,19
2739,923,18,11
2740,923,11,38
2741,923,17,10
2742,923,19,37
2743,923,14,28
2744,924,12,33
2745,924,14,17
2746,924,14,30
2747,925,18,9
2748,925,18,38
2749,926,13,27
2750,927,13,23
2751,928,18,40
2752,929,20,22
2753,929,18,26
2754,929,15,3
2755,930,23,20
2756,930,30,34
2757,930,24,37
2758,930,23,9
2759,930,26,4
2760,931,14,12
2761,931,15,20
2762,932,6,1
2763,932,8,11
2764,932,6,7
2765,932,8,36
2766,932,7,14
2767,933,7,21
2768,933,5,28
2769,934,23,16
2770,934,26,24
2771,934,26,33
2772,934,21,40
2773,934,30,26
2774,935,7,12
2775,935,7,10
2776,935,5,20
2777,936,12,30
2778,936,12,23
2779,936,12,26
2780,936,11,11
2781,936,16,9
2782,937,27,17
2783,937,22,39
2784,937,28,33
2785,938,2,10
2786,938,1,22
2787,938,10,17
2788,938,4,33
2789,939,6,17
2790,939,7,22
2791,939,5,2
2792,939,9,18
2793,939,3,19
2794,940,29,26
2795,941,26,30
2796,941,30,16
2797,941,29,37
2798,942,7,33
2799,943,27,26
2800,943,21,12
2801,943,25,6
2802,944,11,24
2803,944,20,31
2804,945,25,18
2805,945,21,27
2806,946,5,30
2807,946,10,21
2808,946,2,15
2809,947,10,19
2810,948,26,22
2811,949,27,17
2812,949,27,3
2813,950,6,29
2814,950,8,2
2815,950,3,40
2816,951,7,35
2817,951,3,25
2818,952,29,27
2819,952,26,14
2820,952,27,39
2821,952,25,21
2822,953,24,26
2823,953,28,30
2824,953,25,29
2825,953,23,12
2826,954,30,27
2827,954,27,27
2828,954,24,2
2829,954,30,15
2830,955,30,16
2831,955,23,37
2832,955,28,6
2833,956,28,24
2834,956,24,12
2835,957,18,16
2836,957,20,29
2837,957,14,12
2838,957,18,33
2839,958,17,34
2840,959,29,2
2841,959,28,31
2842,959,21,19
2843,959,27,3
2844,959,26,26
2845,960,17,22
2846,960,13,16
2847,960,18,14
2848,961,25,29
2849,961,26,29
2850,961,25,37
2851,962,30,24
2852,962,25,20
2853,962,23,37
2854,963,27,17
2855,963,24,2
2856,963,24,38
2857,964,23,23
2858,964,23,38
2859,964,29,21
2860,964,29,24
2861,964,27,32
2862,965,4,15
2863,965,3,18
2864,965,10,8
2865,966,6,3
2866,966,7,7
2867,967,28,37
2868,968,24,15
2869,968,28,12
2870,969,23,34
2871,970,26,5
2872,971,8,20
2873,971,10,1
2874,971,10,28
2875,971,2,29
2876,971,4,38
2877,972,27,39
2878,972,25,32
2879,972,23,22
2880,973,25,35
2881,973,24,22
2882,973,25,36
2883,974,3,5
2884,974,7,20
2885,975,5,21
2886,975,9,31
2887,975,2,20
2888,975,10,14
2889,975,10,10
2890,976,8,39
2891,976,7,18
2892,976,4,17
2893,976,8,20
2894,976,6,10
2895,977,11,26
2896,977,11,27
2897,977,16,9
2898,977,18,18
2899,978,16,36
2900,978,19,13
2901,978,14,40
2902,978,19,29
2903,979,27,32
2904,980,2,4
2905,981,25,8
2906,981,28,9
2907,981,22,21
2908,981,27,10
2909,982,5,36
2910,982,9,19
2911,982,1,9
2912,982,2,21
2913,982,6,29
2914,983,15,39
2915,983,11,9
2916,983,12,27
2917,984,11,33
2918,984,16,2
2919,984,20,28
2920,984,11,33
2921,984,16,35
2922,985,22,35
2923,985,23,33
2924,985,22,37
2925,985,28,40
2926,985,24,5
2927,986,18,34
2928,986,17,2
2929,986,17,37
2930,987,11,15
2931,988,30,23
2932,988,30,10
2933,989,3,35
2934,990,25,15
2935,990,24,23
2936,990,21,9
2937,990,28,8
2938,991,7,38
2939,991,2,6
2940,992,6,21
2941,992,7,13
2942,992,4,6
2943,992,9,24
2944,992,8,17
2945,993,12,28
2946,993,15,15
2947,993,12,25
2948,994,23,37
2949,994,21,9
2950,995,30,27
2951,995,23,27
2952,995,23,12
2953,996,26,8
2954,996,23,2
2955,997,16,2
2956,998,3,11
2957,998,2,1
2958,998,6,15
2959,998,2,27
2960,998,2,8
2961,999,8,17
2962,999,3,21
2963,999,9,24
2964,999,10,7
2965,1000,4,6
2966,1000,2,26
2967,1001,10,34
2968,1001,9,37
2969,1001,5,9
2970,1001,6,28
2971,1002,11,10
2972,1002,11,16
2973,1003,17,29
2974,1003,14,30
2975,1003,20,17
2976,1003,19,29
2977,1003,12,18
2978,1004,25,22
2979,1004,28,36
2980,1005,19,9
2981,1006,25,29
2982,1006,27,36
2983,1006,22,33
2984,1007,6,34
2985,1007,10,10
2986,1008,30,15
2987,1008,23,35
2988,1009,16,9
2989,1009,15,1
2990,1009,12,17
2991,1009,19,20
2992,1010,14,26
2993,1010,13,27
2994,1011,10,10
2995,1012,2,39
2996,1012,8,15
2997,1012,8,20
2998,1012,2,35
2999,1012,10,30
3000,1013,7,38
3001,1013,3,32
3002,1013,5,15
3003,1013,9,7
3004,1014,7,4
3005,1014,2,18
3006,1014,5,17
3007,1014,9,22
3008,1015,10,32
3009,1015,4,38
3010,1016,21,39
3011,1016,22,38
3012,1016,22,37
3013,1016,22,8
3014,1017,7,26
3015,1017,1,23
3016,1017,8,30
3017,1017,10,34
3018,1017,1,26
3019,1018,24,37
3020,1019,5,27
3021,1020,25,29
3022,1020,21,21
3023,1021,14,36
3024,1021,19,21
3025,1022,6,20
3026,1022,2,6
3027,1023,27,13
3028,1023,25,32
3029,1024,13,21
3030,1024,11,8
3031,1025,23,26
3032,1025,30,5
3033,1025,24,6
3034,1025,22,39
3035,1025,27,17
3036,1026,10,37
3037,1026,2,21
3038,1026,4,29
3039,1027,14,29
3040,1027,14,10
3041,1028,8,29
3042,1028,7,36
3043,1028,9,37
3044,1028,4,27
3045,1028,3,34
3046,1029,25,24
3047,1029,25,28
3048,1029,26,24
3049,1029,24,21
3050,1030,26,16
3051,1030,29,38
3052,1031,6,7
3053,1031,10,15
3054,1031,6,36
3055,1031,4,30
3056,1031,5,37
3057,1032,19,4
3058,1032,16,31
3059,1032,13,5
3060,1032,16,5
3061,1033,27,14
3062,1033,28,20
3063,1034,10,4
3064,1035,30,5
3065,1036,22,22
3066,1036,22,7
3067,1036,27,37
3068,1036,27,27
3069,1037,5,32
3070,1037,2,12
3071,1037,5,26
3072,1037,4,15
3073,1038,1,36
3074,1038,1,24
3075,1038,2,11
3076,1038,1,34
3077,1038,1,1
3078,1039,18,12
3079,1039,19,14
3080,1039,16,7
3081,1039,13,39
3082,1039,16,37
3083,1040,2,20
3084,1040,5,7
3085,1040,6,12
3086,1040,10,34
3087,1040,3,7
3088,1041,16,30
3089,1041,19,25
3090,1041,18,8
3091,1041,19,5
3092,1041,16,16
3093,1042,20,7
3094,1042,19,6
3095,1042,16,34
3096,1042,20,37
3097,1043,7,28
3098,1043,7,6
3099,1043,8,2
3100,1043,8,7
3101,1044,11,13
3102,1044,12,20
3103,1044,20,37
3104,1044,19,12
3105,1044,16,4
3106,1045,24,23
3107,1045,29,4
3108,1045,27,33
3109,1045,29,12
3110,1046,22,30
3111,1046,23,15
3112,1047,24,37
3113,1047,30,1
3114,1047,21,25
3115,1047,24,8
3116,1048,11,10
3117,1048,13,39
3118,1048,14,40
3119,1048,15,28
3120,1049,17,18
3121,1049,14,32
3122,1049,15,39
3123,1049,11,26
3124,1050,23,32
3125,1051,7,19
3126,1051,9,19
3127,1051,5,37
3128,1052,1,31
3129,1052,8,7
3130,1052,2,15
3131,1052,1,25
3132,1052,3,6
3133,1053,29,13
3134,1054,3,22
3135,1055,9,5
3136,1055,4,12
3137,1055,4,22
3138,1056,29,21
3139,1056,21,8
3140,1057,30,11
3141,1058,7,37
3142,1059,30,25
3143,1059,25,40
3144,1059,27,29
3145,1059,24,32
3146,1060,28,10
3147,1060,28,35
3148,1060,26,15
3149,1060,23,19
3150,1061,25,11
3151,1061,26,2
3152,1061,27,20
3153,1061,23,3
3154,1062,17,9
3155,1062,16,14
3156,1063,16,26
3157,1063,13,34
3158,1063,14,16
3159,1064,27,24
3160,1064,25,14
3161,1064,27,10
3162,1064,28,7
3163,1064,29,29
3164,1065,17,12
3165,1065,18,2
3166,1065,14,25
3167,1065,20,12
3168,1065,15,37
3169,1066,3,27
3170,1066,6,30
3171,1067,6,40
3172,1067,10,34
3173,1067,1,7
3174,1067,2,6
3175,1068,4,20
3176,1068,2,24
3177,1069,19,11
3178,1070,15,16
3179,1070,12,10
3180,1070,18,7
3181,1070,11,9
3182,1071,20,24
3183,1072,12,24
3184,1072,12,12
3185,1072,13,40
3186,1073,26,39
3187,1074,9,2
3188,1074,8,21
3189,1074,3,4
3190,1075,12,22
3191,1075,19,3
3192,1075,13,40
3193,1075,11,37
3194,1076,16,24
3195,1076,19,28
3196,1076,17,22
3197,1076,13,23
3198,1077,25,6
3199,1077,28,6
3200,1077,26,33
3201,1078,4,6
3202,1078,2,1
3203,1078,1,22
3204,1078,10,5
3205,1078,3,38
3206,1079,3,6
3207,1080,4,31
3208,1080,4,32
3209,1080,10,12
3210,1080,8,19
3211,1080,10,4
3212,1081,4,8
3213,1081,2,13
3214,1081,3,21
3215,1081,4,11
3216,1081,7,38
3217,1082,9,1
3218,1082,5,19
3219,1083,22,29
3220,1083,21,6
3221,1083,26,38
3222,1083,26,39
3223,1084,18,21
3224,1084,19,13
3225,1084,14,38
3226,1085,18,10
3227,1085,13,25
3228,1085,17,2
3229,1085,13,21
3230,1086,14,7
3231,1086,11,26
3232,1087,15,15
3233,1087,14,32
3234,1087,20,32
3235,1087,17,28
3236,1087,13,32
3237,1088,29,32
3238,1088,24,27
3239,1089,20,8
3240,1089,20,9
3241,1089,19,19
3242,1089,16,24
3243,1090,22,2
3244,1090,28,24
3245,1090,27,16
3246,1090,24,21
3247,1091,25,36
3248,1091,26,37
3249,1091,26,13
3250,1091,23,21
3251,1092,24,16
3252,1092,28,37
3253,1092,28,2
3254,1092,26,33
3255,1092,22,25
3256,1093,17,13
3257,1093,15,10
3258,1093,16,4
3259,1093,18,16
3260,1094,18,21
3261,1094,20,35
3262,1094,14,13
3263,1095,21,20
3264,1095,25,14
3265,1095,23,19
3266,1095,21,2
3267,1096,26,7
3268,1096,25,30
3269,1096,25,13
3270,1096,30,30
3271,1097,3,21
3272,1097,7,36
3273,1097,1,28
3274,1098,21,19
3275,1098,26,37
3276,1098,30,3
3277,1098,29,4
3278,1098,23,32
3279,1099,6,22
3280,1099,2,27
3281,1099,6,5
3282,1100,24,29
3283,1101,1,15
3284,1102,13,9
3285,1102,19,21
3286,1103,29,5
3287,1103,21,13
3288,1103,30,3
3289,1103,24,15
3290,1104,19,1
3291,1104,20,19
3292,1105,5,26
3293,1105,2,19
3294,1105,8,2
3295,1106,4,13
3296,1107,20,17
3297,1107,14,33
3298,1108,6,14
3299,1108,8,25
3300,1109,12,40
3301,1109,12,1
3302,1110,1,20
3303,1110,8,25
3304,1110,10,11
3305,1111,11,20
3306,1111,11,8
3307,1111,15,10
3308,1111,15,30
3309,1112,8,38
3310,1112,9,18
3311,1113,27,2
3312,1113,21,32
3313,1113,27,30
3314,1113,27,12
3315,1114,21,18
3316,1114,24,16
3317,1114,28,1
3318,1115,25,24
3319,1116,9,10
3320,1116,6,23
3321,1116,7,12
3322,1116,10,26
3323,1116,6,30
3324,1117,30,17
3325,1118,9,11
3326,1118,1,22
3327,1118,9,10
3328,1118,10,22
3329,1119,23,14
3330,1119,27,6
3331,1119,27,8
3332,1119,29,35
3333,1119,21,34
3334,1120,8,8
3335,1120,6,24
3336,1120,9,26
3337,1121,27,7
3338,1121,24,30
3339,1121,23,13
3340,1122,5,14
3341,1122,9,7
3342,1122,4,2
3343,1122,1,2
3344,1123,17,1
3345,1123,20,20
3346,1123,16,25
3347,1124,11,32
3348,1124,16,23
3349,1124,11,17
3350,1124,18,25
3351,1125,26,32
3352,1125,21,25
3353,1125,21,32
3354,1125,22,31
3355,1125,25,35
3356,1126,8,25
3357,1127,14,40
3358,1127,17,7
3359,1127,11,9
3360,1127,20,2
3361,1128,21,17
3362,1128,30,8
3363,1128,29,32
3364,1128,23,29
3365,1128,25,11
3366,1129,24,1
3367,1129,27,12
3368,1129,27,3
3369,1129,25,12
3370,1130,2,11
3371,1131,1,34
3372,1131,6,35
3373,1131,2,27
3374,1131,8,3
3375,1132,8,26
3376,1132,9,16
3377,1132,3,8
3378,1133,9,17
3379,1133,8,5
3380,1133,3,38
3381,1134,13,20
3382,1134,13,26
3383,1135,25,9
3384,1136,18,31
3385,1136,18,14
3386,1137,23,5
3387,1137,28,33
3388,1137,22,37
3389,1137,23,16
3390,1137,27,24
3391,1138,1,21
3392,1138,7,2
3393,1138,4,24
3394,1138,7,29
3395,1139,24,39
3396,1139,29,19
3397,1140,1,24
3398,1140,5,26
3399,1141,29,32
3400,1141,27,38
3401,1141,29,39
3402,1141,30,37
3403,1142,25,18
3404,1142,25,39
3405,1142,29,15
3406,1143,15,13
3407,1143,16,34
3408,1143,17,18
3409,1144,20,9
3410,1144,15,13
3411,1145,26,14
3412,1145,28,38
3413,1145,29,12
3414,1145,22,19
3415,1145,24,14
3416,1146,8,35
3417,1146,6,10
3418,1146,5,39
3419,1146,2,17
3420,1146,2,25
3421,1147,20,27
3422,1147,14,18
3423,1147,11,28
3424,1147,18,39
3425,1147,12,31
3426,1148,5,7
3427,1149,6,40
3428,1150,26,16
3429,1150,23,2
3430,1150,29,38
3431,1150,26,15
3432,1150,23,25
3433,1151,28,8
3434,1151,22,16
3435,1151,27,15
3436,1152,4,18
3437,1152,2,1
3438,1153,17,29
3439,1154,18,28
3440,1154,19,22
3441,1155,20,25
3442,1156,17,39
3443,1156,18,2
3444,1157,1,32
3445,1157,7,29
3446,1157,7,6
3447,1157,7,17
3448,1158,10,34
3449,1158,4,3
3450,1158,7,24
3451,1158,1,15
3452,1158,2,11
3453,1159,3,28
3454,1159,5,12
3455,1159,4,27
3456,1160,25,36
3457,1160,28,28
3458,1161,10,5
3459,1161,2,7
3460,1162,14,1
3461,1162,16,11
3462,1163,3,9
3463,1163,4,39
3464,1163,6,37
3465,1163,5,30
3466,1164,2,25
3467,1165,7,36
3468,1165,9,26
3469,1165,9,30
3470,1165,9,23
3471,1166,22,39
3472,1166,26,20
3473,1167,11,14
3474,1167,17,10
3475,1168,18,17
3476,1168,18,26
3477,1169,2,19
3478,1169,6,4
3479,1170,9,31
3480,1170,1,31
3481,1170,2,23
3482,1170,6,13
3483,1170,5,33
3484,1171,24,34
3485,1171,26,2
3486,1171,28,26
3487,1171,26,40
3488,1171,28,23
3489,1172,1,36
3490,1172,10,33
3491,1172,2,10
3492,1172,7,22
3493,1172,8,18
3494,1173,21,20
3495,1174,14,1
3496,1174,12,11
3497,1174,11,17
3498,1175,20,24
3499,1175,18,17
3500,1175,20,36
3501,1176,29,10
3502,1176,30,34
3503,1176,25,39
3504,1177,6,33
3505,1177,5,32
3506,1177,7,4
3507,1178,2,35
3508,1178,9,24
3509,1179,12,21
3510,1179,11,28
3511,1179,17,28
3512,1179,13,27
3513,1180,17,38
3514,1180,14,26
3515,1180,17,16
3516,1180,15,16
3517,1181,13,35
3518,1182,5,24
3519,1182,6,37
3520,1183,10,1
3521,1184,12,40
3522,1184,15,9
3523,1184,12,30
3524,1184,20,17
3525,1184,13,33
3526,1185,1,26
3527,1185,6,11
3528,1185,8,29
3529,1186,16,14
3530,1186,14,30
3531,1186,13,10
3532,1187,5,22
3533,1188,20,20
3534,1188,14,31
3535,1188,11,24
3536,1188,13,26
3537,1188,14,23
3538,1189,7,12
3539,1189,8,30
3540,1189,7,21
3541,1190,15,27
3542,1190,12,32
3543,1191,23,27
3544,1191,21,1
3545,1192,26,22
3546,1192,21,7
3547,1192,28,33
3548,1192,24,14
3549,1192,23,22
3550,1193,28,38
3551,1194,18,27
3552,1195,4,38
3553,1196,7,4
3554,1197,10,4
3555,1197,8,38
3556,1197,4,35
3557,1198,21,28
3558,1198,22,22
3559,1199,27,11
3560,1199,27,14
3561,1199,23,24
3562,1200,2,5
3563,1200,3,8
3564,1200,1,16
3565,1200,2,18
3566,1200,3,8
3567,1201,18,33
3568,1201,12,31
3569,1201,20,18
3570,1201,12,23
3571,1201,12,23
3572,1202,22,11
3573,1203,17,7
3574,1203,19,26
3575,1203,14,11
3576,1203,14,40
3577,1204,7,21
3578,1204,6,13
3579,1204,1,3
3580,1204,8,13
3581,1205,6,27
3582,1205,1,21
3583,1205,8,6
3584,1206,26,8
3585,1206,30,3
3586,1206,26,16
3587,1206,25,35
3588,1206,27,19
3589,1207,5,22
3590,1207,7,5
3591,1208,3,34
3592,1209,12,15
3593,1209,11,18
3594,1209,15,36
3595,1209,19,6
3596,1209,19,37
3597,1210,22,26
3598,1210,21,20
3599,1210,27,6
3600,1211,1,31
3601,1211,6,26
3602,1211,9,7
3603,1211,5,11
3604,1212,28,14
3605,1213,24,27
3606,1213,21,34
3607,1213,25,37
3608,1213,24,32
3609,1213,29,16
3610,1214,27,38
3611,1214,25,18
3612,1214,24,40
3613,1214,22,27
3614,1214,25,39
3615,1215,3,38
3616,1215,2,16
3617,1215,3,3
3618,1215,4,16
3619,1215,1,5
3620,1216,22,37
3621,1216,21,14
3622,1216,22,1
3623,1217,13,8
3624,1217,16,21
3625,1218,26,13
3626,1218,24,32
3627,1218,28,18
3628,1218,27,4
3629,1219,7,8
3630,1219,5,10
3631,1220,24,29
3632,1220,24,18
3633,1220,28,25
3634,1221,9,33
3635,1221,3,8
3636,1222,7,2
3637,1222,2,37
3638,1222,2,16
3639,1223,21,10
3640,1223,21,21
3641,1223,29,27
3642,1223,30,22
3643,1223,21,31
3644,1224,5,18
3645,1224,10,13
3646,1224,7,39
3647,1224,10,37
3648,1225,8,16
3649,1225,9,22
3650,1225,8,15
3651,1226,24,30
3652,1227,24,14
3653,1227,26,7
3654,1228,4,6
3655,1228,6,16
3656,1228,10,8
3657,1228,2,17
3658,1229,21,31
3659,1229,25,35
3660,1230,10,15
3661,1230,10,18
3662,1230,1,28
3663,1230,6,23
3664,1230,8,36
3665,1231,4,3
3666,1231,3,13
3667,1232,22,14
3668,1233,13,5
3669,1233,13,31
3670,1233,17,1
3671,1233,13,24
3672,1234,2,28
3673,1234,4,11
3674,1234,5,34
3675,1234,9,34
3676,1235,23,40
3677,1235,28,18
3678,1235,26,17
3679,1235,30,14
3680,1236,29,30
3681,1236,22,38
3682,1236,22,9
3683,1236,21,15
3684,1237,29,15
3685,1237,23,16
3686,1238,9,6
3687,1238,5,17
3688,1238,6,36
3689,1238,3,12
3690,1238,1,28
3691,1239,22,28
3692,1239,29,6
3693,1239,26,30
3694,1239,23,18
3695,1240,22,21
3696,1241,8,35
3697,1242,29,19
3698,1243,28,34
3699,1243,22,10
3700,1243,23,19
3701,1244,11,17
3702,1245,17,25
3703,1245,20,8
3704,1246,5,11
3705,1246,10,25
3706,1246,1,36
3707,1247,24,16
3708,1247,27,39
3709,1247,30,36
3710,1247,28,40
3711,1248,2,26
3712,1249,23,36
3713,1249,28,32
3714,1249,24,34
3715,1250,2,26
3716,1250,5,16
3717,1250,3,5
3718,1250,3,26
3719,1250,10,19
3720,1251,13,24
3721,1251,19,28
3722,1251,14,7
3723,1251,15,17
3724,1252,25,3
3725,1252,23,26
3726,1252,24,24
3727,1253,25,27
3728,1253,25,19
3729,1253,29,37
3730,1253,29,33
3731,1254,26,9
3732,1254,28,40
3733,1254,21,22
3734,1255,4,34
3735,1255,5,38
3736,1255,6,8
3737,1256,8,8
3738,1256,9,4
3739,1256,10,13
3740,1256,4,38
3741,1256,2,13
3742,1257,14,3
3743,1257,17,3
3744,1257,12,6
3745,1258,21,1
3746,1258,23,14
3747,1258,21,2
3748,1258,30,7
3749,1258,26,27
3750,1259,8,17
3751,1259,5,39
3752,1259,2,27
3753,1259,1,40
3754,1260,9,37
3755,1261,17,34
3756,1261,18,22
3757,1262,10,33
3758,1262,3,5
3759,1262,4,29
3760,1262,5,22
3761,1262,6,27
3762,1263,27,3
3763,1263,26,2
3764,1263,26,16
3765,1263,28,26
3766,1263,27,28
3767,1264,1,34
3768,1264,4,24
3769,1265,14,7
3770,1265,13,14
3771,1265,15,22
3772,1266,7,36
3773,1266,3,40
3774,1266,4,34
3775,1266,5,19
3776,1267,28,36
3777,1267,29,9
3778,1268,28,2
3779,1268,30,4
3780,1268,29,24
3781,1269,27,39
3782,1269,30,40
3783,1270,25,36
3784,1270,30,39
3785,1270,28,6
3786,1270,29,19
3787,1271,4,10
3788,1271,6,37
3789,1271,2,19
3790,1271,1,33
3791,1271,5,37
3792,1272,23,15
3793,1273,29,31
3794,1274,5,36
3795,1274,4,34
3796,1275,21,19
3797,1275,21,23
3798,1275,27,8
3799,1275,23,37
3800,1275,30,28
3801,1276,25,6
3802,1276,29,25
3803,1276,30,25
3804,1276,26,27
3805,1277,27,7
3806,1277,23,13
3807,1277,29,21
3808,1277,30,22
3809,1278,29,18
3810,1278,21,2
3811,1278,23,31
3812,1279,7,39
3813,1279,7,25
3814,1279,2,4
3815,1279,2,25
3816,1279,9,13
3817,1280,6,2
3818,1280,1,5
3819,1280,7,34
3820,1280,1,40
3821,1280,5,6
3822,1281,14,38
3823,1281,18,27
3824,1281,13,4
3825,1281,16,15
3826,1281,15,18
3827,1282,13,26
3828,1282,17,9
3829,1282,20,9
3830,1282,16,2
3831,1283,12,17
3832,1283,11,26
3833,1283,19,35
3834,1283,15,5
3835,1283,14,13
3836,1284,6,23
3837,1284,3,13
3838,1285,12,6
3839,1285,20,11
3840,1286,29,37
3841,1286,26,25
3842,1286,22,13
3843,1286,24,29
3844,1287,26,4
3845,1287,23,26
3846,1287,25,33
3847,1287,21,7
3848,1287,27,18
3849,1288,12,26
3850,1288,18,35
3851,1288,12,10
3852,1289,8,38
3853,1290,20,29
3854,1290,14,28
3855,1290,14,35
3856,1290,14,8
3857,1291,1,32
3858,1291,10,35
3859,1291,7,26
3860,1291,2,30
3861,1292,14,26
3862,1292,19,10
3863,1292,11,24
3864,1292,11,25
3865,1293,2,26
3866,1293,6,1
3867,1294,19,12
3868,1295,15,16
3869,1295,17,40
3870,1295,20,35
3871,1295,15,35
3872,1295,11,11
3873,1296,4,35
3874,1296,7,39
3875,1296,5,33
3876,1296,5,9
3877,1296,5,39
3878,1297,9,33
3879,1297,8,3
3880,1297,8,6
3881,1297,6,12
3882,1298,8,18
3883,1298,7,5
3884,1298,10,5
3885,1298,8,32
3886,1298,10,35
3887,1299,13,21
3888,1299,19,37
3889,1300,23,16
3890,1300,26,4
3891,1300,25,2
3892,1300,26,25
3893,1301,9,12
3894,1301,6,24
3895,1301,5,17
3896,1302,5,12
3897,1302,4,9
3898,1302,9,37
3899,1302,5,26
3900,1302,4,13
3901,1303,28,12
3902,1303,26,25
3903,1303,23,37
3904,1304,2,15
3905,1304,9,7
3906,1304,9,26
3907,1305,19,17
3908,1305,17,36
3909,1305,16,2
3910,1305,20,21
3911,1306,11,13
3912,1306,15,40
3913,1307,4,34
3914,1308,15,30
3915,1308,12,21
3916,1308,16,13
3917,1309,2,16
3918,1309,7,29
3919,1309,6,3
3920,1309,1,40
3921,1309,5,10
3922,1310,12,38
3923,1310,19,31
3924,1310,19,4
3925,1310,20,9
3926,1310,18,1
3927,1311,26,36
3928,1311,27,27
3929,1312,13,9
3930,1312,18,22
3931,1312,19,22
3932,1313,13,33
3933,1313,13,20
3934,1313,20,8
3935,1314,6,15
3936,1314,10,15
3937,1314,2,16
3938,1315,18,3
3939,1315,19,14
3940,1315,17,36
3941,1316,30,32
3942,1316,23,32
3943,1316,24,28
3944,1316,28,29
3945,1316,25,27
3946,1317,24,5
3947,1317,29,14
3948,1317,23,35
3949,1318,5,40
3950,1319,24,36
3951,1319,28,23
3952,1320,23,23
3953,1320,28,30
3954,1321,18,9
3955,1321,17,10
3956,1321,20,3
3957,1322,17,36
3958,1322,14,7
3959,1322,17,4
3960,1322,19,12
3961,1323,20,38
3962,1323,13,2
3963,1324,22,28
3964,1324,26,38
3965,1325,4,37
3966,1325,9,14
3967,1325,6,36
3968,1326,24,11
3969,1326,27,19
3970,1326,24,2
3971,1326,30,22
3972,1327,30,38
3973,1327,28,1
3974,1327,23,37
3975,1327,23,29
3976,1328,24,32
3977,1329,3,24
3978,1330,9,32
3979,1330,10,30
3980,1330,9,33
3981,1331,27,4
3982,1331,21,13
3983,1331,21,18
3984,1331,25,16
3985,1331,27,6
3986,1332,1,10
3987,1333,9,13
3988,1333,1,40
3989,1333,4,1
3990,1334,17,4
3991,1334,13,10
3992,1335,7,30
3993,1335,3,4
3994,1335,2,39
3995,1335,2,8
3996,1336,3,22
3997,1336,9,29
3998,1336,4,13
3999,1336,10,14
4000,1337,18,20
4001,1337,19,7
4002,1338,3,22
4003,1338,1,37
4004,1338,6,9
4005,1338,3,39
4006,1338,5,25
4007,1339,21,14
4008,1340,3,18
4009,1341,6,25
4010,1341,5,9
4011,1341,4,2
4012,1341,5,5
4013,1341,3,2
4014,1342,18,18
4015,1342,11,11
4016,1342,20,40
4017,1342,11,29
4018,1342,12,28
4019,1343,6,21
4020,1344,14,19
4021,1345,6,26
4022,1345,8,37
4023,1345,8,24
4024,1345,7,20
4025,1345,10,5
4026,1346,18,7
4027,1346,13,17
4028,1346,18,28
4029,1347,29,15
4030,1347,22,29
4031,1347,27,18
4032,1347,22,32
4033,1348,22,10
4034,1348,30,2
4035,1348,22,22
4036,1348,21,30
4037,1349,2,16
4038,1349,1,30
4039,1349,4,22
4040,1349,2,4
4041,1350,11,2
4042,1350,20,28
4043,1351,15,32
4044,1351,11,14
4045,1351,12,36
4046,1351,11,22
4047,1351,14,13
4048,1352,16,38
4049,1353,17,27
4050,1353,17,7
4051,1353,15,22
4052,1354,21,2
4053,1354,25,38
4054,1354,24,35
4055,1355,16,12
4056,1356,27,39
4057,1356,29,32
4058,1356,24,5
4059,1356,24,30
4060,1357,22,10
4061,1357,24,32
4062,1357,25,4
4063,1357,28,31
4064,1358,20,39
4065,1358,15,38
4066,1358,20,8
4067,1358,20,29
4068,1358,11,5
4069,1359,3,7
4070,1359,2,27
4071,1359,1,11
4072,1359,1,17
4073,1359,2,35
4074,1360,28,10
4075,1360,22,6
4076,1360,28,2
4077,1360,29,33
4078,1360,30,19
4079,1361,18,23
4080,1362,15,35
4081,1363,5,39
4082,1364,23,39
4083,1364,27,36
4084,1364,29,10
4085,1365,20,23
4086,1366,19,16
4087,1366,13,32
4088,1366,15,36
4089,1366,19,15
4090,1367,25,3
4091,1367,30,27
4092,1368,27,35
4093,1368,24,17
4094,1368,30,28
4095,1368,21,18
4096,1369,3,11
4097,1369,6,38
4098,1369,4,27
4099,1369,5,35
4100,1370,14,40
4101,1370,11,28
4102,1370,13,17
4103,1370,17,31
4104,1370,13,34
4105,1371,22,38
4106,1371,24,23
4107,1372,6,12
4108,1373,23,24
4109,1374,24,19
4110,1375,9,9
4111,1376,7,30
4112,1377,25,27
4113,1377,29,7
4114,1377,24,21
4115,1377,30,12
4116,1378,20,26
4117,1378,20,36
4118,1379,15,21
4119,1379,11,8
4120,1379,12,40
4121,1379,13,39
4122,1379,13,4
4123,1380,7,4
4124,1381,2,33
4125,1381,10,17
4126,1382,5,9
4127,1382,5,34
4128,1382,10,17
4129,1382,3,4
4130,1382,5,25
4131,1383,20,28
4132,1383,17,32
4133,1383,17,4
4134,1383,16,28
4135,1383,15,11
4136,1384,18,20
4137,1384,16,15
4138,1384,14,33
4139,1384,20,2
4140,1384,17,9
4141,1385,5,4
4142,1385,2,26
4143,1385,6,39
4144,1386,23,10
4145,1387,13,21
4146,1387,20,5
4147,1387,17,2
4148,1387,12,6
4149,1388,17,4
4150,1388,11,35
4151,1388,11,7
4152,1388,18,38
4153,1388,19,26
4154,1389,8,1
4155,1389,5,29
4156,1389,3,27
4157,1390,13,8
4158,1391,30,25
4159,1391,29,4
4160,1391,28,36
4161,1392,4,33
4162,1392,6,17
4163,1392,6,18
4164,1392,1,3
4165,1392,7,17
4166,1393,12,9
4167,1394,30,6
4168,1394,28,29
4169,1394,27,14
4170,1394,24,19
4171,1395,28,23
4172,1396,11,25
4173,1396,20,15
4174,1397,21,3
4175,1397,22,33
4176,1397,22,26
4177,1398,16,17
4178,1398,15,28
4179,1398,11,35
4180,1399,22,1
4181,1399,26,16
4182,1399,30,8
4183,1399,23,35
4184,1399,28,33
4185,1400,30,4
4186,1400,25,21
